sample_id,artifact_role,path_local,file_sha256,size_bytes,route_file_sha256,vehicle_structure,map,outcome_recovery_status,outcome_label,transfer_reason
SHANYU000-7acdae40b1b2d754,route_npz,D:\SIX_Manual_Config\five_axis_delivery_20260810\实际运行代码\route_experiments\cross1_rebuilt_v2\cross_1.npz,7acdae40b1b2d7549f86fbab449651d20d94279ceef535a14bb7b076d83a6c23,238646,7acdae40b1b2d7549f86fbab449651d20d94279ceef535a14bb7b076d83a6c23,five_axis_explicit,cross_1,has_metrics_no_final_label,,matched_route_for_outcome_evidence
SHANYU000-7acdae40b1b2d754,outcome_source,D:\SIX_Manual_Config\_inspect_20260810_five_axis\实际运行代码\route_experiments\cross1_rebuilt_v2\summary.csv,125409ae2ee5c17a804c239c61494bb129fdb2766c007f4aad9ee2de11a02d80,1038,7acdae40b1b2d7549f86fbab449651d20d94279ceef535a14bb7b076d83a6c23,five_axis_explicit,cross_1,has_metrics_no_final_label,,primary_or_supporting_outcome_evidence
SHANYU000-7acdae40b1b2d754,outcome_source,D:\SIX_Manual_Config\_inspect_20260810_five_axis\实际运行代码\route_experiments\cross_rebuilt_current\summary.csv,d5d13210faa28a4d9578933112c977f1cfd623c6381461a785d27af5a11ac4b9,1040,7acdae40b1b2d7549f86fbab449651d20d94279ceef535a14bb7b076d83a6c23,five_axis_explicit,cross_1,has_metrics_no_final_label,,primary_or_supporting_outcome_evidence
SHANYU000-7acdae40b1b2d754,outcome_source,D:\SIX_Manual_Config\_runs\20260810_五轴_v4_规划速度检查\实际运行代码\route_experiments\cross1_rebuilt_v2\summary.csv,125409ae2ee5c17a804c239c61494bb129fdb2766c007f4aad9ee2de11a02d80,1038,7acdae40b1b2d7549f86fbab449651d20d94279ceef535a14bb7b076d83a6c23,five_axis_explicit,cross_1,has_metrics_no_final_label,,primary_or_supporting_outcome_evidence
SHANYU000-9f04672560fef151,route_npz,D:\SIX_Manual_Config\five_axis_delivery_20260810\实际运行代码\route_experiments\overpass2_rebuilt_v1\overpass_2.npz,9f04672560fef15137e2ab4ed914a4d0590dc8f89a17c8d4765737086ad07c5c,1850600,9f04672560fef15137e2ab4ed914a4d0590dc8f89a17c8d4765737086ad07c5c,five_axis_explicit,overpass_2,has_metrics_no_final_label,,matched_route_for_outcome_evidence
SHANYU000-9f04672560fef151,outcome_source,D:\SIX_Manual_Config\_inspect_20260810_five_axis\实际运行代码\route_experiments\overpass2_rebuilt_v1\summary.csv,26e2c0ca2173815dc2ea01fd9c59319a2db2843c85a834fa4233669ff91f007c,1084,9f04672560fef15137e2ab4ed914a4d0590dc8f89a17c8d4765737086ad07c5c,five_axis_explicit,overpass_2,has_metrics_no_final_label,,primary_or_supporting_outcome_evidence
SHANYU000-9f04672560fef151,outcome_source,D:\SIX_Manual_Config\_runs\20260810_五轴_v4_规划速度检查\实际运行代码\route_experiments\overpass2_rebuilt_v1\summary.csv,26e2c0ca2173815dc2ea01fd9c59319a2db2843c85a834fa4233669ff91f007c,1084,9f04672560fef15137e2ab4ed914a4d0590dc8f89a17c8d4765737086ad07c5c,five_axis_explicit,overpass_2,has_metrics_no_final_label,,primary_or_supporting_outcome_evidence
SHANYU000-9f04672560fef151,outcome_source,D:\SIX_Manual_Config\five_axis_delivery_20260810\实际运行代码\route_experiments\overpass2_rebuilt_v1\summary.csv,26e2c0ca2173815dc2ea01fd9c59319a2db2843c85a834fa4233669ff91f007c,1084,9f04672560fef15137e2ab4ed914a4d0590dc8f89a17c8d4765737086ad07c5c,five_axis_explicit,overpass_2,has_metrics_no_final_label,,primary_or_supporting_outcome_evidence
SHANYU000-9c06037b7dc818d9,route_npz,D:\SIX_Manual_Config\five_axis_delivery_20260810\实际运行代码\route_experiments\overpass_rebuilt_v1\overpass_1.npz,9c06037b7dc818d9645e0d974af9e402f0c71784ae161a3e1b7857ffc88b4f2f,1490639,9c06037b7dc818d9645e0d974af9e402f0c71784ae161a3e1b7857ffc88b4f2f,five_axis_explicit,overpass_1,has_metrics_no_final_label,,matched_route_for_outcome_evidence
SHANYU000-9c06037b7dc818d9,outcome_source,D:\SIX_Manual_Config\_inspect_20260810_five_axis\实际运行代码\route_experiments\overpass_rebuilt_v1\summary.csv,e58275d21fa7a499d5f47eb97b5f39be6ce012df9002111df5542c29c431140e,1106,9c06037b7dc818d9645e0d974af9e402f0c71784ae161a3e1b7857ffc88b4f2f,five_axis_explicit,overpass_1,has_metrics_no_final_label,,primary_or_supporting_outcome_evidence
SHANYU000-9c06037b7dc818d9,outcome_source,D:\SIX_Manual_Config\_runs\20260810_五轴_v4_规划速度检查\实际运行代码\route_experiments\overpass_rebuilt_v1\summary.csv,e58275d21fa7a499d5f47eb97b5f39be6ce012df9002111df5542c29c431140e,1106,9c06037b7dc818d9645e0d974af9e402f0c71784ae161a3e1b7857ffc88b4f2f,five_axis_explicit,overpass_1,has_metrics_no_final_label,,primary_or_supporting_outcome_evidence
SHANYU000-9c06037b7dc818d9,outcome_source,D:\SIX_Manual_Config\five_axis_delivery_20260810\实际运行代码\route_experiments\overpass_rebuilt_v1\summary.csv,e58275d21fa7a499d5f47eb97b5f39be6ce012df9002111df5542c29c431140e,1106,9c06037b7dc818d9645e0d974af9e402f0c71784ae161a3e1b7857ffc88b4f2f,five_axis_explicit,overpass_1,has_metrics_no_final_label,,primary_or_supporting_outcome_evidence
SHANYU000-8c5b45871579e12e,route_npz,D:\SIX_Manual_Config\five_axis_delivery_20260810\实际运行代码\route_experiments\turnaround_rebuilt_v1\turnaround_1.npz,8c5b45871579e12e64500b294a00bbdc62a99e8bf1f00ec2fb314e7fedb79abd,180402,8c5b45871579e12e64500b294a00bbdc62a99e8bf1f00ec2fb314e7fedb79abd,five_axis_explicit,turnaround_1,has_metrics_no_final_label,,matched_route_for_outcome_evidence
SHANYU000-8c5b45871579e12e,outcome_source,D:\SIX_Manual_Config\_inspect_20260810_five_axis\实际运行代码\route_experiments\turnaround_rebuilt_v1\summary.csv,68713997b93a17e805d525c21a9b097ed3147b8c5f040714ea1d334d95ca0586,1070,8c5b45871579e12e64500b294a00bbdc62a99e8bf1f00ec2fb314e7fedb79abd,five_axis_explicit,turnaround_1,has_metrics_no_final_label,,primary_or_supporting_outcome_evidence
SHANYU000-8c5b45871579e12e,outcome_source,D:\SIX_Manual_Config\_runs\20260810_五轴_v4_规划速度检查\实际运行代码\route_experiments\turnaround_rebuilt_v1\summary.csv,68713997b93a17e805d525c21a9b097ed3147b8c5f040714ea1d334d95ca0586,1070,8c5b45871579e12e64500b294a00bbdc62a99e8bf1f00ec2fb314e7fedb79abd,five_axis_explicit,turnaround_1,has_metrics_no_final_label,,primary_or_supporting_outcome_evidence
SHANYU000-8c5b45871579e12e,outcome_source,D:\SIX_Manual_Config\five_axis_delivery_20260810\实际运行代码\route_experiments\turnaround_rebuilt_v1\summary.csv,68713997b93a17e805d525c21a9b097ed3147b8c5f040714ea1d334d95ca0586,1070,8c5b45871579e12e64500b294a00bbdc62a99e8bf1f00ec2fb314e7fedb79abd,five_axis_explicit,turnaround_1,has_metrics_no_final_label,,primary_or_supporting_outcome_evidence
SHANYU000-9d99b77e89e9c764,route_npz,D:\SIX_Manual_Config\fusion_5axis_6axis\vehicle_profiles\five_axis\race_guidance_control\routes\five_axis_ay_v1_release\cliff_1.npz,9d99b77e89e9c764260f10eb4bd704859a485faa9a3157753fe91794e9059b8d,85128,9d99b77e89e9c764260f10eb4bd704859a485faa9a3157753fe91794e9059b8d,five_axis_explicit,cliff_1,has_metrics_no_final_label,,matched_route_for_outcome_evidence
SHANYU000-9d99b77e89e9c764,outcome_source,D:\SIX_Manual_Config\fusion_5axis_6axis\vehicle_profiles\five_axis\race_guidance_control\routes\five_axis_ay_v1_release\summary.csv,21ddcbc33f3551e85945607b554efb6bce4ac582209aef4a0f2de87a86560f70,8373,9d99b77e89e9c764260f10eb4bd704859a485faa9a3157753fe91794e9059b8d,five_axis_explicit,cliff_1,has_metrics_no_final_label,,primary_or_supporting_outcome_evidence
SHANYU000-9d99b77e89e9c764,outcome_source,D:\SIX_Manual_Config\tmp\fusion_analysis_20260809\five\20260808_five_axis_final_current\race_guidance_control\routes\five_axis_ay_v1_release\summary.csv,21ddcbc33f3551e85945607b554efb6bce4ac582209aef4a0f2de87a86560f70,8373,9d99b77e89e9c764260f10eb4bd704859a485faa9a3157753fe91794e9059b8d,five_axis_explicit,cliff_1,has_metrics_no_final_label,,primary_or_supporting_outcome_evidence
SHANYU000-799d595a8db688b8,route_npz,D:\SIX_Manual_Config\fusion_5axis_6axis\vehicle_profiles\five_axis\race_guidance_control\routes\five_axis_ay_v1_release\cliff_2.npz,799d595a8db688b8dfaaba23eda0816597446c1467d1ac8525c194efc238f6ce,306708,799d595a8db688b8dfaaba23eda0816597446c1467d1ac8525c194efc238f6ce,five_axis_explicit,cliff_2,has_metrics_no_final_label,,matched_route_for_outcome_evidence
SHANYU000-799d595a8db688b8,outcome_source,D:\SIX_Manual_Config\fusion_5axis_6axis\vehicle_profiles\five_axis\race_guidance_control\routes\five_axis_ay_v1_release\summary.csv,21ddcbc33f3551e85945607b554efb6bce4ac582209aef4a0f2de87a86560f70,8373,799d595a8db688b8dfaaba23eda0816597446c1467d1ac8525c194efc238f6ce,five_axis_explicit,cliff_2,has_metrics_no_final_label,,primary_or_supporting_outcome_evidence
SHANYU000-799d595a8db688b8,outcome_source,D:\SIX_Manual_Config\tmp\fusion_analysis_20260809\five\20260808_five_axis_final_current\race_guidance_control\routes\five_axis_ay_v1_release\summary.csv,21ddcbc33f3551e85945607b554efb6bce4ac582209aef4a0f2de87a86560f70,8373,799d595a8db688b8dfaaba23eda0816597446c1467d1ac8525c194efc238f6ce,five_axis_explicit,cliff_2,has_metrics_no_final_label,,primary_or_supporting_outcome_evidence
SHANYU000-02235851c056ce5a,route_npz,D:\SIX_Manual_Config\fusion_5axis_6axis\vehicle_profiles\five_axis\race_guidance_control\routes\five_axis_ay_v1_release\cross_1.npz,02235851c056ce5afb097b2810c74815aa164f6f47ff2352f0cbcf0c5cc76205,180636,02235851c056ce5afb097b2810c74815aa164f6f47ff2352f0cbcf0c5cc76205,five_axis_explicit,cross_1,has_metrics_no_final_label,,matched_route_for_outcome_evidence
SHANYU000-02235851c056ce5a,outcome_source,D:\SIX_Manual_Config\fusion_5axis_6axis\vehicle_profiles\five_axis\race_guidance_control\routes\five_axis_ay_v1_release\summary.csv,21ddcbc33f3551e85945607b554efb6bce4ac582209aef4a0f2de87a86560f70,8373,02235851c056ce5afb097b2810c74815aa164f6f47ff2352f0cbcf0c5cc76205,five_axis_explicit,cross_1,has_metrics_no_final_label,,primary_or_supporting_outcome_evidence
SHANYU000-02235851c056ce5a,outcome_source,D:\SIX_Manual_Config\tmp\fusion_analysis_20260809\five\20260808_five_axis_final_current\race_guidance_control\routes\five_axis_ay_v1_release\summary.csv,21ddcbc33f3551e85945607b554efb6bce4ac582209aef4a0f2de87a86560f70,8373,02235851c056ce5afb097b2810c74815aa164f6f47ff2352f0cbcf0c5cc76205,five_axis_explicit,cross_1,has_metrics_no_final_label,,primary_or_supporting_outcome_evidence
SHANYU000-272c7b0efad8b03b,route_npz,D:\SIX_Manual_Config\fusion_5axis_6axis\vehicle_profiles\five_axis\race_guidance_control\routes\five_axis_ay_v1_release\cross_2.npz,272c7b0efad8b03b0d1a7bc0279cf09472255272292041e2a7b85c435d4eacf8,163200,272c7b0efad8b03b0d1a7bc0279cf09472255272292041e2a7b85c435d4eacf8,five_axis_explicit,cross_2,has_metrics_no_final_label,,matched_route_for_outcome_evidence
SHANYU000-272c7b0efad8b03b,outcome_source,D:\SIX_Manual_Config\fusion_5axis_6axis\vehicle_profiles\five_axis\race_guidance_control\routes\five_axis_ay_v1_release\summary.csv,21ddcbc33f3551e85945607b554efb6bce4ac582209aef4a0f2de87a86560f70,8373,272c7b0efad8b03b0d1a7bc0279cf09472255272292041e2a7b85c435d4eacf8,five_axis_explicit,cross_2,has_metrics_no_final_label,,primary_or_supporting_outcome_evidence
SHANYU000-272c7b0efad8b03b,outcome_source,D:\SIX_Manual_Config\tmp\fusion_analysis_20260809\five\20260808_five_axis_final_current\race_guidance_control\routes\five_axis_ay_v1_release\summary.csv,21ddcbc33f3551e85945607b554efb6bce4ac582209aef4a0f2de87a86560f70,8373,272c7b0efad8b03b0d1a7bc0279cf09472255272292041e2a7b85c435d4eacf8,five_axis_explicit,cross_2,has_metrics_no_final_label,,primary_or_supporting_outcome_evidence
SHANYU000-5c3fd62884c51d03,route_npz,D:\SIX_Manual_Config\fusion_5axis_6axis\vehicle_profiles\five_axis\race_guidance_control\routes\five_axis_ay_v1_release\mounarea_1.npz,5c3fd62884c51d038175248e28b4de4cb5620e524258b737e70472fed0dfc430,537037,5c3fd62884c51d038175248e28b4de4cb5620e524258b737e70472fed0dfc430,five_axis_explicit,mounarea_1,has_metrics_no_final_label,,matched_route_for_outcome_evidence
SHANYU000-5c3fd62884c51d03,outcome_source,D:\SIX_Manual_Config\fusion_5axis_6axis\vehicle_profiles\five_axis\race_guidance_control\routes\five_axis_ay_v1_release\summary.csv,21ddcbc33f3551e85945607b554efb6bce4ac582209aef4a0f2de87a86560f70,8373,5c3fd62884c51d038175248e28b4de4cb5620e524258b737e70472fed0dfc430,five_axis_explicit,mounarea_1,has_metrics_no_final_label,,primary_or_supporting_outcome_evidence
SHANYU000-5c3fd62884c51d03,outcome_source,D:\SIX_Manual_Config\tmp\fusion_analysis_20260809\five\20260808_five_axis_final_current\race_guidance_control\routes\five_axis_ay_v1_release\summary.csv,21ddcbc33f3551e85945607b554efb6bce4ac582209aef4a0f2de87a86560f70,8373,5c3fd62884c51d038175248e28b4de4cb5620e524258b737e70472fed0dfc430,five_axis_explicit,mounarea_1,has_metrics_no_final_label,,primary_or_supporting_outcome_evidence
SHANYU000-f7d9a0ae5fb6019c,route_npz,D:\SIX_Manual_Config\fusion_5axis_6axis\vehicle_profiles\five_axis\race_guidance_control\routes\five_axis_ay_v1_release\mounarea_2.npz,f7d9a0ae5fb6019ceef36b27bf0c9eb8e7e2dbd3d582b3ab8a00289fd40d4aef,275301,f7d9a0ae5fb6019ceef36b27bf0c9eb8e7e2dbd3d582b3ab8a00289fd40d4aef,five_axis_explicit,mounarea_2,has_metrics_no_final_label,,matched_route_for_outcome_evidence
SHANYU000-f7d9a0ae5fb6019c,outcome_source,D:\SIX_Manual_Config\fusion_5axis_6axis\vehicle_profiles\five_axis\race_guidance_control\routes\five_axis_ay_v1_release\summary.csv,21ddcbc33f3551e85945607b554efb6bce4ac582209aef4a0f2de87a86560f70,8373,f7d9a0ae5fb6019ceef36b27bf0c9eb8e7e2dbd3d582b3ab8a00289fd40d4aef,five_axis_explicit,mounarea_2,has_metrics_no_final_label,,primary_or_supporting_outcome_evidence
SHANYU000-f7d9a0ae5fb6019c,outcome_source,D:\SIX_Manual_Config\tmp\fusion_analysis_20260809\five\20260808_five_axis_final_current\race_guidance_control\routes\five_axis_ay_v1_release\summary.csv,21ddcbc33f3551e85945607b554efb6bce4ac582209aef4a0f2de87a86560f70,8373,f7d9a0ae5fb6019ceef36b27bf0c9eb8e7e2dbd3d582b3ab8a00289fd40d4aef,five_axis_explicit,mounarea_2,has_metrics_no_final_label,,primary_or_supporting_outcome_evidence
SHANYU000-e0bf6047e2ec1b88,route_npz,D:\SIX_Manual_Config\fusion_5axis_6axis\vehicle_profiles\five_axis\race_guidance_control\routes\five_axis_ay_v1_release\narrow_1.npz,e0bf6047e2ec1b8837a835cb0081e62ebe4388e7602d945ea95129009d999802,32893,e0bf6047e2ec1b8837a835cb0081e62ebe4388e7602d945ea95129009d999802,five_axis_explicit,narrow_1,has_metrics_no_final_label,,matched_route_for_outcome_evidence
SHANYU000-e0bf6047e2ec1b88,outcome_source,D:\SIX_Manual_Config\fusion_5axis_6axis\vehicle_profiles\five_axis\race_guidance_control\routes\five_axis_ay_v1_release\summary.csv,21ddcbc33f3551e85945607b554efb6bce4ac582209aef4a0f2de87a86560f70,8373,e0bf6047e2ec1b8837a835cb0081e62ebe4388e7602d945ea95129009d999802,five_axis_explicit,narrow_1,has_metrics_no_final_label,,primary_or_supporting_outcome_evidence
SHANYU000-e0bf6047e2ec1b88,outcome_source,D:\SIX_Manual_Config\tmp\fusion_analysis_20260809\five\20260808_five_axis_final_current\race_guidance_control\routes\five_axis_ay_v1_release\summary.csv,21ddcbc33f3551e85945607b554efb6bce4ac582209aef4a0f2de87a86560f70,8373,e0bf6047e2ec1b8837a835cb0081e62ebe4388e7602d945ea95129009d999802,five_axis_explicit,narrow_1,has_metrics_no_final_label,,primary_or_supporting_outcome_evidence
SHANYU000-e59fd6e0bc55e537,route_npz,D:\SIX_Manual_Config\fusion_5axis_6axis\vehicle_profiles\five_axis\race_guidance_control\routes\five_axis_ay_v1_release\overpass_1.npz,e59fd6e0bc55e537da2387b2a18486e8d3deca593ce5b8cecaa31727cb0b0b3a,1132367,e59fd6e0bc55e537da2387b2a18486e8d3deca593ce5b8cecaa31727cb0b0b3a,five_axis_explicit,overpass_1,has_metrics_no_final_label,,matched_route_for_outcome_evidence
SHANYU000-e59fd6e0bc55e537,outcome_source,D:\SIX_Manual_Config\fusion_5axis_6axis\vehicle_profiles\five_axis\race_guidance_control\routes\five_axis_ay_v1_release\summary.csv,21ddcbc33f3551e85945607b554efb6bce4ac582209aef4a0f2de87a86560f70,8373,e59fd6e0bc55e537da2387b2a18486e8d3deca593ce5b8cecaa31727cb0b0b3a,five_axis_explicit,overpass_1,has_metrics_no_final_label,,primary_or_supporting_outcome_evidence
SHANYU000-e59fd6e0bc55e537,outcome_source,D:\SIX_Manual_Config\tmp\fusion_analysis_20260809\five\20260808_five_axis_final_current\race_guidance_control\routes\five_axis_ay_v1_release\summary.csv,21ddcbc33f3551e85945607b554efb6bce4ac582209aef4a0f2de87a86560f70,8373,e59fd6e0bc55e537da2387b2a18486e8d3deca593ce5b8cecaa31727cb0b0b3a,five_axis_explicit,overpass_1,has_metrics_no_final_label,,primary_or_supporting_outcome_evidence
SHANYU000-81c02210337b1312,route_npz,D:\SIX_Manual_Config\fusion_5axis_6axis\vehicle_profiles\five_axis\race_guidance_control\routes\five_axis_ay_v1_release\overpass_2.npz,81c02210337b13127400fd269ed58ca2bf0de954dd9bb4adc2acebc453110a14,1399529,81c02210337b13127400fd269ed58ca2bf0de954dd9bb4adc2acebc453110a14,five_axis_explicit,overpass_2,has_metrics_no_final_label,,matched_route_for_outcome_evidence
SHANYU000-81c02210337b1312,outcome_source,D:\SIX_Manual_Config\fusion_5axis_6axis\vehicle_profiles\five_axis\race_guidance_control\routes\five_axis_ay_v1_release\summary.csv,21ddcbc33f3551e85945607b554efb6bce4ac582209aef4a0f2de87a86560f70,8373,81c02210337b13127400fd269ed58ca2bf0de954dd9bb4adc2acebc453110a14,five_axis_explicit,overpass_2,has_metrics_no_final_label,,primary_or_supporting_outcome_evidence
SHANYU000-81c02210337b1312,outcome_source,D:\SIX_Manual_Config\tmp\fusion_analysis_20260809\five\20260808_five_axis_final_current\race_guidance_control\routes\five_axis_ay_v1_release\summary.csv,21ddcbc33f3551e85945607b554efb6bce4ac582209aef4a0f2de87a86560f70,8373,81c02210337b13127400fd269ed58ca2bf0de954dd9bb4adc2acebc453110a14,five_axis_explicit,overpass_2,has_metrics_no_final_label,,primary_or_supporting_outcome_evidence
SHANYU000-ba611f17017542d8,route_npz,D:\SIX_Manual_Config\fusion_5axis_6axis\vehicle_profiles\five_axis\race_guidance_control\routes\five_axis_ay_v1_release\ramp_1.npz,ba611f17017542d8c1b41e30e3bc78ea353082703caf4e9b1bbb46300071ff1f,491351,ba611f17017542d8c1b41e30e3bc78ea353082703caf4e9b1bbb46300071ff1f,five_axis_explicit,ramp_1,has_metrics_no_final_label,,matched_route_for_outcome_evidence
SHANYU000-ba611f17017542d8,outcome_source,D:\SIX_Manual_Config\fusion_5axis_6axis\vehicle_profiles\five_axis\race_guidance_control\routes\five_axis_ay_v1_release\summary.csv,21ddcbc33f3551e85945607b554efb6bce4ac582209aef4a0f2de87a86560f70,8373,ba611f17017542d8c1b41e30e3bc78ea353082703caf4e9b1bbb46300071ff1f,five_axis_explicit,ramp_1,has_metrics_no_final_label,,primary_or_supporting_outcome_evidence
SHANYU000-ba611f17017542d8,outcome_source,D:\SIX_Manual_Config\tmp\fusion_analysis_20260809\five\20260808_five_axis_final_current\race_guidance_control\routes\five_axis_ay_v1_release\summary.csv,21ddcbc33f3551e85945607b554efb6bce4ac582209aef4a0f2de87a86560f70,8373,ba611f17017542d8c1b41e30e3bc78ea353082703caf4e9b1bbb46300071ff1f,five_axis_explicit,ramp_1,has_metrics_no_final_label,,primary_or_supporting_outcome_evidence
SHANYU000-8beaf3fbead4f371,route_npz,D:\SIX_Manual_Config\fusion_5axis_6axis\vehicle_profiles\five_axis\race_guidance_control\routes\five_axis_ay_v1_release\ramp_2.npz,8beaf3fbead4f37151b284dcbd64b761bde6ae438b949681bd52c991e299e2d4,679927,8beaf3fbead4f37151b284dcbd64b761bde6ae438b949681bd52c991e299e2d4,five_axis_explicit,ramp_2,has_metrics_no_final_label,,matched_route_for_outcome_evidence
SHANYU000-8beaf3fbead4f371,outcome_source,D:\SIX_Manual_Config\fusion_5axis_6axis\vehicle_profiles\five_axis\race_guidance_control\routes\five_axis_ay_v1_release\summary.csv,21ddcbc33f3551e85945607b554efb6bce4ac582209aef4a0f2de87a86560f70,8373,8beaf3fbead4f37151b284dcbd64b761bde6ae438b949681bd52c991e299e2d4,five_axis_explicit,ramp_2,has_metrics_no_final_label,,primary_or_supporting_outcome_evidence
SHANYU000-8beaf3fbead4f371,outcome_source,D:\SIX_Manual_Config\tmp\fusion_analysis_20260809\five\20260808_five_axis_final_current\race_guidance_control\routes\five_axis_ay_v1_release\summary.csv,21ddcbc33f3551e85945607b554efb6bce4ac582209aef4a0f2de87a86560f70,8373,8beaf3fbead4f37151b284dcbd64b761bde6ae438b949681bd52c991e299e2d4,five_axis_explicit,ramp_2,has_metrics_no_final_label,,primary_or_supporting_outcome_evidence
SHANYU000-21afd69d48ca8443,route_npz,D:\SIX_Manual_Config\fusion_5axis_6axis\vehicle_profiles\five_axis\race_guidance_control\routes\five_axis_ay_v1_release\turnaround_1.npz,21afd69d48ca8443ad82b908e68a2c2036d5531e2f87a6e8909d86e7f4d525c3,162789,21afd69d48ca8443ad82b908e68a2c2036d5531e2f87a6e8909d86e7f4d525c3,five_axis_explicit,turnaround_1,has_metrics_no_final_label,,matched_route_for_outcome_evidence
SHANYU000-21afd69d48ca8443,outcome_source,D:\SIX_Manual_Config\fusion_5axis_6axis\vehicle_profiles\five_axis\race_guidance_control\routes\five_axis_ay_v1_release\summary.csv,21ddcbc33f3551e85945607b554efb6bce4ac582209aef4a0f2de87a86560f70,8373,21afd69d48ca8443ad82b908e68a2c2036d5531e2f87a6e8909d86e7f4d525c3,five_axis_explicit,turnaround_1,has_metrics_no_final_label,,primary_or_supporting_outcome_evidence
SHANYU000-21afd69d48ca8443,outcome_source,D:\SIX_Manual_Config\tmp\fusion_analysis_20260809\five\20260808_five_axis_final_current\race_guidance_control\routes\five_axis_ay_v1_release\summary.csv,21ddcbc33f3551e85945607b554efb6bce4ac582209aef4a0f2de87a86560f70,8373,21afd69d48ca8443ad82b908e68a2c2036d5531e2f87a6e8909d86e7f4d525c3,five_axis_explicit,turnaround_1,has_metrics_no_final_label,,primary_or_supporting_outcome_evidence
SHANYU000-939baebbfc1e42cc,route_npz,D:\SIX_Manual_Config\grg_p5_5axis_adaptation_20260813\runs\cold_start_batch_all12_v3\map_builds\cliff_1\cliff_1.npz,939baebbfc1e42cccdff9abc4acf32a2c855a11f13cfafb4fa2b84aca6f27e77,107166,939baebbfc1e42cccdff9abc4acf32a2c855a11f13cfafb4fa2b84aca6f27e77,five_axis_explicit,cliff_1,has_metrics_no_final_label,,matched_route_for_outcome_evidence
SHANYU000-939baebbfc1e42cc,outcome_source,D:\SIX_Manual_Config\grg_p5_5axis_adaptation_20260813\runs\cold_start_batch_all12_v3\map_builds\cliff_1\summary.csv,429da5f057887692210c7c04b96f456f36c5b21ea86c185418fccdeaa1fd8e0e,1041,939baebbfc1e42cccdff9abc4acf32a2c855a11f13cfafb4fa2b84aca6f27e77,five_axis_explicit,cliff_1,has_metrics_no_final_label,,primary_or_supporting_outcome_evidence
SHANYU000-939baebbfc1e42cc,outcome_source,D:\SIX_Manual_Config\grg_p5_5axis_adaptation_20260813\runs\general_planner_all12_v1\cold_start\map_builds\cliff_1\summary.csv,7ec252e647c9204f8953bce05e3b10523bf0402f196fe61059d0ec39cd6d0f74,1041,939baebbfc1e42cccdff9abc4acf32a2c855a11f13cfafb4fa2b84aca6f27e77,five_axis_explicit,cliff_1,has_metrics_no_final_label,,primary_or_supporting_outcome_evidence
SHANYU000-939baebbfc1e42cc,outcome_source,D:\SIX_Manual_Config\grg_p5_5axis_adaptation_20260813\runs\general_planner_all12_v2\cold_start\map_builds\cliff_1\summary.csv,01a6d58553ef7de708d0a4d50a9b680c024189006598b1525a219a949667c68d,1040,939baebbfc1e42cccdff9abc4acf32a2c855a11f13cfafb4fa2b84aca6f27e77,five_axis_explicit,cliff_1,has_metrics_no_final_label,,primary_or_supporting_outcome_evidence
SHANYU000-828aa16a24ae8e98,route_npz,D:\SIX_Manual_Config\grg_p5_5axis_adaptation_20260813\runs\cold_start_batch_all12_v3\map_builds\cliff_2\cliff_2.npz,828aa16a24ae8e98bf2b0ddbb4a0bc475f676a270d6b9d87329007446e993804,410865,828aa16a24ae8e98bf2b0ddbb4a0bc475f676a270d6b9d87329007446e993804,five_axis_explicit,cliff_2,has_metrics_no_final_label,,matched_route_for_outcome_evidence
SHANYU000-828aa16a24ae8e98,outcome_source,D:\SIX_Manual_Config\grg_p5_5axis_adaptation_20260813\runs\cold_start_batch_all12_v3\map_builds\cliff_2\summary.csv,1954f30a835dc3396065065227d68b5946bc7d07e1dca85cdf3c27772b338060,1040,828aa16a24ae8e98bf2b0ddbb4a0bc475f676a270d6b9d87329007446e993804,five_axis_explicit,cliff_2,has_metrics_no_final_label,,primary_or_supporting_outcome_evidence
SHANYU000-828aa16a24ae8e98,outcome_source,D:\SIX_Manual_Config\grg_p5_5axis_adaptation_20260813\runs\general_planner_all12_v1\cold_start\map_builds\cliff_2\summary.csv,8d8fb3a78c88b5a84848f1a7c0f9f1a01f67c60d9632a8410519f05421b70ecb,1040,828aa16a24ae8e98bf2b0ddbb4a0bc475f676a270d6b9d87329007446e993804,five_axis_explicit,cliff_2,has_metrics_no_final_label,,primary_or_supporting_outcome_evidence
SHANYU000-828aa16a24ae8e98,outcome_source,D:\SIX_Manual_Config\grg_p5_5axis_adaptation_20260813\runs\general_planner_all12_v2\cold_start\map_builds\cliff_2\summary.csv,711d3eceb08bbeefc8900ecc18fd93c91e3dd020353469aad26ed2caf917d193,1042,828aa16a24ae8e98bf2b0ddbb4a0bc475f676a270d6b9d87329007446e993804,five_axis_explicit,cliff_2,has_metrics_no_final_label,,primary_or_supporting_outcome_evidence
SHANYU000-53d7fe38edf44a9e,route_npz,D:\SIX_Manual_Config\grg_p5_5axis_adaptation_20260813\runs\cold_start_batch_all12_v3\map_builds\cross_1\cross_1.npz,53d7fe38edf44a9e35f891920daff8b32363a1db6e729ec7547fac81d26e04b0,216346,53d7fe38edf44a9e35f891920daff8b32363a1db6e729ec7547fac81d26e04b0,five_axis_explicit,cross_1,has_metrics_no_final_label,,matched_route_for_outcome_evidence
SHANYU000-53d7fe38edf44a9e,outcome_source,D:\SIX_Manual_Config\grg_p5_5axis_adaptation_20260813\runs\cold_start_batch_all12_v3\map_builds\cross_1\summary.csv,909fe4b171179ba36a64f99066cbe5c25dea0fe4f6d2c84637bfe32ad8700cae,1061,53d7fe38edf44a9e35f891920daff8b32363a1db6e729ec7547fac81d26e04b0,five_axis_explicit,cross_1,has_metrics_no_final_label,,primary_or_supporting_outcome_evidence
SHANYU000-53d7fe38edf44a9e,outcome_source,D:\SIX_Manual_Config\grg_p5_5axis_adaptation_20260813\runs\cold_start_wide_search_cross_v1\map_builds\cross_1\summary.csv,4d6b36f1fbfe33d1eaed62c402b166b0d37ea94107fe34c23e21b878a4e12fc9,1063,53d7fe38edf44a9e35f891920daff8b32363a1db6e729ec7547fac81d26e04b0,five_axis_explicit,cross_1,has_metrics_no_final_label,,primary_or_supporting_outcome_evidence
SHANYU000-53d7fe38edf44a9e,outcome_source,D:\SIX_Manual_Config\grg_p5_5axis_adaptation_20260813\runs\general_planner_all12_v2\cold_start\map_builds\cross_1\summary.csv,e48d9c855dbb11ed84a68490dddc533bd57f14cc2363422519d1b81b1e2d0cc6,1063,53d7fe38edf44a9e35f891920daff8b32363a1db6e729ec7547fac81d26e04b0,five_axis_explicit,cross_1,has_metrics_no_final_label,,primary_or_supporting_outcome_evidence
SHANYU000-311a8dca3f33d489,route_npz,D:\SIX_Manual_Config\grg_p5_5axis_adaptation_20260813\runs\cold_start_batch_all12_v3\map_builds\cross_2\cross_2.npz,311a8dca3f33d489f170f3edeada5fd4c708718132f40d215634520174f97217,181981,311a8dca3f33d489f170f3edeada5fd4c708718132f40d215634520174f97217,five_axis_explicit,cross_2,has_metrics_no_final_label,,matched_route_for_outcome_evidence
SHANYU000-311a8dca3f33d489,outcome_source,D:\SIX_Manual_Config\grg_p5_5axis_adaptation_20260813\runs\cold_start_batch_all12_v3\map_builds\cross_2\summary.csv,87db72f509fcbc6e1f0f738d77398c3e32fdbe3e9b60358dda0ebd64412f70b2,1057,311a8dca3f33d489f170f3edeada5fd4c708718132f40d215634520174f97217,five_axis_explicit,cross_2,has_metrics_no_final_label,,primary_or_supporting_outcome_evidence
SHANYU000-184fa0d3e8b621d6,route_npz,D:\SIX_Manual_Config\grg_p5_5axis_adaptation_20260813\runs\cold_start_batch_all12_v3\map_builds\mounarea_1\mounarea_1.npz,184fa0d3e8b621d6a5c204f493ea786f200ef6c3d0f1433feb6e54b00dfd1cbc,712341,184fa0d3e8b621d6a5c204f493ea786f200ef6c3d0f1433feb6e54b00dfd1cbc,five_axis_explicit,mounarea_1,has_metrics_no_final_label,,matched_route_for_outcome_evidence
SHANYU000-184fa0d3e8b621d6,outcome_source,D:\SIX_Manual_Config\grg_p5_5axis_adaptation_20260813\runs\cold_start_batch_all12_v3\map_builds\mounarea_1\summary.csv,47df038358dfc3594faa5f84c2c4a193e128cf8aaa4d2d000de8360d902c6540,1217,184fa0d3e8b621d6a5c204f493ea786f200ef6c3d0f1433feb6e54b00dfd1cbc,five_axis_explicit,mounarea_1,has_metrics_no_final_label,,primary_or_supporting_outcome_evidence
SHANYU000-184fa0d3e8b621d6,outcome_source,D:\SIX_Manual_Config\grg_p5_5axis_adaptation_20260813\runs\general_planner_all12_v2\cold_start\map_builds\mounarea_1\summary.csv,c709e25f698d33c83ba7c9767ff636d8e9ffe3f8984e00fc9e6e294be223bf2e,1216,184fa0d3e8b621d6a5c204f493ea786f200ef6c3d0f1433feb6e54b00dfd1cbc,five_axis_explicit,mounarea_1,has_metrics_no_final_label,,primary_or_supporting_outcome_evidence
SHANYU000-184fa0d3e8b621d6,outcome_source,D:\SIX_Manual_Config\grg_p5_5axis_adaptation_20260813\runs\general_planner_original12_final_v1\cold_start\map_builds\mounarea_1\summary.csv,e3a3135053ed70de4f4e0195fef4e7e5b5a5c69c25f453df65bb71a407800a53,1219,184fa0d3e8b621d6a5c204f493ea786f200ef6c3d0f1433feb6e54b00dfd1cbc,five_axis_explicit,mounarea_1,has_metrics_no_final_label,,primary_or_supporting_outcome_evidence
SHANYU000-bd0a214e305cbfa9,route_npz,D:\SIX_Manual_Config\grg_p5_5axis_adaptation_20260813\runs\cold_start_batch_all12_v3\map_builds\mounarea_2\mounarea_2.npz,bd0a214e305cbfa9309e0711ac37ca43d286b58ccd53482f348c50636e60045b,365498,bd0a214e305cbfa9309e0711ac37ca43d286b58ccd53482f348c50636e60045b,five_axis_explicit,mounarea_2,has_metrics_no_final_label,,matched_route_for_outcome_evidence
SHANYU000-bd0a214e305cbfa9,outcome_source,D:\SIX_Manual_Config\grg_p5_5axis_adaptation_20260813\runs\cold_start_batch_all12_v3\map_builds\mounarea_2\summary.csv,5e1ff35cc45e1684b670103fdbc583716ec2d970bf4afcbc6dc2e0727ad02851,1060,bd0a214e305cbfa9309e0711ac37ca43d286b58ccd53482f348c50636e60045b,five_axis_explicit,mounarea_2,has_metrics_no_final_label,,primary_or_supporting_outcome_evidence
SHANYU000-bd0a214e305cbfa9,outcome_source,D:\SIX_Manual_Config\grg_p5_5axis_adaptation_20260813\runs\general_planner_all12_v2\cold_start\map_builds\mounarea_2\summary.csv,92e108709cc28ddd351a2d389568e7056575cdf2e150b2680d2127cdc165c5f0,1055,bd0a214e305cbfa9309e0711ac37ca43d286b58ccd53482f348c50636e60045b,five_axis_explicit,mounarea_2,has_metrics_no_final_label,,primary_or_supporting_outcome_evidence
SHANYU000-bd0a214e305cbfa9,outcome_source,D:\SIX_Manual_Config\grg_p5_5axis_adaptation_20260813\runs\general_planner_original12_final_v1\cold_start\map_builds\mounarea_2\summary.csv,06f3e4ef192c6ff4657325bb1163ec26819d954f16649effdb23e51545cfea2a,1060,bd0a214e305cbfa9309e0711ac37ca43d286b58ccd53482f348c50636e60045b,five_axis_explicit,mounarea_2,has_metrics_no_final_label,,primary_or_supporting_outcome_evidence
SHANYU000-ddbcb5d04e58d590,route_npz,D:\SIX_Manual_Config\grg_p5_5axis_adaptation_20260813\runs\cold_start_batch_all12_v3\map_builds\overpass_1\overpass_1.npz,ddbcb5d04e58d5905c1c64197f1f5b457c16075bb1cf5c44084709ec09debfac,1488769,ddbcb5d04e58d5905c1c64197f1f5b457c16075bb1cf5c44084709ec09debfac,five_axis_explicit,overpass_1,has_metrics_no_final_label,,matched_route_for_outcome_evidence
SHANYU000-ddbcb5d04e58d590,outcome_source,D:\SIX_Manual_Config\grg_p5_5axis_adaptation_20260813\runs\cold_start_batch_all12_v3\map_builds\overpass_1\summary.csv,ea7d60b8e9b180f2cd740325087a0188f6e1b6950f86bbae0b060151d21af6a0,1108,ddbcb5d04e58d5905c1c64197f1f5b457c16075bb1cf5c44084709ec09debfac,five_axis_explicit,overpass_1,has_metrics_no_final_label,,primary_or_supporting_outcome_evidence
SHANYU000-ddbcb5d04e58d590,outcome_source,D:\SIX_Manual_Config\grg_p5_5axis_adaptation_20260813\runs\general_planner_all12_v2\cold_start\map_builds\overpass_1\summary.csv,1dccee4f4d59fb0f2c1de1f81f816f199bd84639b4dd185b767945c73b76801b,1106,ddbcb5d04e58d5905c1c64197f1f5b457c16075bb1cf5c44084709ec09debfac,five_axis_explicit,overpass_1,has_metrics_no_final_label,,primary_or_supporting_outcome_evidence
SHANYU000-ddbcb5d04e58d590,outcome_source,D:\SIX_Manual_Config\grg_p5_5axis_adaptation_20260813\runs\general_planner_original12_final_v1\cold_start\map_builds\overpass_1\summary.csv,128acf674ae6379920a8432878c086fa4508e774fed890e7e695e20b4645cc1e,1107,ddbcb5d04e58d5905c1c64197f1f5b457c16075bb1cf5c44084709ec09debfac,five_axis_explicit,overpass_1,has_metrics_no_final_label,,primary_or_supporting_outcome_evidence
SHANYU000-5b0a9dd80b052bb6,route_npz,D:\SIX_Manual_Config\grg_p5_5axis_adaptation_20260813\runs\cold_start_batch_all12_v3\map_builds\overpass_2\overpass_2.npz,5b0a9dd80b052bb6c88b6fccbca4ca27f5e203bcbd49857775de0502478339d4,1835659,5b0a9dd80b052bb6c88b6fccbca4ca27f5e203bcbd49857775de0502478339d4,five_axis_explicit,overpass_2,has_metrics_no_final_label,,matched_route_for_outcome_evidence
SHANYU000-5b0a9dd80b052bb6,outcome_source,D:\SIX_Manual_Config\grg_p5_5axis_adaptation_20260813\runs\cold_start_batch_all12_v3\map_builds\overpass_2\summary.csv,054cb04bc8386d9075bb20e9ed81fccddaa4294ed4b203c059e2f070fa529e5d,1081,5b0a9dd80b052bb6c88b6fccbca4ca27f5e203bcbd49857775de0502478339d4,five_axis_explicit,overpass_2,has_metrics_no_final_label,,primary_or_supporting_outcome_evidence
SHANYU000-5b0a9dd80b052bb6,outcome_source,D:\SIX_Manual_Config\grg_p5_5axis_adaptation_20260813\runs\general_planner_all12_v2\cold_start\map_builds\overpass_2\summary.csv,316581bb4e26e76081dd81f8c5f52a72fe3f72429588cb8408bd1d43356e312e,1080,5b0a9dd80b052bb6c88b6fccbca4ca27f5e203bcbd49857775de0502478339d4,five_axis_explicit,overpass_2,has_metrics_no_final_label,,primary_or_supporting_outcome_evidence
SHANYU000-5b0a9dd80b052bb6,outcome_source,D:\SIX_Manual_Config\grg_p5_5axis_adaptation_20260813\runs\general_planner_original12_final_v1\cold_start\map_builds\overpass_2\summary.csv,071066eb75a688e12c406fd727e8f4b5895076b345f8af4cdf96778aaa3d79ce,1082,5b0a9dd80b052bb6c88b6fccbca4ca27f5e203bcbd49857775de0502478339d4,five_axis_explicit,overpass_2,has_metrics_no_final_label,,primary_or_supporting_outcome_evidence
SHANYU000-8b68be8cd20e8cdf,route_npz,D:\SIX_Manual_Config\grg_p5_5axis_adaptation_20260813\runs\cold_start_batch_all12_v3\map_builds\ramp_1\ramp_1.npz,8b68be8cd20e8cdff0e821bd4f264d2b627b1a13b7206faf04d68f19a384f40b,606112,8b68be8cd20e8cdff0e821bd4f264d2b627b1a13b7206faf04d68f19a384f40b,five_axis_explicit,ramp_1,has_metrics_no_final_label,,matched_route_for_outcome_evidence
SHANYU000-8b68be8cd20e8cdf,outcome_source,D:\SIX_Manual_Config\grg_p5_5axis_adaptation_20260813\runs\cold_start_batch_all12_v3\map_builds\ramp_1\summary.csv,065932c28d4e19d73859023025065538741a3d4c96c431911cca48fac6bff952,1035,8b68be8cd20e8cdff0e821bd4f264d2b627b1a13b7206faf04d68f19a384f40b,five_axis_explicit,ramp_1,has_metrics_no_final_label,,primary_or_supporting_outcome_evidence
SHANYU000-8b68be8cd20e8cdf,outcome_source,D:\SIX_Manual_Config\grg_p5_5axis_adaptation_20260813\runs\general_planner_all12_v2\cold_start\map_builds\ramp_1\summary.csv,6f51510599c5cffaf627f812ea6838fac57a7f181aaa7530c3a2e92c10f09de2,1044,8b68be8cd20e8cdff0e821bd4f264d2b627b1a13b7206faf04d68f19a384f40b,five_axis_explicit,ramp_1,has_metrics_no_final_label,,primary_or_supporting_outcome_evidence
SHANYU000-8b68be8cd20e8cdf,outcome_source,D:\SIX_Manual_Config\grg_p5_5axis_adaptation_20260813\runs\general_planner_original12_final_v1\cold_start\map_builds\ramp_1\summary.csv,010cbee8d9cab7d19eef0eb098eed9111b48e231ca4069ae227c8c389b9e36ab,1043,8b68be8cd20e8cdff0e821bd4f264d2b627b1a13b7206faf04d68f19a384f40b,five_axis_explicit,ramp_1,has_metrics_no_final_label,,primary_or_supporting_outcome_evidence
SHANYU000-58f55e946bbfe166,route_npz,D:\SIX_Manual_Config\grg_p5_5axis_adaptation_20260813\runs\cold_start_batch_all12_v3\map_builds\ramp_2\ramp_2.npz,58f55e946bbfe1664b97f21cc28c98a76679b38c9fa30ec6ceae2e31f49d8515,850868,58f55e946bbfe1664b97f21cc28c98a76679b38c9fa30ec6ceae2e31f49d8515,five_axis_explicit,ramp_2,has_metrics_no_final_label,,matched_route_for_outcome_evidence
SHANYU000-58f55e946bbfe166,outcome_source,D:\SIX_Manual_Config\grg_p5_5axis_adaptation_20260813\runs\cold_start_batch_all12_v3\map_builds\ramp_2\summary.csv,91107811d7b5ef59ebf176885e2535fc7834fc02799c3256162603802b88905e,1041,58f55e946bbfe1664b97f21cc28c98a76679b38c9fa30ec6ceae2e31f49d8515,five_axis_explicit,ramp_2,has_metrics_no_final_label,,primary_or_supporting_outcome_evidence
SHANYU000-58f55e946bbfe166,outcome_source,D:\SIX_Manual_Config\grg_p5_5axis_adaptation_20260813\runs\general_planner_all12_v2\cold_start\map_builds\ramp_2\summary.csv,71d2d2b855b71579bb6932fd523932ae236aaa6d357462b56ed5aeedd0b81ba3,1041,58f55e946bbfe1664b97f21cc28c98a76679b38c9fa30ec6ceae2e31f49d8515,five_axis_explicit,ramp_2,has_metrics_no_final_label,,primary_or_supporting_outcome_evidence
SHANYU000-58f55e946bbfe166,outcome_source,D:\SIX_Manual_Config\grg_p5_5axis_adaptation_20260813\runs\general_planner_original12_final_v1\cold_start\map_builds\ramp_2\summary.csv,0dd37ab242e10675a64bcd51b34b58bba0bdc5d5aea629ec7063a9474b938c03,1038,58f55e946bbfe1664b97f21cc28c98a76679b38c9fa30ec6ceae2e31f49d8515,five_axis_explicit,ramp_2,has_metrics_no_final_label,,primary_or_supporting_outcome_evidence
SHANYU000-ab34beb8b5f510d3,route_npz,D:\SIX_Manual_Config\grg_p5_5axis_adaptation_20260813\runs\cold_start_wide_search_cross_v1\map_builds\cross_2\cross_2.npz,ab34beb8b5f510d34c10aa56f0fb65e1e7e1522868456588b6d818d58729badc,177641,ab34beb8b5f510d34c10aa56f0fb65e1e7e1522868456588b6d818d58729badc,five_axis_explicit,cross_2,has_metrics_no_final_label,,matched_route_for_outcome_evidence
SHANYU000-ab34beb8b5f510d3,outcome_source,D:\SIX_Manual_Config\grg_p5_5axis_adaptation_20260813\runs\cold_start_wide_search_cross_v1\map_builds\cross_2\summary.csv,751ef4cdaafef20c0d47d7478bae6a8dc8e9fdfd0753040443ffe8933346180e,1044,ab34beb8b5f510d34c10aa56f0fb65e1e7e1522868456588b6d818d58729badc,five_axis_explicit,cross_2,has_metrics_no_final_label,,primary_or_supporting_outcome_evidence
SHANYU000-ab34beb8b5f510d3,outcome_source,D:\SIX_Manual_Config\grg_p5_5axis_adaptation_20260813\runs\general_planner_all12_v2\cold_start\map_builds\cross_2\summary.csv,28de8b09489e41aa21d4af79cb13f962a325c9921a0277124c3e3819a4d5678e,1046,ab34beb8b5f510d34c10aa56f0fb65e1e7e1522868456588b6d818d58729badc,five_axis_explicit,cross_2,has_metrics_no_final_label,,primary_or_supporting_outcome_evidence
SHANYU000-ab34beb8b5f510d3,outcome_source,D:\SIX_Manual_Config\grg_p5_5axis_adaptation_20260813\runs\general_planner_cross2_stateful_v1\cold_start\map_builds\cross_2\summary.csv,52d0ce00e7b572bd57473707b65fd08713f3ef7a346f6c22e85a0e3cfd4f864f,1043,ab34beb8b5f510d34c10aa56f0fb65e1e7e1522868456588b6d818d58729badc,five_axis_explicit,cross_2,has_metrics_no_final_label,,primary_or_supporting_outcome_evidence
SHANYU000-d3a39fe8b4c388d4,route_npz,D:\SIX_Manual_Config\grg_p5_5axis_adaptation_20260813\runs\integrated_cold_start_all12_v1\cliff_1.npz,d3a39fe8b4c388d4a8483b6048e69de4e042bc0758e996c473aeec959f4ab6ac,106281,d3a39fe8b4c388d4a8483b6048e69de4e042bc0758e996c473aeec959f4ab6ac,five_axis_explicit,cliff_1,has_metrics_no_final_label,,matched_route_for_outcome_evidence
SHANYU000-d3a39fe8b4c388d4,outcome_source,D:\SIX_Manual_Config\grg_p5_5axis_adaptation_20260813\runs\integrated_cold_start_all12_v2\summary.csv,a57b47b4dc081ad2c6d5434d1074f12cce581915e425e4b06119e4abf943b7ad,6942,d3a39fe8b4c388d4a8483b6048e69de4e042bc0758e996c473aeec959f4ab6ac,five_axis_explicit,cliff_1,has_metrics_no_final_label,,primary_or_supporting_outcome_evidence
SHANYU000-a2e09febd97f5929,route_npz,D:\SIX_Manual_Config\grg_p5_5axis_adaptation_20260813\runs\integrated_cold_start_all12_v1\cliff_2.npz,a2e09febd97f592955e73110875d158bd0d42fd5d8c71612606e451f0f3ec0aa,393480,a2e09febd97f592955e73110875d158bd0d42fd5d8c71612606e451f0f3ec0aa,five_axis_explicit,cliff_2,has_metrics_no_final_label,,matched_route_for_outcome_evidence
SHANYU000-a2e09febd97f5929,outcome_source,D:\SIX_Manual_Config\grg_p5_5axis_adaptation_20260813\runs\integrated_cold_start_all12_v2\summary.csv,a57b47b4dc081ad2c6d5434d1074f12cce581915e425e4b06119e4abf943b7ad,6942,a2e09febd97f592955e73110875d158bd0d42fd5d8c71612606e451f0f3ec0aa,five_axis_explicit,cliff_2,has_metrics_no_final_label,,primary_or_supporting_outcome_evidence
SHANYU000-ac9cc6d678d88713,route_npz,D:\SIX_Manual_Config\grg_p5_5axis_adaptation_20260813\runs\integrated_cold_start_all12_v1\cross_1.npz,ac9cc6d678d887134f5b5e0f5df9d83f653e4c0e6a838db11546b38bc958de81,379260,ac9cc6d678d887134f5b5e0f5df9d83f653e4c0e6a838db11546b38bc958de81,five_axis_explicit,cross_1,has_metrics_no_final_label,,matched_route_for_outcome_evidence
SHANYU000-ac9cc6d678d88713,outcome_source,D:\SIX_Manual_Config\grg_p5_5axis_adaptation_20260813\runs\integrated_cold_start_all12_v2\summary.csv,a57b47b4dc081ad2c6d5434d1074f12cce581915e425e4b06119e4abf943b7ad,6942,ac9cc6d678d887134f5b5e0f5df9d83f653e4c0e6a838db11546b38bc958de81,five_axis_explicit,cross_1,has_metrics_no_final_label,,primary_or_supporting_outcome_evidence
SHANYU000-580929479897df73,route_npz,D:\SIX_Manual_Config\grg_p5_5axis_adaptation_20260813\runs\integrated_cold_start_all12_v1\cross_2.npz,580929479897df737b81d173ae532d1cd1059491717424304b38917be8176a37,449133,580929479897df737b81d173ae532d1cd1059491717424304b38917be8176a37,five_axis_explicit,cross_2,has_metrics_no_final_label,,matched_route_for_outcome_evidence
SHANYU000-580929479897df73,outcome_source,D:\SIX_Manual_Config\grg_p5_5axis_adaptation_20260813\runs\integrated_cold_start_all12_v2\summary.csv,a57b47b4dc081ad2c6d5434d1074f12cce581915e425e4b06119e4abf943b7ad,6942,580929479897df737b81d173ae532d1cd1059491717424304b38917be8176a37,five_axis_explicit,cross_2,has_metrics_no_final_label,,primary_or_supporting_outcome_evidence
SHANYU000-a14ec3f014681593,route_npz,D:\SIX_Manual_Config\grg_p5_5axis_adaptation_20260813\runs\integrated_cold_start_all12_v1\mounarea_1.npz,a14ec3f014681593baa9d15261b730759298940300cd86551769ae6ca52c09cb,707440,a14ec3f014681593baa9d15261b730759298940300cd86551769ae6ca52c09cb,five_axis_explicit,mounarea_1,has_metrics_no_final_label,,matched_route_for_outcome_evidence
SHANYU000-a14ec3f014681593,outcome_source,D:\SIX_Manual_Config\grg_p5_5axis_adaptation_20260813\runs\integrated_cold_start_all12_v2\summary.csv,a57b47b4dc081ad2c6d5434d1074f12cce581915e425e4b06119e4abf943b7ad,6942,a14ec3f014681593baa9d15261b730759298940300cd86551769ae6ca52c09cb,five_axis_explicit,mounarea_1,has_metrics_no_final_label,,primary_or_supporting_outcome_evidence
SHANYU000-9dfe6a5a3e4beafa,route_npz,D:\SIX_Manual_Config\grg_p5_5axis_adaptation_20260813\runs\integrated_cold_start_all12_v1\mounarea_2.npz,9dfe6a5a3e4beafa7ff59c7b36b80d011a5a4a17a3c3ab4d710741706c85ca73,361854,9dfe6a5a3e4beafa7ff59c7b36b80d011a5a4a17a3c3ab4d710741706c85ca73,five_axis_explicit,mounarea_2,has_metrics_no_final_label,,matched_route_for_outcome_evidence
SHANYU000-9dfe6a5a3e4beafa,outcome_source,D:\SIX_Manual_Config\grg_p5_5axis_adaptation_20260813\runs\integrated_cold_start_all12_v2\summary.csv,a57b47b4dc081ad2c6d5434d1074f12cce581915e425e4b06119e4abf943b7ad,6942,9dfe6a5a3e4beafa7ff59c7b36b80d011a5a4a17a3c3ab4d710741706c85ca73,five_axis_explicit,mounarea_2,has_metrics_no_final_label,,primary_or_supporting_outcome_evidence
SHANYU000-bcd11f9ffe05a7ae,route_npz,D:\SIX_Manual_Config\grg_p5_5axis_adaptation_20260813\runs\integrated_cold_start_all12_v2\overpass_1.npz,bcd11f9ffe05a7aee74147d1bfbbbe9647c6f4210ecc401aeaed0e140ba5fef2,2659317,bcd11f9ffe05a7aee74147d1bfbbbe9647c6f4210ecc401aeaed0e140ba5fef2,five_axis_explicit,overpass_1,has_metrics_no_final_label,,matched_route_for_outcome_evidence
SHANYU000-bcd11f9ffe05a7ae,outcome_source,D:\SIX_Manual_Config\grg_p5_5axis_adaptation_20260813\runs\integrated_cold_start_all12_v2\summary.csv,a57b47b4dc081ad2c6d5434d1074f12cce581915e425e4b06119e4abf943b7ad,6942,bcd11f9ffe05a7aee74147d1bfbbbe9647c6f4210ecc401aeaed0e140ba5fef2,five_axis_explicit,overpass_1,has_metrics_no_final_label,,primary_or_supporting_outcome_evidence
SHANYU000-9b2c953b811aeb4c,route_npz,D:\SIX_Manual_Config\grg_p5_5axis_adaptation_20260813\runs\integrated_cold_start_all12_v2\overpass_2.npz,9b2c953b811aeb4cd7a30b4ff9f95e39e572f819abec8a8d14bd98c27abdc2d5,2085393,9b2c953b811aeb4cd7a30b4ff9f95e39e572f819abec8a8d14bd98c27abdc2d5,five_axis_explicit,overpass_2,has_metrics_no_final_label,,matched_route_for_outcome_evidence
SHANYU000-9b2c953b811aeb4c,outcome_source,D:\SIX_Manual_Config\grg_p5_5axis_adaptation_20260813\runs\integrated_cold_start_all12_v2\summary.csv,a57b47b4dc081ad2c6d5434d1074f12cce581915e425e4b06119e4abf943b7ad,6942,9b2c953b811aeb4cd7a30b4ff9f95e39e572f819abec8a8d14bd98c27abdc2d5,five_axis_explicit,overpass_2,has_metrics_no_final_label,,primary_or_supporting_outcome_evidence
SHANYU000-dd03abd8a14ff2b4,route_npz,D:\SIX_Manual_Config\grg_p5_5axis_adaptation_20260813\runs\integrated_cold_start_all12_v2\ramp_1.npz,dd03abd8a14ff2b4a5a887f750336597409c38f17cae18e113455091f2d975d6,3585633,dd03abd8a14ff2b4a5a887f750336597409c38f17cae18e113455091f2d975d6,five_axis_explicit,ramp_1,has_metrics_no_final_label,,matched_route_for_outcome_evidence
SHANYU000-dd03abd8a14ff2b4,outcome_source,D:\SIX_Manual_Config\grg_p5_5axis_adaptation_20260813\runs\integrated_cold_start_all12_v2\summary.csv,a57b47b4dc081ad2c6d5434d1074f12cce581915e425e4b06119e4abf943b7ad,6942,dd03abd8a14ff2b4a5a887f750336597409c38f17cae18e113455091f2d975d6,five_axis_explicit,ramp_1,has_metrics_no_final_label,,primary_or_supporting_outcome_evidence
SHANYU000-e5e4231fc008382b,route_npz,D:\SIX_Manual_Config\grg_p5_5axis_adaptation_20260813\runs\integrated_cold_start_all12_v2\ramp_2.npz,e5e4231fc008382b2e13227357c75df6969f7ac592e978caed937c79bd8e8b6b,4382774,e5e4231fc008382b2e13227357c75df6969f7ac592e978caed937c79bd8e8b6b,five_axis_explicit,ramp_2,has_metrics_no_final_label,,matched_route_for_outcome_evidence
SHANYU000-e5e4231fc008382b,outcome_source,D:\SIX_Manual_Config\grg_p5_5axis_adaptation_20260813\runs\integrated_cold_start_all12_v2\summary.csv,a57b47b4dc081ad2c6d5434d1074f12cce581915e425e4b06119e4abf943b7ad,6942,e5e4231fc008382b2e13227357c75df6969f7ac592e978caed937c79bd8e8b6b,five_axis_explicit,ramp_2,has_metrics_no_final_label,,primary_or_supporting_outcome_evidence
SHANYU000-518e68d584a9f521,route_npz,D:\SIX_Manual_Config\grg_p5_5axis_adaptation_20260813\runs\integrated_cold_start_all12_v2\turnaround_1.npz,518e68d584a9f5218a17c14d95f2340b5d814f571795ed5e2d20afe3eba50f2a,189364,518e68d584a9f5218a17c14d95f2340b5d814f571795ed5e2d20afe3eba50f2a,five_axis_explicit,turnaround_1,has_metrics_no_final_label,,matched_route_for_outcome_evidence
SHANYU000-518e68d584a9f521,outcome_source,D:\SIX_Manual_Config\grg_p5_5axis_adaptation_20260813\runs\integrated_cold_start_all12_v2\summary.csv,a57b47b4dc081ad2c6d5434d1074f12cce581915e425e4b06119e4abf943b7ad,6942,518e68d584a9f5218a17c14d95f2340b5d814f571795ed5e2d20afe3eba50f2a,five_axis_explicit,turnaround_1,has_metrics_no_final_label,,primary_or_supporting_outcome_evidence
SHANYU000-6002aeaed39b8370,route_npz,D:\SIX_Manual_Config\grg_p5_5axis_adaptation_20260813\runs\integrated_cold_start_narrow_1_v2\narrow_1.npz,6002aeaed39b837012587d56ed9e0e44cee2699a8e236958033b1ee452236ff2,40670,6002aeaed39b837012587d56ed9e0e44cee2699a8e236958033b1ee452236ff2,five_axis_explicit,narrow_1,has_metrics_no_final_label,,matched_route_for_outcome_evidence
SHANYU000-6002aeaed39b8370,outcome_source,D:\SIX_Manual_Config\grg_p5_5axis_adaptation_20260813\runs\integrated_cold_start_narrow_1_v2\summary.csv,2cff8c3361da970e8d94746f241afe8ea32ad9bd26bd867ba522d7c9437ed283,1103,6002aeaed39b837012587d56ed9e0e44cee2699a8e236958033b1ee452236ff2,five_axis_explicit,narrow_1,has_metrics_no_final_label,,primary_or_supporting_outcome_evidence
SHANYU000-6c7cc0b603c4ade9,route_npz,D:\SIX_Manual_Config\offline_12map_telemetry_20260814\generated_routes_v1\cliff_1.npz,6c7cc0b603c4ade923c722fd3ecbee7552fc39e0976c8c7449e84810ba995f3a,106577,6c7cc0b603c4ade923c722fd3ecbee7552fc39e0976c8c7449e84810ba995f3a,five_axis_explicit,cliff_1,has_metrics_no_final_label,,matched_route_for_outcome_evidence
SHANYU000-6c7cc0b603c4ade9,outcome_source,D:\SIX_Manual_Config\offline_12map_telemetry_20260814\generated_routes_v1\summary.csv,8c6d96fbcddc0496a4feb1a4d621c5a0f399fc50243d104e21eda6925db74738,6051,6c7cc0b603c4ade923c722fd3ecbee7552fc39e0976c8c7449e84810ba995f3a,five_axis_explicit,cliff_1,has_metrics_no_final_label,,primary_or_supporting_outcome_evidence
SHANYU000-5a00dcbe21520f5b,route_npz,D:\SIX_Manual_Config\offline_12map_telemetry_20260814\generated_routes_v1\cliff_2.npz,5a00dcbe21520f5b67a24845b516073a86f5cc2b7d3e83c919b74b3156c3af4c,396915,5a00dcbe21520f5b67a24845b516073a86f5cc2b7d3e83c919b74b3156c3af4c,five_axis_explicit,cliff_2,has_metrics_no_final_label,,matched_route_for_outcome_evidence
SHANYU000-5a00dcbe21520f5b,outcome_source,D:\SIX_Manual_Config\offline_12map_telemetry_20260814\generated_routes_v1\summary.csv,8c6d96fbcddc0496a4feb1a4d621c5a0f399fc50243d104e21eda6925db74738,6051,5a00dcbe21520f5b67a24845b516073a86f5cc2b7d3e83c919b74b3156c3af4c,five_axis_explicit,cliff_2,has_metrics_no_final_label,,primary_or_supporting_outcome_evidence
SHANYU000-ec6c5af59454c662,route_npz,D:\SIX_Manual_Config\offline_12map_telemetry_20260814\generated_routes_v1\cross_1.npz,ec6c5af59454c6622d202d11335bfaa5c2afd013bc02ddb7b33fe6e4f7b1d40b,240083,ec6c5af59454c6622d202d11335bfaa5c2afd013bc02ddb7b33fe6e4f7b1d40b,five_axis_explicit,cross_1,has_metrics_no_final_label,,matched_route_for_outcome_evidence
SHANYU000-ec6c5af59454c662,outcome_source,D:\SIX_Manual_Config\offline_12map_telemetry_20260814\generated_routes_v1\summary.csv,8c6d96fbcddc0496a4feb1a4d621c5a0f399fc50243d104e21eda6925db74738,6051,ec6c5af59454c6622d202d11335bfaa5c2afd013bc02ddb7b33fe6e4f7b1d40b,five_axis_explicit,cross_1,has_metrics_no_final_label,,primary_or_supporting_outcome_evidence
SHANYU000-2f3c34299f7b8824,route_npz,D:\SIX_Manual_Config\offline_12map_telemetry_20260814\generated_routes_v1\cross_2.npz,2f3c34299f7b8824cf7c98515a0c1db08df3746d6b0c9d0fa849472b28d86f61,229851,2f3c34299f7b8824cf7c98515a0c1db08df3746d6b0c9d0fa849472b28d86f61,five_axis_explicit,cross_2,has_metrics_no_final_label,,matched_route_for_outcome_evidence
SHANYU000-2f3c34299f7b8824,outcome_source,D:\SIX_Manual_Config\offline_12map_telemetry_20260814\generated_routes_v1\summary.csv,8c6d96fbcddc0496a4feb1a4d621c5a0f399fc50243d104e21eda6925db74738,6051,2f3c34299f7b8824cf7c98515a0c1db08df3746d6b0c9d0fa849472b28d86f61,five_axis_explicit,cross_2,has_metrics_no_final_label,,primary_or_supporting_outcome_evidence
SHANYU000-a8a8eb39bf6bbe42,route_npz,D:\SIX_Manual_Config\offline_12map_telemetry_20260814\generated_routes_v1\mounarea_1.npz,a8a8eb39bf6bbe42c783c15286bc3d03a90832e50e73e3b3dc666dabdfdb04a1,797670,a8a8eb39bf6bbe42c783c15286bc3d03a90832e50e73e3b3dc666dabdfdb04a1,five_axis_explicit,mounarea_1,has_metrics_no_final_label,,matched_route_for_outcome_evidence
SHANYU000-a8a8eb39bf6bbe42,outcome_source,D:\SIX_Manual_Config\offline_12map_telemetry_20260814\generated_routes_v1\summary.csv,8c6d96fbcddc0496a4feb1a4d621c5a0f399fc50243d104e21eda6925db74738,6051,a8a8eb39bf6bbe42c783c15286bc3d03a90832e50e73e3b3dc666dabdfdb04a1,five_axis_explicit,mounarea_1,has_metrics_no_final_label,,primary_or_supporting_outcome_evidence
SHANYU000-a8a8eb39bf6bbe42,outcome_source,D:\SIX_Manual_Config\offline_12map_telemetry_20260814\generated_routes_v2\summary.csv,7088244994ddbd038eeea7f205cdf1b40fdf416b1fe94f2f8e8517a66414daf1,5989,a8a8eb39bf6bbe42c783c15286bc3d03a90832e50e73e3b3dc666dabdfdb04a1,five_axis_explicit,mounarea_1,has_metrics_no_final_label,,primary_or_supporting_outcome_evidence
SHANYU000-bf61ab92e5718368,route_npz,D:\SIX_Manual_Config\offline_12map_telemetry_20260814\generated_routes_v1\mounarea_2.npz,bf61ab92e5718368708a7a1a96a702c6b336b0aeb35ede90fcd2fa6fda0c9706,409429,bf61ab92e5718368708a7a1a96a702c6b336b0aeb35ede90fcd2fa6fda0c9706,five_axis_explicit,mounarea_2,has_metrics_no_final_label,,matched_route_for_outcome_evidence
SHANYU000-bf61ab92e5718368,outcome_source,D:\SIX_Manual_Config\offline_12map_telemetry_20260814\generated_routes_v1\summary.csv,8c6d96fbcddc0496a4feb1a4d621c5a0f399fc50243d104e21eda6925db74738,6051,bf61ab92e5718368708a7a1a96a702c6b336b0aeb35ede90fcd2fa6fda0c9706,five_axis_explicit,mounarea_2,has_metrics_no_final_label,,primary_or_supporting_outcome_evidence
SHANYU000-bf61ab92e5718368,outcome_source,D:\SIX_Manual_Config\offline_12map_telemetry_20260814\generated_routes_v2\summary.csv,7088244994ddbd038eeea7f205cdf1b40fdf416b1fe94f2f8e8517a66414daf1,5989,bf61ab92e5718368708a7a1a96a702c6b336b0aeb35ede90fcd2fa6fda0c9706,five_axis_explicit,mounarea_2,has_metrics_no_final_label,,primary_or_supporting_outcome_evidence
SHANYU000-ee42c712cb69c056,route_npz,D:\SIX_Manual_Config\offline_12map_telemetry_20260814\generated_routes_v1\narrow_1.npz,ee42c712cb69c056d61178800b481f7255a1f87c414a4837a31438e4fd22ccf2,42312,ee42c712cb69c056d61178800b481f7255a1f87c414a4837a31438e4fd22ccf2,five_axis_explicit,narrow_1,has_metrics_no_final_label,,matched_route_for_outcome_evidence
SHANYU000-ee42c712cb69c056,outcome_source,D:\SIX_Manual_Config\offline_12map_telemetry_20260814\generated_routes_v1\summary.csv,8c6d96fbcddc0496a4feb1a4d621c5a0f399fc50243d104e21eda6925db74738,6051,ee42c712cb69c056d61178800b481f7255a1f87c414a4837a31438e4fd22ccf2,five_axis_explicit,narrow_1,has_metrics_no_final_label,,primary_or_supporting_outcome_evidence
SHANYU000-c7bd00c24681b1dd,route_npz,D:\SIX_Manual_Config\offline_12map_telemetry_20260814\generated_routes_v1\overpass_1.npz,c7bd00c24681b1dd322b15d15c992f5f0ee0ee86caeaef051bd000b7fa378140,1546364,c7bd00c24681b1dd322b15d15c992f5f0ee0ee86caeaef051bd000b7fa378140,five_axis_explicit,overpass_1,has_metrics_no_final_label,,matched_route_for_outcome_evidence
SHANYU000-c7bd00c24681b1dd,outcome_source,D:\SIX_Manual_Config\offline_12map_telemetry_20260814\generated_routes_v1\summary.csv,8c6d96fbcddc0496a4feb1a4d621c5a0f399fc50243d104e21eda6925db74738,6051,c7bd00c24681b1dd322b15d15c992f5f0ee0ee86caeaef051bd000b7fa378140,five_axis_explicit,overpass_1,has_metrics_no_final_label,,primary_or_supporting_outcome_evidence
SHANYU000-c7bd00c24681b1dd,outcome_source,D:\SIX_Manual_Config\offline_12map_telemetry_20260814\generated_routes_v2\summary.csv,7088244994ddbd038eeea7f205cdf1b40fdf416b1fe94f2f8e8517a66414daf1,5989,c7bd00c24681b1dd322b15d15c992f5f0ee0ee86caeaef051bd000b7fa378140,five_axis_explicit,overpass_1,has_metrics_no_final_label,,primary_or_supporting_outcome_evidence
SHANYU000-e04911b3ff493143,route_npz,D:\SIX_Manual_Config\offline_12map_telemetry_20260814\generated_routes_v1\overpass_2.npz,e04911b3ff49314354358bec701a0ddffcf62f0f4e32a5c3a28ab66b59636d0e,1858267,e04911b3ff49314354358bec701a0ddffcf62f0f4e32a5c3a28ab66b59636d0e,five_axis_explicit,overpass_2,has_metrics_no_final_label,,matched_route_for_outcome_evidence
SHANYU000-e04911b3ff493143,outcome_source,D:\SIX_Manual_Config\offline_12map_telemetry_20260814\generated_routes_v1\summary.csv,8c6d96fbcddc0496a4feb1a4d621c5a0f399fc50243d104e21eda6925db74738,6051,e04911b3ff49314354358bec701a0ddffcf62f0f4e32a5c3a28ab66b59636d0e,five_axis_explicit,overpass_2,has_metrics_no_final_label,,primary_or_supporting_outcome_evidence
SHANYU000-e04911b3ff493143,outcome_source,D:\SIX_Manual_Config\offline_12map_telemetry_20260814\generated_routes_v2\summary.csv,7088244994ddbd038eeea7f205cdf1b40fdf416b1fe94f2f8e8517a66414daf1,5989,e04911b3ff49314354358bec701a0ddffcf62f0f4e32a5c3a28ab66b59636d0e,five_axis_explicit,overpass_2,has_metrics_no_final_label,,primary_or_supporting_outcome_evidence
SHANYU000-7ba3fd7956380fcb,route_npz,D:\SIX_Manual_Config\offline_12map_telemetry_20260814\generated_routes_v1\ramp_1.npz,7ba3fd7956380fcb892adb9eab84d10dfe0d87938fc19cfb4f67edc68b306b41,615224,7ba3fd7956380fcb892adb9eab84d10dfe0d87938fc19cfb4f67edc68b306b41,five_axis_explicit,ramp_1,has_metrics_no_final_label,,matched_route_for_outcome_evidence
SHANYU000-7ba3fd7956380fcb,outcome_source,D:\SIX_Manual_Config\offline_12map_telemetry_20260814\generated_routes_v1\summary.csv,8c6d96fbcddc0496a4feb1a4d621c5a0f399fc50243d104e21eda6925db74738,6051,7ba3fd7956380fcb892adb9eab84d10dfe0d87938fc19cfb4f67edc68b306b41,five_axis_explicit,ramp_1,has_metrics_no_final_label,,primary_or_supporting_outcome_evidence
SHANYU000-b097381a0eb7412a,route_npz,D:\SIX_Manual_Config\offline_12map_telemetry_20260814\generated_routes_v1\ramp_2.npz,b097381a0eb7412a4d0caf14745ed209a307b1e01e7a2fac0616bb9034951bf9,879514,b097381a0eb7412a4d0caf14745ed209a307b1e01e7a2fac0616bb9034951bf9,five_axis_explicit,ramp_2,has_metrics_no_final_label,,matched_route_for_outcome_evidence
SHANYU000-b097381a0eb7412a,outcome_source,D:\SIX_Manual_Config\offline_12map_telemetry_20260814\generated_routes_v1\summary.csv,8c6d96fbcddc0496a4feb1a4d621c5a0f399fc50243d104e21eda6925db74738,6051,b097381a0eb7412a4d0caf14745ed209a307b1e01e7a2fac0616bb9034951bf9,five_axis_explicit,ramp_2,has_metrics_no_final_label,,primary_or_supporting_outcome_evidence
SHANYU000-8c77af44600f357b,route_npz,D:\SIX_Manual_Config\offline_12map_telemetry_20260814\generated_routes_v1\turnaround_1.npz,8c77af44600f357be7abacb1a3fc5513df4d6027206ea3bf4c0b7cb7764bbf10,187546,8c77af44600f357be7abacb1a3fc5513df4d6027206ea3bf4c0b7cb7764bbf10,five_axis_explicit,turnaround_1,has_metrics_no_final_label,,matched_route_for_outcome_evidence
SHANYU000-8c77af44600f357b,outcome_source,D:\SIX_Manual_Config\offline_12map_telemetry_20260814\generated_routes_v1\summary.csv,8c6d96fbcddc0496a4feb1a4d621c5a0f399fc50243d104e21eda6925db74738,6051,8c77af44600f357be7abacb1a3fc5513df4d6027206ea3bf4c0b7cb7764bbf10,five_axis_explicit,turnaround_1,has_metrics_no_final_label,,primary_or_supporting_outcome_evidence
SHANYU000-0f86ecaa560011fa,route_npz,D:\SIX_Manual_Config\offline_12map_telemetry_20260814\generated_routes_v2\cliff_1.npz,0f86ecaa560011faf9900fc6f736c0a0a01fc73269a9b8bd6440f1a8f06e325e,106668,0f86ecaa560011faf9900fc6f736c0a0a01fc73269a9b8bd6440f1a8f06e325e,five_axis_explicit,cliff_1,has_metrics_no_final_label,,matched_route_for_outcome_evidence
SHANYU000-0f86ecaa560011fa,outcome_source,D:\SIX_Manual_Config\offline_12map_telemetry_20260814\generated_routes_v2\summary.csv,7088244994ddbd038eeea7f205cdf1b40fdf416b1fe94f2f8e8517a66414daf1,5989,0f86ecaa560011faf9900fc6f736c0a0a01fc73269a9b8bd6440f1a8f06e325e,five_axis_explicit,cliff_1,has_metrics_no_final_label,,primary_or_supporting_outcome_evidence
SHANYU000-0f86ecaa560011fa,outcome_source,D:\SIX_Manual_Config\offline_12map_telemetry_20260814\generated_routes_v3\summary.csv,abf77f7293d6281097640c616b5f36461af6287cf105fe82bb58cb24e9dd3247,5988,0f86ecaa560011faf9900fc6f736c0a0a01fc73269a9b8bd6440f1a8f06e325e,five_axis_explicit,cliff_1,has_metrics_no_final_label,,primary_or_supporting_outcome_evidence
SHANYU000-520f55622ac18efb,route_npz,D:\SIX_Manual_Config\offline_12map_telemetry_20260814\generated_routes_v2\cliff_2.npz,520f55622ac18efbbdbc31178e2deafdb8900ef4ca2960cba9c73a180748e8b3,402329,520f55622ac18efbbdbc31178e2deafdb8900ef4ca2960cba9c73a180748e8b3,five_axis_explicit,cliff_2,has_metrics_no_final_label,,matched_route_for_outcome_evidence
SHANYU000-520f55622ac18efb,outcome_source,D:\SIX_Manual_Config\offline_12map_telemetry_20260814\generated_routes_v2\summary.csv,7088244994ddbd038eeea7f205cdf1b40fdf416b1fe94f2f8e8517a66414daf1,5989,520f55622ac18efbbdbc31178e2deafdb8900ef4ca2960cba9c73a180748e8b3,five_axis_explicit,cliff_2,has_metrics_no_final_label,,primary_or_supporting_outcome_evidence
SHANYU000-520f55622ac18efb,outcome_source,D:\SIX_Manual_Config\offline_12map_telemetry_20260814\generated_routes_v3\summary.csv,abf77f7293d6281097640c616b5f36461af6287cf105fe82bb58cb24e9dd3247,5988,520f55622ac18efbbdbc31178e2deafdb8900ef4ca2960cba9c73a180748e8b3,five_axis_explicit,cliff_2,has_metrics_no_final_label,,primary_or_supporting_outcome_evidence
SHANYU000-db7b1f1477667ac3,route_npz,D:\SIX_Manual_Config\offline_12map_telemetry_20260814\generated_routes_v2\cross_1.npz,db7b1f1477667ac3e2f4a3b79d8409f6ad5b7d101abcbb6849cecaf545edf7a3,240476,db7b1f1477667ac3e2f4a3b79d8409f6ad5b7d101abcbb6849cecaf545edf7a3,five_axis_explicit,cross_1,has_metrics_no_final_label,,matched_route_for_outcome_evidence
SHANYU000-db7b1f1477667ac3,outcome_source,D:\SIX_Manual_Config\offline_12map_telemetry_20260814\generated_routes_v2\summary.csv,7088244994ddbd038eeea7f205cdf1b40fdf416b1fe94f2f8e8517a66414daf1,5989,db7b1f1477667ac3e2f4a3b79d8409f6ad5b7d101abcbb6849cecaf545edf7a3,five_axis_explicit,cross_1,has_metrics_no_final_label,,primary_or_supporting_outcome_evidence
SHANYU000-76db00bfcf6cbc01,route_npz,D:\SIX_Manual_Config\offline_12map_telemetry_20260814\generated_routes_v2\cross_2.npz,76db00bfcf6cbc01ec716f49e758f1ba863dee52818c2407ed3b4143ba1f8916,229320,76db00bfcf6cbc01ec716f49e758f1ba863dee52818c2407ed3b4143ba1f8916,five_axis_explicit,cross_2,has_metrics_no_final_label,,matched_route_for_outcome_evidence
SHANYU000-76db00bfcf6cbc01,outcome_source,D:\SIX_Manual_Config\offline_12map_telemetry_20260814\generated_routes_v2\summary.csv,7088244994ddbd038eeea7f205cdf1b40fdf416b1fe94f2f8e8517a66414daf1,5989,76db00bfcf6cbc01ec716f49e758f1ba863dee52818c2407ed3b4143ba1f8916,five_axis_explicit,cross_2,has_metrics_no_final_label,,primary_or_supporting_outcome_evidence
SHANYU000-da7a5acc992a9399,route_npz,D:\SIX_Manual_Config\offline_12map_telemetry_20260814\generated_routes_v2\narrow_1.npz,da7a5acc992a9399c23c23f884d4e573f39b5c822da8c06a8e83cef930dcd6a5,42261,da7a5acc992a9399c23c23f884d4e573f39b5c822da8c06a8e83cef930dcd6a5,five_axis_explicit,narrow_1,has_metrics_no_final_label,,matched_route_for_outcome_evidence
SHANYU000-da7a5acc992a9399,outcome_source,D:\SIX_Manual_Config\offline_12map_telemetry_20260814\generated_routes_v2\summary.csv,7088244994ddbd038eeea7f205cdf1b40fdf416b1fe94f2f8e8517a66414daf1,5989,da7a5acc992a9399c23c23f884d4e573f39b5c822da8c06a8e83cef930dcd6a5,five_axis_explicit,narrow_1,has_metrics_no_final_label,,primary_or_supporting_outcome_evidence
SHANYU000-a6b29b0257fb771a,route_npz,D:\SIX_Manual_Config\offline_12map_telemetry_20260814\generated_routes_v2\ramp_1.npz,a6b29b0257fb771a66e91361e62fe6c747598cd3dd5127dd5d7dc917fc429d87,613573,a6b29b0257fb771a66e91361e62fe6c747598cd3dd5127dd5d7dc917fc429d87,five_axis_explicit,ramp_1,has_metrics_no_final_label,,matched_route_for_outcome_evidence
SHANYU000-a6b29b0257fb771a,outcome_source,D:\SIX_Manual_Config\offline_12map_telemetry_20260814\generated_routes_v2\summary.csv,7088244994ddbd038eeea7f205cdf1b40fdf416b1fe94f2f8e8517a66414daf1,5989,a6b29b0257fb771a66e91361e62fe6c747598cd3dd5127dd5d7dc917fc429d87,five_axis_explicit,ramp_1,has_metrics_no_final_label,,primary_or_supporting_outcome_evidence
SHANYU000-6f162209ebb35e56,route_npz,D:\SIX_Manual_Config\offline_12map_telemetry_20260814\generated_routes_v2\ramp_2.npz,6f162209ebb35e566b9c0b771622e97b555cb05417b500c49dcc855d6f82533f,879048,6f162209ebb35e566b9c0b771622e97b555cb05417b500c49dcc855d6f82533f,five_axis_explicit,ramp_2,has_metrics_no_final_label,,matched_route_for_outcome_evidence
SHANYU000-6f162209ebb35e56,outcome_source,D:\SIX_Manual_Config\offline_12map_telemetry_20260814\generated_routes_v2\summary.csv,7088244994ddbd038eeea7f205cdf1b40fdf416b1fe94f2f8e8517a66414daf1,5989,6f162209ebb35e566b9c0b771622e97b555cb05417b500c49dcc855d6f82533f,five_axis_explicit,ramp_2,has_metrics_no_final_label,,primary_or_supporting_outcome_evidence
SHANYU000-046a9fade2f0eb0a,route_npz,D:\SIX_Manual_Config\offline_12map_telemetry_20260814\generated_routes_v2\turnaround_1.npz,046a9fade2f0eb0a807d3e7329c806b7198d32d04cd1833c0320178ea64507c3,191347,046a9fade2f0eb0a807d3e7329c806b7198d32d04cd1833c0320178ea64507c3,five_axis_explicit,turnaround_1,has_metrics_no_final_label,,matched_route_for_outcome_evidence
SHANYU000-046a9fade2f0eb0a,outcome_source,D:\SIX_Manual_Config\offline_12map_telemetry_20260814\generated_routes_v2\summary.csv,7088244994ddbd038eeea7f205cdf1b40fdf416b1fe94f2f8e8517a66414daf1,5989,046a9fade2f0eb0a807d3e7329c806b7198d32d04cd1833c0320178ea64507c3,five_axis_explicit,turnaround_1,has_metrics_no_final_label,,primary_or_supporting_outcome_evidence
SHANYU000-898699827a8dcc34,route_npz,D:\SIX_Manual_Config\offline_12map_telemetry_20260814\generated_routes_v3\cross_1.npz,898699827a8dcc3461227056eda6ebe853281ca6bb2091142e4746dd226dba16,240572,898699827a8dcc3461227056eda6ebe853281ca6bb2091142e4746dd226dba16,five_axis_explicit,cross_1,has_metrics_no_final_label,,matched_route_for_outcome_evidence
SHANYU000-898699827a8dcc34,outcome_source,D:\SIX_Manual_Config\offline_12map_telemetry_20260814\generated_routes_v3\summary.csv,abf77f7293d6281097640c616b5f36461af6287cf105fe82bb58cb24e9dd3247,5988,898699827a8dcc3461227056eda6ebe853281ca6bb2091142e4746dd226dba16,five_axis_explicit,cross_1,has_metrics_no_final_label,,primary_or_supporting_outcome_evidence
SHANYU000-2537dc86dedded9b,route_npz,D:\SIX_Manual_Config\offline_12map_telemetry_20260814\generated_routes_v3\cross_2.npz,2537dc86dedded9b0b916f39fdb7ee12dff4ae1d3c2d51c3c71cd1ca9908bdfc,229428,2537dc86dedded9b0b916f39fdb7ee12dff4ae1d3c2d51c3c71cd1ca9908bdfc,five_axis_explicit,cross_2,has_metrics_no_final_label,,matched_route_for_outcome_evidence
SHANYU000-2537dc86dedded9b,outcome_source,D:\SIX_Manual_Config\offline_12map_telemetry_20260814\generated_routes_v3\summary.csv,abf77f7293d6281097640c616b5f36461af6287cf105fe82bb58cb24e9dd3247,5988,2537dc86dedded9b0b916f39fdb7ee12dff4ae1d3c2d51c3c71cd1ca9908bdfc,five_axis_explicit,cross_2,has_metrics_no_final_label,,primary_or_supporting_outcome_evidence
SHANYU000-2537dc86dedded9b,outcome_source,D:\SIX_Manual_Config\offline_12map_telemetry_20260814\generated_routes_v3_probe\summary.csv,5a0fc02873eb4eeec7dd1e46cd2219ca1f2d2c913ae24ad4227392f94b73cba1,1593,2537dc86dedded9b0b916f39fdb7ee12dff4ae1d3c2d51c3c71cd1ca9908bdfc,five_axis_explicit,cross_2,has_metrics_no_final_label,,primary_or_supporting_outcome_evidence
SHANYU000-b34538e7a0e943bd,route_npz,D:\SIX_Manual_Config\offline_12map_telemetry_20260814\generated_routes_v3\mounarea_1.npz,b34538e7a0e943bdca2db86b5d4e02e6246271436fd96ce3b96ea6ca0393b09b,798195,b34538e7a0e943bdca2db86b5d4e02e6246271436fd96ce3b96ea6ca0393b09b,five_axis_explicit,mounarea_1,has_metrics_no_final_label,,matched_route_for_outcome_evidence
SHANYU000-b34538e7a0e943bd,outcome_source,D:\SIX_Manual_Config\offline_12map_telemetry_20260814\generated_routes_v3\summary.csv,abf77f7293d6281097640c616b5f36461af6287cf105fe82bb58cb24e9dd3247,5988,b34538e7a0e943bdca2db86b5d4e02e6246271436fd96ce3b96ea6ca0393b09b,five_axis_explicit,mounarea_1,has_metrics_no_final_label,,primary_or_supporting_outcome_evidence
SHANYU000-95b8973ee15fd7fa,route_npz,D:\SIX_Manual_Config\offline_12map_telemetry_20260814\generated_routes_v3\mounarea_2.npz,95b8973ee15fd7fa85d2e85095c0723d550f16a429921b432f3c26534b428a4f,409575,95b8973ee15fd7fa85d2e85095c0723d550f16a429921b432f3c26534b428a4f,five_axis_explicit,mounarea_2,has_metrics_no_final_label,,matched_route_for_outcome_evidence
SHANYU000-95b8973ee15fd7fa,outcome_source,D:\SIX_Manual_Config\offline_12map_telemetry_20260814\generated_routes_v3\summary.csv,abf77f7293d6281097640c616b5f36461af6287cf105fe82bb58cb24e9dd3247,5988,95b8973ee15fd7fa85d2e85095c0723d550f16a429921b432f3c26534b428a4f,five_axis_explicit,mounarea_2,has_metrics_no_final_label,,primary_or_supporting_outcome_evidence
SHANYU000-63f02a8581f5db14,route_npz,D:\SIX_Manual_Config\offline_12map_telemetry_20260814\generated_routes_v3\narrow_1.npz,63f02a8581f5db14722dad19a741331bf82ae17a9b058a6ec2aa2656b4c5581c,42234,63f02a8581f5db14722dad19a741331bf82ae17a9b058a6ec2aa2656b4c5581c,five_axis_explicit,narrow_1,has_metrics_no_final_label,,matched_route_for_outcome_evidence
SHANYU000-63f02a8581f5db14,outcome_source,D:\SIX_Manual_Config\offline_12map_telemetry_20260814\generated_routes_v3\summary.csv,abf77f7293d6281097640c616b5f36461af6287cf105fe82bb58cb24e9dd3247,5988,63f02a8581f5db14722dad19a741331bf82ae17a9b058a6ec2aa2656b4c5581c,five_axis_explicit,narrow_1,has_metrics_no_final_label,,primary_or_supporting_outcome_evidence
SHANYU000-63f02a8581f5db14,outcome_source,D:\SIX_Manual_Config\offline_12map_telemetry_20260814\generated_routes_v3_probe\summary.csv,5a0fc02873eb4eeec7dd1e46cd2219ca1f2d2c913ae24ad4227392f94b73cba1,1593,63f02a8581f5db14722dad19a741331bf82ae17a9b058a6ec2aa2656b4c5581c,five_axis_explicit,narrow_1,has_metrics_no_final_label,,primary_or_supporting_outcome_evidence
SHANYU000-362c99536edd2161,route_npz,D:\SIX_Manual_Config\offline_12map_telemetry_20260814\generated_routes_v3\overpass_1.npz,362c99536edd2161e3dcff446591049941cbacbcadc40614f4af0e678c57ede6,1548376,362c99536edd2161e3dcff446591049941cbacbcadc40614f4af0e678c57ede6,five_axis_explicit,overpass_1,has_metrics_no_final_label,,matched_route_for_outcome_evidence
SHANYU000-362c99536edd2161,outcome_source,D:\SIX_Manual_Config\offline_12map_telemetry_20260814\generated_routes_v3\summary.csv,abf77f7293d6281097640c616b5f36461af6287cf105fe82bb58cb24e9dd3247,5988,362c99536edd2161e3dcff446591049941cbacbcadc40614f4af0e678c57ede6,five_axis_explicit,overpass_1,has_metrics_no_final_label,,primary_or_supporting_outcome_evidence
SHANYU000-1efdfc7becdb7691,route_npz,D:\SIX_Manual_Config\offline_12map_telemetry_20260814\generated_routes_v3\overpass_2.npz,1efdfc7becdb769116757ec46d7d25754def2c47754679f05a33d9c4f2ef7d46,1858811,1efdfc7becdb769116757ec46d7d25754def2c47754679f05a33d9c4f2ef7d46,five_axis_explicit,overpass_2,has_metrics_no_final_label,,matched_route_for_outcome_evidence
SHANYU000-1efdfc7becdb7691,outcome_source,D:\SIX_Manual_Config\offline_12map_telemetry_20260814\generated_routes_v3\summary.csv,abf77f7293d6281097640c616b5f36461af6287cf105fe82bb58cb24e9dd3247,5988,1efdfc7becdb769116757ec46d7d25754def2c47754679f05a33d9c4f2ef7d46,five_axis_explicit,overpass_2,has_metrics_no_final_label,,primary_or_supporting_outcome_evidence
SHANYU000-af22c11c27d9a77e,route_npz,D:\SIX_Manual_Config\offline_12map_telemetry_20260814\generated_routes_v3\ramp_1.npz,af22c11c27d9a77e56e5307fdc1bb6aa489142c6d43bce8d3c449510bf1e5d6e,613983,af22c11c27d9a77e56e5307fdc1bb6aa489142c6d43bce8d3c449510bf1e5d6e,five_axis_explicit,ramp_1,has_metrics_no_final_label,,matched_route_for_outcome_evidence
SHANYU000-af22c11c27d9a77e,outcome_source,D:\SIX_Manual_Config\offline_12map_telemetry_20260814\generated_routes_v3\summary.csv,abf77f7293d6281097640c616b5f36461af6287cf105fe82bb58cb24e9dd3247,5988,af22c11c27d9a77e56e5307fdc1bb6aa489142c6d43bce8d3c449510bf1e5d6e,five_axis_explicit,ramp_1,has_metrics_no_final_label,,primary_or_supporting_outcome_evidence
SHANYU000-205d8eadf9440f5d,route_npz,D:\SIX_Manual_Config\offline_12map_telemetry_20260814\generated_routes_v3\ramp_2.npz,205d8eadf9440f5df565a56af93050ca1cefb3786ed31b5208a2c87bb8a2a329,879388,205d8eadf9440f5df565a56af93050ca1cefb3786ed31b5208a2c87bb8a2a329,five_axis_explicit,ramp_2,has_metrics_no_final_label,,matched_route_for_outcome_evidence
SHANYU000-205d8eadf9440f5d,outcome_source,D:\SIX_Manual_Config\offline_12map_telemetry_20260814\generated_routes_v3\summary.csv,abf77f7293d6281097640c616b5f36461af6287cf105fe82bb58cb24e9dd3247,5988,205d8eadf9440f5df565a56af93050ca1cefb3786ed31b5208a2c87bb8a2a329,five_axis_explicit,ramp_2,has_metrics_no_final_label,,primary_or_supporting_outcome_evidence
SHANYU000-0bb4638553263675,route_npz,D:\SIX_Manual_Config\offline_12map_telemetry_20260814\generated_routes_v3\turnaround_1.npz,0bb4638553263675922dda1d8731e35d07361ea4aae6026387861394de94a07c,191318,0bb4638553263675922dda1d8731e35d07361ea4aae6026387861394de94a07c,five_axis_explicit,turnaround_1,has_metrics_no_final_label,,matched_route_for_outcome_evidence
SHANYU000-0bb4638553263675,outcome_source,D:\SIX_Manual_Config\offline_12map_telemetry_20260814\generated_routes_v3\summary.csv,abf77f7293d6281097640c616b5f36461af6287cf105fe82bb58cb24e9dd3247,5988,0bb4638553263675922dda1d8731e35d07361ea4aae6026387861394de94a07c,five_axis_explicit,turnaround_1,has_metrics_no_final_label,,primary_or_supporting_outcome_evidence
SHANYU000-979960db134ff144,route_npz,D:\SIX_Manual_Config\output\map_only_baseline_narrow4\six_axis\narrow_4.npz,979960db134ff144518ab0ebeb662f94b2494f18230ca6da43899f5ca85fe7c6,99769,979960db134ff144518ab0ebeb662f94b2494f18230ca6da43899f5ca85fe7c6,six_axis_structural,narrow_4,has_metrics_no_final_label,,matched_route_for_outcome_evidence
SHANYU000-979960db134ff144,outcome_source,D:\SIX_Manual_Config\_narrow4_geometry_check\summary.json,36954ffda1d8aa004ab78c22b27de3e2a2a802e558d2cec034cea6f9f02ae455,642,979960db134ff144518ab0ebeb662f94b2494f18230ca6da43899f5ca85fe7c6,six_axis_structural,narrow_4,has_metrics_no_final_label,,primary_or_supporting_outcome_evidence
SHANYU000-979960db134ff144,outcome_source,D:\SIX_Manual_Config\_narrow4_geometry_check_full2\summary.json,1470dce5fe848053dd187f39bb4d1a3aa3fd1a4f023cfc38dd2631ba56394a87,610,979960db134ff144518ab0ebeb662f94b2494f18230ca6da43899f5ca85fe7c6,six_axis_structural,narrow_4,has_metrics_no_final_label,,primary_or_supporting_outcome_evidence
SHANYU000-979960db134ff144,outcome_source,D:\SIX_Manual_Config\_narrow4_geometry_check_full\summary.json,fb0017198fcc0cc702ef032f1e8d619433e32a4748cdc951a2451c0e433191f8,627,979960db134ff144518ab0ebeb662f94b2494f18230ca6da43899f5ca85fe7c6,six_axis_structural,narrow_4,has_metrics_no_final_label,,primary_or_supporting_outcome_evidence
SHANYU000-5c406cee3a0a49cc,route_npz,D:\SIX_Manual_Config\tmp\five_axis_20mps_work\outputs\goal20\candidate_02_rebuild_routes\mounarea_1.npz,5c406cee3a0a49cc52f112ae16f4a47d820eabfa7e08874261db2423a1f565e9,797123,5c406cee3a0a49cc52f112ae16f4a47d820eabfa7e08874261db2423a1f565e9,five_axis_explicit,mounarea_1,has_metrics_no_final_label,,matched_route_for_outcome_evidence
SHANYU000-5c406cee3a0a49cc,outcome_source,D:\SIX_Manual_Config\测试\部署\20260810_五轴_v4_UE4实际运行版\实际运行代码\output\planner_regen_five_axis_u1_v2_20260811\summary.csv,cefb74f06ee1f0a426fd7145d99392fd2a0b43b69dd446e9c6378885b447854b,7322,5c406cee3a0a49cc52f112ae16f4a47d820eabfa7e08874261db2423a1f565e9,five_axis_explicit,mounarea_1,has_metrics_no_final_label,,primary_or_supporting_outcome_evidence
SHANYU000-366a3913b9baa1fe,route_npz,D:\SIX_Manual_Config\tmp\five_axis_20mps_work\outputs\goal20\candidate_02_rebuild_routes\mounarea_2.npz,366a3913b9baa1feba9e96f287f14445129f568ab42294a5660554e0dc2f892e,409610,366a3913b9baa1feba9e96f287f14445129f568ab42294a5660554e0dc2f892e,five_axis_explicit,mounarea_2,has_metrics_no_final_label,,matched_route_for_outcome_evidence
SHANYU000-366a3913b9baa1fe,outcome_source,D:\SIX_Manual_Config\测试\部署\20260810_五轴_v4_UE4实际运行版\实际运行代码\output\planner_regen_five_axis_u1_v2_20260811\summary.csv,cefb74f06ee1f0a426fd7145d99392fd2a0b43b69dd446e9c6378885b447854b,7322,366a3913b9baa1feba9e96f287f14445129f568ab42294a5660554e0dc2f892e,five_axis_explicit,mounarea_2,has_metrics_no_final_label,,primary_or_supporting_outcome_evidence
SHANYU000-6df86e2b13eefac1,route_npz,D:\SIX_Manual_Config\tmp\five_axis_20mps_work\outputs\goal20\candidate_02_rebuild_routes\overpass_1.npz,6df86e2b13eefac1afc96328bb4a8fc19b910751938c424c16d1bc6387ed2b0e,1546954,6df86e2b13eefac1afc96328bb4a8fc19b910751938c424c16d1bc6387ed2b0e,five_axis_explicit,overpass_1,has_metrics_no_final_label,,matched_route_for_outcome_evidence
SHANYU000-6df86e2b13eefac1,outcome_source,D:\SIX_Manual_Config\测试\部署\20260810_五轴_v4_UE4实际运行版\实际运行代码\output\planner_regen_five_axis_u1_v2_20260811\summary.csv,cefb74f06ee1f0a426fd7145d99392fd2a0b43b69dd446e9c6378885b447854b,7322,6df86e2b13eefac1afc96328bb4a8fc19b910751938c424c16d1bc6387ed2b0e,five_axis_explicit,overpass_1,has_metrics_no_final_label,,primary_or_supporting_outcome_evidence
SHANYU000-5991213c4bb03db9,route_npz,D:\SIX_Manual_Config\tmp\five_axis_20mps_work\outputs\goal20\candidate_02_rebuild_routes\overpass_2.npz,5991213c4bb03db9a0af9ea7949d3a2a66347eb6b51bc16e6a132a2a9a0fd48a,1854155,5991213c4bb03db9a0af9ea7949d3a2a66347eb6b51bc16e6a132a2a9a0fd48a,five_axis_explicit,overpass_2,has_metrics_no_final_label,,matched_route_for_outcome_evidence
SHANYU000-5991213c4bb03db9,outcome_source,D:\SIX_Manual_Config\测试\部署\20260810_五轴_v4_UE4实际运行版\实际运行代码\output\planner_regen_five_axis_u1_v2_20260811\summary.csv,cefb74f06ee1f0a426fd7145d99392fd2a0b43b69dd446e9c6378885b447854b,7322,5991213c4bb03db9a0af9ea7949d3a2a66347eb6b51bc16e6a132a2a9a0fd48a,five_axis_explicit,overpass_2,has_metrics_no_final_label,,primary_or_supporting_outcome_evidence
SHANYU000-46c77395f2f40ba4,route_npz,D:\SIX_Manual_Config\tmp\five_axis_20mps_work\outputs\goal20\candidate_02_rebuild_routes\roundabout_1.npz,46c77395f2f40ba41e9b187f5adcb41ee0189ff1cd5a4476b7fb6aeb510a3029,510494,46c77395f2f40ba41e9b187f5adcb41ee0189ff1cd5a4476b7fb6aeb510a3029,five_axis_explicit,,has_metrics_no_final_label,,matched_route_for_outcome_evidence
SHANYU000-46c77395f2f40ba4,outcome_source,D:\SIX_Manual_Config\测试\部署\20260810_五轴_v4_UE4实际运行版\实际运行代码\output\planner_regen_five_axis_u1_v2_20260811\summary.csv,cefb74f06ee1f0a426fd7145d99392fd2a0b43b69dd446e9c6378885b447854b,7322,46c77395f2f40ba41e9b187f5adcb41ee0189ff1cd5a4476b7fb6aeb510a3029,five_axis_explicit,,has_metrics_no_final_label,,primary_or_supporting_outcome_evidence
SHANYU000-d0dea43c17b9d57b,route_npz,D:\SIX_Manual_Config\tmp\five_axis_20mps_work\outputs\goal20\candidate_02_rebuild_routes\roundabout_2.npz,d0dea43c17b9d57bd079ed2839f69fe5770accf6008b023b54b4e51048e1ded1,316955,d0dea43c17b9d57bd079ed2839f69fe5770accf6008b023b54b4e51048e1ded1,five_axis_explicit,,has_metrics_no_final_label,,matched_route_for_outcome_evidence
SHANYU000-d0dea43c17b9d57b,outcome_source,D:\SIX_Manual_Config\测试\部署\20260810_五轴_v4_UE4实际运行版\实际运行代码\output\planner_regen_five_axis_u1_v2_20260811\summary.csv,cefb74f06ee1f0a426fd7145d99392fd2a0b43b69dd446e9c6378885b447854b,7322,d0dea43c17b9d57bd079ed2839f69fe5770accf6008b023b54b4e51048e1ded1,five_axis_explicit,,has_metrics_no_final_label,,primary_or_supporting_outcome_evidence
SHANYU000-8a60a96e671bd819,route_npz,D:\SIX_Manual_Config\tmp\five_axis_20mps_work\outputs\goal20\candidate_02_rebuild_routes\turnaround_1.npz,8a60a96e671bd819f5f8a8dd6659538af9606aa898dc9e0115d79f9621edf3cf,182121,8a60a96e671bd819f5f8a8dd6659538af9606aa898dc9e0115d79f9621edf3cf,five_axis_explicit,turnaround_1,has_metrics_no_final_label,,matched_route_for_outcome_evidence
SHANYU000-8a60a96e671bd819,outcome_source,D:\SIX_Manual_Config\tmp\five_axis_20mps_work\outputs\goal20\candidate_02_rebuild_routes\summary.csv,614f4813ae9513326711ea19ae1c3be198ff5b5cd487e714b281d831dda73a77,1069,8a60a96e671bd819f5f8a8dd6659538af9606aa898dc9e0115d79f9621edf3cf,five_axis_explicit,turnaround_1,has_metrics_no_final_label,,primary_or_supporting_outcome_evidence
SHANYU000-7faa5536c4886a57,route_npz,D:\SIX_Manual_Config\tmp\five_axis_20mps_work\outputs\goal20\candidate_06_current_atlas_routes\cliff_1.npz,7faa5536c4886a57e3dfe481dd2eba0d63a1c0bb6421963640707a94b9948673,106412,7faa5536c4886a57e3dfe481dd2eba0d63a1c0bb6421963640707a94b9948673,five_axis_explicit,cliff_1,has_metrics_no_final_label,,matched_route_for_outcome_evidence
SHANYU000-7faa5536c4886a57,outcome_source,D:\SIX_Manual_Config\tmp\five_axis_20mps_work\outputs\goal20\candidate_06_current_atlas_routes\summary.csv,d875eb8216824b5fc1dddf9095d05574623c171c46c6afef9aa569acf4008bdd,5979,7faa5536c4886a57e3dfe481dd2eba0d63a1c0bb6421963640707a94b9948673,five_axis_explicit,cliff_1,has_metrics_no_final_label,,primary_or_supporting_outcome_evidence
SHANYU000-dd89270d8a02bde9,route_npz,D:\SIX_Manual_Config\tmp\five_axis_20mps_work\outputs\goal20\candidate_06_current_atlas_routes\cliff_2.npz,dd89270d8a02bde9e481c4e02badc5ef7f80d27c62ac193a0007133a6f559d55,404393,dd89270d8a02bde9e481c4e02badc5ef7f80d27c62ac193a0007133a6f559d55,five_axis_explicit,cliff_2,has_metrics_no_final_label,,matched_route_for_outcome_evidence
SHANYU000-dd89270d8a02bde9,outcome_source,D:\SIX_Manual_Config\tmp\five_axis_20mps_work\outputs\goal20\candidate_06_current_atlas_routes\summary.csv,d875eb8216824b5fc1dddf9095d05574623c171c46c6afef9aa569acf4008bdd,5979,dd89270d8a02bde9e481c4e02badc5ef7f80d27c62ac193a0007133a6f559d55,five_axis_explicit,cliff_2,has_metrics_no_final_label,,primary_or_supporting_outcome_evidence
SHANYU000-9bb6c8749c5cbf75,route_npz,D:\SIX_Manual_Config\tmp\five_axis_20mps_work\outputs\goal20\candidate_06_current_atlas_routes\cross_1.npz,9bb6c8749c5cbf75dee66886040f3d2ad722cdb202bffeeee68ae872dfc8c239,239308,9bb6c8749c5cbf75dee66886040f3d2ad722cdb202bffeeee68ae872dfc8c239,five_axis_explicit,cross_1,has_metrics_no_final_label,,matched_route_for_outcome_evidence
SHANYU000-9bb6c8749c5cbf75,outcome_source,D:\SIX_Manual_Config\tmp\five_axis_20mps_work\outputs\goal20\candidate_06_current_atlas_routes\summary.csv,d875eb8216824b5fc1dddf9095d05574623c171c46c6afef9aa569acf4008bdd,5979,9bb6c8749c5cbf75dee66886040f3d2ad722cdb202bffeeee68ae872dfc8c239,five_axis_explicit,cross_1,has_metrics_no_final_label,,primary_or_supporting_outcome_evidence
SHANYU000-86ab6cce18f944a9,route_npz,D:\SIX_Manual_Config\tmp\five_axis_20mps_work\outputs\goal20\candidate_06_current_atlas_routes\cross_2.npz,86ab6cce18f944a998672f14e01bd97dcb91708a21f4a29a9a7c1eb1e856a6ee,228142,86ab6cce18f944a998672f14e01bd97dcb91708a21f4a29a9a7c1eb1e856a6ee,five_axis_explicit,cross_2,has_metrics_no_final_label,,matched_route_for_outcome_evidence
SHANYU000-86ab6cce18f944a9,outcome_source,D:\SIX_Manual_Config\tmp\five_axis_20mps_work\outputs\goal20\candidate_06_current_atlas_routes\summary.csv,d875eb8216824b5fc1dddf9095d05574623c171c46c6afef9aa569acf4008bdd,5979,86ab6cce18f944a998672f14e01bd97dcb91708a21f4a29a9a7c1eb1e856a6ee,five_axis_explicit,cross_2,has_metrics_no_final_label,,primary_or_supporting_outcome_evidence
SHANYU000-e651d1502711c5fc,route_npz,D:\SIX_Manual_Config\tmp\five_axis_20mps_work\outputs\goal20\candidate_06_current_atlas_routes\mounarea_1.npz,e651d1502711c5fc3696051b04b648f4600c4f68aac4a6da566143d17596914a,796936,e651d1502711c5fc3696051b04b648f4600c4f68aac4a6da566143d17596914a,five_axis_explicit,mounarea_1,has_metrics_no_final_label,,matched_route_for_outcome_evidence
SHANYU000-e651d1502711c5fc,outcome_source,D:\SIX_Manual_Config\tmp\five_axis_20mps_work\outputs\goal20\candidate_06_current_atlas_routes\summary.csv,d875eb8216824b5fc1dddf9095d05574623c171c46c6afef9aa569acf4008bdd,5979,e651d1502711c5fc3696051b04b648f4600c4f68aac4a6da566143d17596914a,five_axis_explicit,mounarea_1,has_metrics_no_final_label,,primary_or_supporting_outcome_evidence
SHANYU000-0133cebcd2abf8fa,route_npz,D:\SIX_Manual_Config\tmp\five_axis_20mps_work\outputs\goal20\candidate_06_current_atlas_routes\mounarea_2.npz,0133cebcd2abf8fae5032e643159b50bbdbcd4c5b22e1bb38be4f20dde786fb5,409681,0133cebcd2abf8fae5032e643159b50bbdbcd4c5b22e1bb38be4f20dde786fb5,five_axis_explicit,mounarea_2,has_metrics_no_final_label,,matched_route_for_outcome_evidence
SHANYU000-0133cebcd2abf8fa,outcome_source,D:\SIX_Manual_Config\tmp\five_axis_20mps_work\outputs\goal20\candidate_06_current_atlas_routes\summary.csv,d875eb8216824b5fc1dddf9095d05574623c171c46c6afef9aa569acf4008bdd,5979,0133cebcd2abf8fae5032e643159b50bbdbcd4c5b22e1bb38be4f20dde786fb5,five_axis_explicit,mounarea_2,has_metrics_no_final_label,,primary_or_supporting_outcome_evidence
SHANYU000-fe718bfe79f3a860,route_npz,D:\SIX_Manual_Config\tmp\five_axis_20mps_work\outputs\goal20\candidate_06_current_atlas_routes\narrow_1.npz,fe718bfe79f3a8601d69ba84bdfdc874dbe22c7e18e93f2b469bf9e361c066bb,41999,fe718bfe79f3a8601d69ba84bdfdc874dbe22c7e18e93f2b469bf9e361c066bb,five_axis_explicit,narrow_1,has_metrics_no_final_label,,matched_route_for_outcome_evidence
SHANYU000-fe718bfe79f3a860,outcome_source,D:\SIX_Manual_Config\tmp\five_axis_20mps_work\outputs\goal20\candidate_06_current_atlas_routes\summary.csv,d875eb8216824b5fc1dddf9095d05574623c171c46c6afef9aa569acf4008bdd,5979,fe718bfe79f3a8601d69ba84bdfdc874dbe22c7e18e93f2b469bf9e361c066bb,five_axis_explicit,narrow_1,has_metrics_no_final_label,,primary_or_supporting_outcome_evidence
SHANYU000-7f7584c3244c0256,route_npz,D:\SIX_Manual_Config\tmp\five_axis_20mps_work\outputs\goal20\candidate_06_current_atlas_routes\overpass_1.npz,7f7584c3244c0256b986f222c495210b4c3fddd6f7c701b42244366c13a20342,1546486,7f7584c3244c0256b986f222c495210b4c3fddd6f7c701b42244366c13a20342,five_axis_explicit,overpass_1,has_metrics_no_final_label,,matched_route_for_outcome_evidence
SHANYU000-7f7584c3244c0256,outcome_source,D:\SIX_Manual_Config\tmp\five_axis_20mps_work\outputs\goal20\candidate_06_current_atlas_routes\summary.csv,d875eb8216824b5fc1dddf9095d05574623c171c46c6afef9aa569acf4008bdd,5979,7f7584c3244c0256b986f222c495210b4c3fddd6f7c701b42244366c13a20342,five_axis_explicit,overpass_1,has_metrics_no_final_label,,primary_or_supporting_outcome_evidence
SHANYU000-758da934ed005d03,route_npz,D:\SIX_Manual_Config\tmp\five_axis_20mps_work\outputs\goal20\candidate_06_current_atlas_routes\overpass_2.npz,758da934ed005d039d0e1b9b7e051d446a87f1b8a236bfa97069f103ffbcf555,1856459,758da934ed005d039d0e1b9b7e051d446a87f1b8a236bfa97069f103ffbcf555,five_axis_explicit,overpass_2,has_metrics_no_final_label,,matched_route_for_outcome_evidence
SHANYU000-758da934ed005d03,outcome_source,D:\SIX_Manual_Config\tmp\five_axis_20mps_work\outputs\goal20\candidate_06_current_atlas_routes\summary.csv,d875eb8216824b5fc1dddf9095d05574623c171c46c6afef9aa569acf4008bdd,5979,758da934ed005d039d0e1b9b7e051d446a87f1b8a236bfa97069f103ffbcf555,five_axis_explicit,overpass_2,has_metrics_no_final_label,,primary_or_supporting_outcome_evidence
SHANYU000-caf49dddcac54814,route_npz,D:\SIX_Manual_Config\tmp\five_axis_20mps_work\outputs\goal20\candidate_06_current_atlas_routes\ramp_1.npz,caf49dddcac548142599de906e892cce7d9639b8eef4f41909dc6ee232550282,613925,caf49dddcac548142599de906e892cce7d9639b8eef4f41909dc6ee232550282,five_axis_explicit,ramp_1,has_metrics_no_final_label,,matched_route_for_outcome_evidence
SHANYU000-caf49dddcac54814,outcome_source,D:\SIX_Manual_Config\tmp\five_axis_20mps_work\outputs\goal20\candidate_06_current_atlas_routes\summary.csv,d875eb8216824b5fc1dddf9095d05574623c171c46c6afef9aa569acf4008bdd,5979,caf49dddcac548142599de906e892cce7d9639b8eef4f41909dc6ee232550282,five_axis_explicit,ramp_1,has_metrics_no_final_label,,primary_or_supporting_outcome_evidence
SHANYU000-604c1d2322660557,route_npz,D:\SIX_Manual_Config\tmp\five_axis_20mps_work\outputs\goal20\candidate_06_current_atlas_routes\ramp_2.npz,604c1d23226605579271b35f163b0d4b4c4fed4dc41d2be9b62d2ceaf4ef1514,877428,604c1d23226605579271b35f163b0d4b4c4fed4dc41d2be9b62d2ceaf4ef1514,five_axis_explicit,ramp_2,has_metrics_no_final_label,,matched_route_for_outcome_evidence
SHANYU000-604c1d2322660557,outcome_source,D:\SIX_Manual_Config\tmp\five_axis_20mps_work\outputs\goal20\candidate_06_current_atlas_routes\summary.csv,d875eb8216824b5fc1dddf9095d05574623c171c46c6afef9aa569acf4008bdd,5979,604c1d23226605579271b35f163b0d4b4c4fed4dc41d2be9b62d2ceaf4ef1514,five_axis_explicit,ramp_2,has_metrics_no_final_label,,primary_or_supporting_outcome_evidence
SHANYU000-413a661dd886603c,route_npz,D:\SIX_Manual_Config\tmp\five_axis_20mps_work\outputs\goal20\candidate_06_current_atlas_routes\turnaround_1.npz,413a661dd886603cbafd991adf56221753f89bb88c0b857629489c6d17f4b648,182128,413a661dd886603cbafd991adf56221753f89bb88c0b857629489c6d17f4b648,five_axis_explicit,turnaround_1,has_metrics_no_final_label,,matched_route_for_outcome_evidence
SHANYU000-413a661dd886603c,outcome_source,D:\SIX_Manual_Config\tmp\five_axis_20mps_work\outputs\goal20\candidate_06_current_atlas_routes\summary.csv,d875eb8216824b5fc1dddf9095d05574623c171c46c6afef9aa569acf4008bdd,5979,413a661dd886603cbafd991adf56221753f89bb88c0b857629489c6d17f4b648,five_axis_explicit,turnaround_1,has_metrics_no_final_label,,primary_or_supporting_outcome_evidence
SHANYU000-0d9ca872ecc50aa5,route_npz,D:\SIX_Manual_Config\_map_only_npz_planner_runs\baseline_all\five_axis\cliff_2.npz,0d9ca872ecc50aa5b9bf6ea39bacca2a87c48904ae00879f69ab3389131dd1fe,285527,0d9ca872ecc50aa5b9bf6ea39bacca2a87c48904ae00879f69ab3389131dd1fe,five_axis_explicit,cliff_2,has_metrics_no_final_label,,matched_route_for_outcome_evidence
SHANYU000-0d9ca872ecc50aa5,outcome_source,D:\SIX_Manual_Config\_map_only_npz_planner_runs\baseline_all\summary.json,76cc672d75c1e2cd5997699a933a428c0751be7fd06e2032b3d9f7f42f245683,15921,0d9ca872ecc50aa5b9bf6ea39bacca2a87c48904ae00879f69ab3389131dd1fe,five_axis_explicit,cliff_2,has_metrics_no_final_label,,primary_or_supporting_outcome_evidence
SHANYU000-0d9ca872ecc50aa5,outcome_source,D:\SIX_Manual_Config\_map_only_npz_planner_runs\baseline_all_v2\summary.json,c7d64db0b034c1b74abd3e14cb5357721e8f4d1e71d7f4c170def1f6129e05ef,9678,0d9ca872ecc50aa5b9bf6ea39bacca2a87c48904ae00879f69ab3389131dd1fe,five_axis_explicit,cliff_2,has_metrics_no_final_label,,primary_or_supporting_outcome_evidence
SHANYU000-e5d397b462c427ec,route_npz,D:\SIX_Manual_Config\_map_only_npz_planner_runs\baseline_all\five_axis\cross_1.npz,e5d397b462c427ec74fe3828c05e6da358806031c638f9d83c0b200cafe0285e,236059,e5d397b462c427ec74fe3828c05e6da358806031c638f9d83c0b200cafe0285e,five_axis_explicit,cross_1,has_metrics_no_final_label,,matched_route_for_outcome_evidence
SHANYU000-e5d397b462c427ec,outcome_source,D:\SIX_Manual_Config\_map_only_npz_planner_runs\_smoke_output_v2\summary.json,1eb7eeb631aa0a261be453455fb2b8b90007ee11c9fd66576f66e925606d7328,974,e5d397b462c427ec74fe3828c05e6da358806031c638f9d83c0b200cafe0285e,five_axis_explicit,cross_1,has_metrics_no_final_label,,primary_or_supporting_outcome_evidence
SHANYU000-e5d397b462c427ec,outcome_source,D:\SIX_Manual_Config\_map_only_npz_planner_runs\baseline_all\summary.json,76cc672d75c1e2cd5997699a933a428c0751be7fd06e2032b3d9f7f42f245683,15921,e5d397b462c427ec74fe3828c05e6da358806031c638f9d83c0b200cafe0285e,five_axis_explicit,cross_1,has_metrics_no_final_label,,primary_or_supporting_outcome_evidence
SHANYU000-559d386f97d2c522,route_npz,D:\SIX_Manual_Config\_map_only_npz_planner_runs\baseline_all\five_axis\overpass_2.npz,559d386f97d2c522eb1798cd731dfa71a6425f0d1b4c6b3ebb3d18e017eefb26,485292,559d386f97d2c522eb1798cd731dfa71a6425f0d1b4c6b3ebb3d18e017eefb26,five_axis_explicit,overpass_2,has_metrics_no_final_label,,matched_route_for_outcome_evidence
SHANYU000-559d386f97d2c522,outcome_source,D:\SIX_Manual_Config\_map_only_npz_planner_runs\baseline_all\summary.json,76cc672d75c1e2cd5997699a933a428c0751be7fd06e2032b3d9f7f42f245683,15921,559d386f97d2c522eb1798cd731dfa71a6425f0d1b4c6b3ebb3d18e017eefb26,five_axis_explicit,overpass_2,has_metrics_no_final_label,,primary_or_supporting_outcome_evidence
SHANYU000-4ef907f0bd2612dc,route_npz,D:\SIX_Manual_Config\_map_only_npz_planner_runs\baseline_all\five_axis\ramp_1.npz,4ef907f0bd2612dca8a21f5b08903363a55909963ed1d75f2b62e3c247cf57b4,568311,4ef907f0bd2612dca8a21f5b08903363a55909963ed1d75f2b62e3c247cf57b4,five_axis_explicit,ramp_1,has_metrics_no_final_label,,matched_route_for_outcome_evidence
SHANYU000-4ef907f0bd2612dc,outcome_source,D:\SIX_Manual_Config\_map_only_npz_planner_runs\baseline_all\summary.json,76cc672d75c1e2cd5997699a933a428c0751be7fd06e2032b3d9f7f42f245683,15921,4ef907f0bd2612dca8a21f5b08903363a55909963ed1d75f2b62e3c247cf57b4,five_axis_explicit,ramp_1,has_metrics_no_final_label,,primary_or_supporting_outcome_evidence
SHANYU000-9132d1596a906ec1,route_npz,D:\SIX_Manual_Config\_map_only_npz_planner_runs\baseline_all\five_axis\ramp_2.npz,9132d1596a906ec1bc3f64ef3514e413f728a8e2ea21baed6d23327c58df5ca7,755974,9132d1596a906ec1bc3f64ef3514e413f728a8e2ea21baed6d23327c58df5ca7,five_axis_explicit,ramp_2,has_metrics_no_final_label,,matched_route_for_outcome_evidence
SHANYU000-9132d1596a906ec1,outcome_source,D:\SIX_Manual_Config\_map_only_npz_planner_runs\baseline_all\summary.json,76cc672d75c1e2cd5997699a933a428c0751be7fd06e2032b3d9f7f42f245683,15921,9132d1596a906ec1bc3f64ef3514e413f728a8e2ea21baed6d23327c58df5ca7,five_axis_explicit,ramp_2,has_metrics_no_final_label,,primary_or_supporting_outcome_evidence
SHANYU000-30c0de2219f6e2ca,route_npz,D:\SIX_Manual_Config\_map_only_npz_planner_runs\baseline_all\six_axis\cliff_2.npz,30c0de2219f6e2cafc464275624e10ef840a8441566cf68cb0aad7c70dcef81a,188974,30c0de2219f6e2cafc464275624e10ef840a8441566cf68cb0aad7c70dcef81a,six_axis_structural,cliff_2,has_metrics_no_final_label,,matched_route_for_outcome_evidence
SHANYU000-30c0de2219f6e2ca,outcome_source,D:\SIX_Manual_Config\_map_only_npz_planner_runs\baseline_all\summary.json,76cc672d75c1e2cd5997699a933a428c0751be7fd06e2032b3d9f7f42f245683,15921,30c0de2219f6e2cafc464275624e10ef840a8441566cf68cb0aad7c70dcef81a,six_axis_structural,cliff_2,has_metrics_no_final_label,,primary_or_supporting_outcome_evidence
SHANYU000-30c0de2219f6e2ca,outcome_source,D:\SIX_Manual_Config\_map_only_npz_planner_runs\baseline_all_v2\summary.json,c7d64db0b034c1b74abd3e14cb5357721e8f4d1e71d7f4c170def1f6129e05ef,9678,30c0de2219f6e2cafc464275624e10ef840a8441566cf68cb0aad7c70dcef81a,six_axis_structural,cliff_2,has_metrics_no_final_label,,primary_or_supporting_outcome_evidence
SHANYU000-b063b49d8da5cd74,route_npz,D:\SIX_Manual_Config\_map_only_npz_planner_runs\baseline_all\six_axis\cross_1.npz,b063b49d8da5cd7491ca2b877a5e7e8d5f8f99eae4b54886c55c8eadff3dacb6,117038,b063b49d8da5cd7491ca2b877a5e7e8d5f8f99eae4b54886c55c8eadff3dacb6,six_axis_structural,cross_1,has_metrics_no_final_label,,matched_route_for_outcome_evidence
SHANYU000-b063b49d8da5cd74,outcome_source,D:\SIX_Manual_Config\_map_only_npz_planner_runs\_smoke_output_v2\summary.json,1eb7eeb631aa0a261be453455fb2b8b90007ee11c9fd66576f66e925606d7328,974,b063b49d8da5cd7491ca2b877a5e7e8d5f8f99eae4b54886c55c8eadff3dacb6,six_axis_structural,cross_1,has_metrics_no_final_label,,primary_or_supporting_outcome_evidence
SHANYU000-b063b49d8da5cd74,outcome_source,D:\SIX_Manual_Config\_map_only_npz_planner_runs\baseline_all\summary.json,76cc672d75c1e2cd5997699a933a428c0751be7fd06e2032b3d9f7f42f245683,15921,b063b49d8da5cd7491ca2b877a5e7e8d5f8f99eae4b54886c55c8eadff3dacb6,six_axis_structural,cross_1,has_metrics_no_final_label,,primary_or_supporting_outcome_evidence
SHANYU000-8e103c5c17c16068,route_npz,D:\SIX_Manual_Config\_map_only_npz_planner_runs\baseline_all\six_axis\overpass_2.npz,8e103c5c17c160687b9389a16da0119a4300ebed3ec1773c84a865b29affbe36,235158,8e103c5c17c160687b9389a16da0119a4300ebed3ec1773c84a865b29affbe36,six_axis_structural,overpass_2,has_metrics_no_final_label,,matched_route_for_outcome_evidence
SHANYU000-8e103c5c17c16068,outcome_source,D:\SIX_Manual_Config\_map_only_npz_planner_runs\baseline_all\summary.json,76cc672d75c1e2cd5997699a933a428c0751be7fd06e2032b3d9f7f42f245683,15921,8e103c5c17c160687b9389a16da0119a4300ebed3ec1773c84a865b29affbe36,six_axis_structural,overpass_2,has_metrics_no_final_label,,primary_or_supporting_outcome_evidence
SHANYU000-452187ad32a524f5,route_npz,D:\SIX_Manual_Config\_map_only_npz_planner_runs\baseline_all\six_axis\ramp_1.npz,452187ad32a524f5dfec3dbe7415aa157ce4b05b8687e09c2eabe22ab91e68d5,347473,452187ad32a524f5dfec3dbe7415aa157ce4b05b8687e09c2eabe22ab91e68d5,six_axis_structural,ramp_1,has_metrics_no_final_label,,matched_route_for_outcome_evidence
SHANYU000-452187ad32a524f5,outcome_source,D:\SIX_Manual_Config\_map_only_npz_planner_runs\baseline_all\summary.json,76cc672d75c1e2cd5997699a933a428c0751be7fd06e2032b3d9f7f42f245683,15921,452187ad32a524f5dfec3dbe7415aa157ce4b05b8687e09c2eabe22ab91e68d5,six_axis_structural,ramp_1,has_metrics_no_final_label,,primary_or_supporting_outcome_evidence
SHANYU000-56dc422000363b38,route_npz,D:\SIX_Manual_Config\_map_only_npz_planner_runs\baseline_all\six_axis\ramp_2.npz,56dc422000363b3880c44cb4a9a86b3fd8b1698e8dc9e5e425405675ba1fa497,381598,56dc422000363b3880c44cb4a9a86b3fd8b1698e8dc9e5e425405675ba1fa497,six_axis_structural,ramp_2,has_metrics_no_final_label,,matched_route_for_outcome_evidence
SHANYU000-56dc422000363b38,outcome_source,D:\SIX_Manual_Config\_map_only_npz_planner_runs\baseline_all\summary.json,76cc672d75c1e2cd5997699a933a428c0751be7fd06e2032b3d9f7f42f245683,15921,56dc422000363b3880c44cb4a9a86b3fd8b1698e8dc9e5e425405675ba1fa497,six_axis_structural,ramp_2,has_metrics_no_final_label,,primary_or_supporting_outcome_evidence
SHANYU000-442ad6c37f6cfc96,route_npz,D:\SIX_Manual_Config\_map_only_npz_planner_runs\baseline_all_v2\five_axis\cross_1.npz,442ad6c37f6cfc96aef48d20de5dc9822d9b6c3575f5ca59f98e5d4cc6715278,213033,442ad6c37f6cfc96aef48d20de5dc9822d9b6c3575f5ca59f98e5d4cc6715278,five_axis_explicit,cross_1,has_metrics_no_final_label,,matched_route_for_outcome_evidence
SHANYU000-442ad6c37f6cfc96,outcome_source,D:\SIX_Manual_Config\_map_only_npz_planner_runs\baseline_all_v2\summary.json,c7d64db0b034c1b74abd3e14cb5357721e8f4d1e71d7f4c170def1f6129e05ef,9678,442ad6c37f6cfc96aef48d20de5dc9822d9b6c3575f5ca59f98e5d4cc6715278,five_axis_explicit,cross_1,has_metrics_no_final_label,,primary_or_supporting_outcome_evidence
SHANYU000-98999a2e434bdfe1,route_npz,D:\SIX_Manual_Config\_map_only_npz_planner_runs\baseline_all_v2\five_axis\mounarea_1.npz,98999a2e434bdfe188448211b0623980a834aed0f01bdf5be09617c6e1624ff8,674887,98999a2e434bdfe188448211b0623980a834aed0f01bdf5be09617c6e1624ff8,five_axis_explicit,mounarea_1,has_metrics_no_final_label,,matched_route_for_outcome_evidence
SHANYU000-98999a2e434bdfe1,outcome_source,D:\SIX_Manual_Config\_map_only_npz_planner_runs\baseline_all_v2\summary.json,c7d64db0b034c1b74abd3e14cb5357721e8f4d1e71d7f4c170def1f6129e05ef,9678,98999a2e434bdfe188448211b0623980a834aed0f01bdf5be09617c6e1624ff8,five_axis_explicit,mounarea_1,has_metrics_no_final_label,,primary_or_supporting_outcome_evidence
SHANYU000-98999a2e434bdfe1,outcome_source,D:\SIX_Manual_Config\_map_only_npz_planner_runs\terrain_v5b\summary.json,8cc3cc06e94b8d4908e4387d440016d5d20bc932045cd5721589222195f81f4d,2573,98999a2e434bdfe188448211b0623980a834aed0f01bdf5be09617c6e1624ff8,five_axis_explicit,mounarea_1,has_metrics_no_final_label,,primary_or_supporting_outcome_evidence
SHANYU000-9c9a35c698e2dfda,route_npz,D:\SIX_Manual_Config\_map_only_npz_planner_runs\baseline_all_v2\five_axis\overpass_2.npz,9c9a35c698e2dfda0124fe8992ac9784f0c6689ee7a51f4fad6f6168d6955f4a,969046,9c9a35c698e2dfda0124fe8992ac9784f0c6689ee7a51f4fad6f6168d6955f4a,five_axis_explicit,overpass_2,has_metrics_no_final_label,,matched_route_for_outcome_evidence
SHANYU000-9c9a35c698e2dfda,outcome_source,D:\SIX_Manual_Config\_map_only_npz_planner_runs\baseline_all_v2\summary.json,c7d64db0b034c1b74abd3e14cb5357721e8f4d1e71d7f4c170def1f6129e05ef,9678,9c9a35c698e2dfda0124fe8992ac9784f0c6689ee7a51f4fad6f6168d6955f4a,five_axis_explicit,overpass_2,has_metrics_no_final_label,,primary_or_supporting_outcome_evidence
SHANYU000-0dbed6ebdeaf3437,route_npz,D:\SIX_Manual_Config\_map_only_npz_planner_runs\baseline_all_v2\five_axis\turnaround_1.npz,0dbed6ebdeaf34379d658d207a17c961aba9ba13cf818e21e6f8a72868f27348,139739,0dbed6ebdeaf34379d658d207a17c961aba9ba13cf818e21e6f8a72868f27348,five_axis_explicit,turnaround_1,has_metrics_no_final_label,,matched_route_for_outcome_evidence
SHANYU000-0dbed6ebdeaf3437,outcome_source,D:\SIX_Manual_Config\_map_only_npz_planner_runs\baseline_all_v2\summary.json,c7d64db0b034c1b74abd3e14cb5357721e8f4d1e71d7f4c170def1f6129e05ef,9678,0dbed6ebdeaf34379d658d207a17c961aba9ba13cf818e21e6f8a72868f27348,five_axis_explicit,turnaround_1,has_metrics_no_final_label,,primary_or_supporting_outcome_evidence
SHANYU000-0dbed6ebdeaf3437,outcome_source,D:\SIX_Manual_Config\_map_only_npz_planner_runs\topology_v3\summary.json,8f509dca2634980b1d6bf754f615b1d72c8928ad42744728946ca179985a22a6,2635,0dbed6ebdeaf34379d658d207a17c961aba9ba13cf818e21e6f8a72868f27348,five_axis_explicit,turnaround_1,has_metrics_no_final_label,,primary_or_supporting_outcome_evidence
SHANYU000-b481917a7d48309f,route_npz,D:\SIX_Manual_Config\_map_only_npz_planner_runs\baseline_all_v2\six_axis\cross_1.npz,b481917a7d48309f2c0542702cbf8f3b98dd7cf7ea5b9af866f45f73f7acffc8,158259,b481917a7d48309f2c0542702cbf8f3b98dd7cf7ea5b9af866f45f73f7acffc8,six_axis_structural,cross_1,has_metrics_no_final_label,,matched_route_for_outcome_evidence
SHANYU000-b481917a7d48309f,outcome_source,D:\SIX_Manual_Config\_map_only_npz_planner_runs\baseline_all_v2\summary.json,c7d64db0b034c1b74abd3e14cb5357721e8f4d1e71d7f4c170def1f6129e05ef,9678,b481917a7d48309f2c0542702cbf8f3b98dd7cf7ea5b9af866f45f73f7acffc8,six_axis_structural,cross_1,has_metrics_no_final_label,,primary_or_supporting_outcome_evidence
SHANYU000-8d562a084b62f3a1,route_npz,D:\SIX_Manual_Config\_map_only_npz_planner_runs\baseline_all_v2\six_axis\overpass_2.npz,8d562a084b62f3a14f0a45bf87b33b1fa1b05f1d8b38e2caa66d1bd3c32aba87,633593,8d562a084b62f3a14f0a45bf87b33b1fa1b05f1d8b38e2caa66d1bd3c32aba87,six_axis_structural,overpass_2,has_metrics_no_final_label,,matched_route_for_outcome_evidence
SHANYU000-8d562a084b62f3a1,outcome_source,D:\SIX_Manual_Config\_map_only_npz_planner_runs\baseline_all_v2\summary.json,c7d64db0b034c1b74abd3e14cb5357721e8f4d1e71d7f4c170def1f6129e05ef,9678,8d562a084b62f3a14f0a45bf87b33b1fa1b05f1d8b38e2caa66d1bd3c32aba87,six_axis_structural,overpass_2,has_metrics_no_final_label,,primary_or_supporting_outcome_evidence
SHANYU000-52d4fc818a98c1e8,route_npz,D:\SIX_Manual_Config\_map_only_npz_planner_runs\baseline_all_v2\six_axis\turnaround_1.npz,52d4fc818a98c1e86cd0c9fb97384e7cc2dc1ab11c9c47a2e4587a5d184effc1,80074,52d4fc818a98c1e86cd0c9fb97384e7cc2dc1ab11c9c47a2e4587a5d184effc1,six_axis_structural,turnaround_1,has_metrics_no_final_label,,matched_route_for_outcome_evidence
SHANYU000-52d4fc818a98c1e8,outcome_source,D:\SIX_Manual_Config\_map_only_npz_planner_runs\baseline_all_v2\summary.json,c7d64db0b034c1b74abd3e14cb5357721e8f4d1e71d7f4c170def1f6129e05ef,9678,52d4fc818a98c1e86cd0c9fb97384e7cc2dc1ab11c9c47a2e4587a5d184effc1,six_axis_structural,turnaround_1,has_metrics_no_final_label,,primary_or_supporting_outcome_evidence
SHANYU000-52d4fc818a98c1e8,outcome_source,D:\SIX_Manual_Config\_map_only_npz_planner_runs\topology_v3\summary.json,8f509dca2634980b1d6bf754f615b1d72c8928ad42744728946ca179985a22a6,2635,52d4fc818a98c1e86cd0c9fb97384e7cc2dc1ab11c9c47a2e4587a5d184effc1,six_axis_structural,turnaround_1,has_metrics_no_final_label,,primary_or_supporting_outcome_evidence
SHANYU000-b543ed81b0390539,route_npz,D:\SIX_Manual_Config\_map_only_npz_planner_runs\current_full_v17\five_axis\cliff_1.npz,b543ed81b0390539773566b73f4f19ad267061b12ba7a798d674287e985ca466,107240,b543ed81b0390539773566b73f4f19ad267061b12ba7a798d674287e985ca466,five_axis_explicit,cliff_1,has_metrics_no_final_label,,matched_route_for_outcome_evidence
SHANYU000-b543ed81b0390539,outcome_source,D:\SIX_Manual_Config\_map_only_npz_planner_runs\current_full_v17\summary.json,cafc684f791bed56cedafd155a741d471983c7208bdf6015edd948a1931109ff,12344,b543ed81b0390539773566b73f4f19ad267061b12ba7a798d674287e985ca466,five_axis_explicit,cliff_1,has_metrics_no_final_label,,primary_or_supporting_outcome_evidence
SHANYU000-874f2601b551dd69,route_npz,D:\SIX_Manual_Config\_map_only_npz_planner_runs\current_full_v17\five_axis\cliff_2.npz,874f2601b551dd69efb3f9764c7df54045b4ebda70e0f3cff99da978c1cd6c0d,392111,874f2601b551dd69efb3f9764c7df54045b4ebda70e0f3cff99da978c1cd6c0d,five_axis_explicit,cliff_2,has_metrics_no_final_label,,matched_route_for_outcome_evidence
SHANYU000-874f2601b551dd69,outcome_source,D:\SIX_Manual_Config\_map_only_npz_planner_runs\current_full_v17\summary.json,cafc684f791bed56cedafd155a741d471983c7208bdf6015edd948a1931109ff,12344,874f2601b551dd69efb3f9764c7df54045b4ebda70e0f3cff99da978c1cd6c0d,five_axis_explicit,cliff_2,has_metrics_no_final_label,,primary_or_supporting_outcome_evidence
SHANYU000-bc3865d594b14893,route_npz,D:\SIX_Manual_Config\_map_only_npz_planner_runs\current_full_v17\five_axis\cross_1.npz,bc3865d594b1489376b1c072559e97ef99cf78a93f962cf81ec5e04ca36cb2f6,212831,bc3865d594b1489376b1c072559e97ef99cf78a93f962cf81ec5e04ca36cb2f6,five_axis_explicit,cross_1,has_metrics_no_final_label,,matched_route_for_outcome_evidence
SHANYU000-bc3865d594b14893,outcome_source,D:\SIX_Manual_Config\_map_only_npz_planner_runs\current_full_v17\summary.json,cafc684f791bed56cedafd155a741d471983c7208bdf6015edd948a1931109ff,12344,bc3865d594b1489376b1c072559e97ef99cf78a93f962cf81ec5e04ca36cb2f6,five_axis_explicit,cross_1,has_metrics_no_final_label,,primary_or_supporting_outcome_evidence
SHANYU000-18ae95acf2fdf63f,route_npz,D:\SIX_Manual_Config\_map_only_npz_planner_runs\current_full_v17\five_axis\cross_2.npz,18ae95acf2fdf63f1fa93173c394fcac95bcf83f61681db9128ec832695e5cc3,184064,18ae95acf2fdf63f1fa93173c394fcac95bcf83f61681db9128ec832695e5cc3,five_axis_explicit,cross_2,has_metrics_no_final_label,,matched_route_for_outcome_evidence
SHANYU000-18ae95acf2fdf63f,outcome_source,D:\SIX_Manual_Config\_map_only_npz_planner_runs\current_full_v17\summary.json,cafc684f791bed56cedafd155a741d471983c7208bdf6015edd948a1931109ff,12344,18ae95acf2fdf63f1fa93173c394fcac95bcf83f61681db9128ec832695e5cc3,five_axis_explicit,cross_2,has_metrics_no_final_label,,primary_or_supporting_outcome_evidence
SHANYU000-d4ea967f59dfa6ca,route_npz,D:\SIX_Manual_Config\_map_only_npz_planner_runs\current_full_v17\five_axis\mounarea_1.npz,d4ea967f59dfa6caf3cd8e014ed8553a7f5446c2686d0394b41319b9d6b5782b,656810,d4ea967f59dfa6caf3cd8e014ed8553a7f5446c2686d0394b41319b9d6b5782b,five_axis_explicit,mounarea_1,has_metrics_no_final_label,,matched_route_for_outcome_evidence
SHANYU000-d4ea967f59dfa6ca,outcome_source,D:\SIX_Manual_Config\_map_only_npz_planner_runs\current_full_v17\summary.json,cafc684f791bed56cedafd155a741d471983c7208bdf6015edd948a1931109ff,12344,d4ea967f59dfa6caf3cd8e014ed8553a7f5446c2686d0394b41319b9d6b5782b,five_axis_explicit,mounarea_1,has_metrics_no_final_label,,primary_or_supporting_outcome_evidence
SHANYU000-3df881f1cb9698a3,route_npz,D:\SIX_Manual_Config\_map_only_npz_planner_runs\current_full_v17\five_axis\mounarea_2.npz,3df881f1cb9698a379cadb52c7e1bd39f17f691d8c8a7c023e0cc78674d32a3d,346717,3df881f1cb9698a379cadb52c7e1bd39f17f691d8c8a7c023e0cc78674d32a3d,five_axis_explicit,mounarea_2,has_metrics_no_final_label,,matched_route_for_outcome_evidence
SHANYU000-3df881f1cb9698a3,outcome_source,D:\SIX_Manual_Config\_map_only_npz_planner_runs\current_full_v17\summary.json,cafc684f791bed56cedafd155a741d471983c7208bdf6015edd948a1931109ff,12344,3df881f1cb9698a379cadb52c7e1bd39f17f691d8c8a7c023e0cc78674d32a3d,five_axis_explicit,mounarea_2,has_metrics_no_final_label,,primary_or_supporting_outcome_evidence
SHANYU000-3bea2e709f932183,route_npz,D:\SIX_Manual_Config\_map_only_npz_planner_runs\current_full_v17\five_axis\narrow_1.npz,3bea2e709f93218318aa014afd64defaf698c07bfb02a1f2918904dc0599bafa,45703,3bea2e709f93218318aa014afd64defaf698c07bfb02a1f2918904dc0599bafa,five_axis_explicit,narrow_1,has_metrics_no_final_label,,matched_route_for_outcome_evidence
SHANYU000-3bea2e709f932183,outcome_source,D:\SIX_Manual_Config\_map_only_npz_planner_runs\current_full_v17\summary.json,cafc684f791bed56cedafd155a741d471983c7208bdf6015edd948a1931109ff,12344,3bea2e709f93218318aa014afd64defaf698c07bfb02a1f2918904dc0599bafa,five_axis_explicit,narrow_1,has_metrics_no_final_label,,primary_or_supporting_outcome_evidence
SHANYU000-098d61ce60cf810b,route_npz,D:\SIX_Manual_Config\_map_only_npz_planner_runs\current_full_v17\five_axis\overpass_1.npz,098d61ce60cf810b3dd5863b72132d0811c7e756b1a65b71abeacda843cb1bb6,1474456,098d61ce60cf810b3dd5863b72132d0811c7e756b1a65b71abeacda843cb1bb6,five_axis_explicit,overpass_1,has_metrics_no_final_label,,matched_route_for_outcome_evidence
SHANYU000-098d61ce60cf810b,outcome_source,D:\SIX_Manual_Config\_map_only_npz_planner_runs\current_full_v17\summary.json,cafc684f791bed56cedafd155a741d471983c7208bdf6015edd948a1931109ff,12344,098d61ce60cf810b3dd5863b72132d0811c7e756b1a65b71abeacda843cb1bb6,five_axis_explicit,overpass_1,has_metrics_no_final_label,,primary_or_supporting_outcome_evidence
SHANYU000-2f921958397678dc,route_npz,D:\SIX_Manual_Config\_map_only_npz_planner_runs\current_full_v17\five_axis\overpass_2.npz,2f921958397678dc0454aec5a72376e5cc58688aaeb75f1f771f19696118e8c8,1877519,2f921958397678dc0454aec5a72376e5cc58688aaeb75f1f771f19696118e8c8,five_axis_explicit,overpass_2,has_metrics_no_final_label,,matched_route_for_outcome_evidence
SHANYU000-2f921958397678dc,outcome_source,D:\SIX_Manual_Config\_map_only_npz_planner_runs\current_full_v17\summary.json,cafc684f791bed56cedafd155a741d471983c7208bdf6015edd948a1931109ff,12344,2f921958397678dc0454aec5a72376e5cc58688aaeb75f1f771f19696118e8c8,five_axis_explicit,overpass_2,has_metrics_no_final_label,,primary_or_supporting_outcome_evidence
SHANYU000-908c40545ab7f861,route_npz,D:\SIX_Manual_Config\_map_only_npz_planner_runs\current_full_v17\five_axis\ramp_1.npz,908c40545ab7f861679b8736959eff7713e0526403f068ee372b9f3f6410602f,607626,908c40545ab7f861679b8736959eff7713e0526403f068ee372b9f3f6410602f,five_axis_explicit,ramp_1,has_metrics_no_final_label,,matched_route_for_outcome_evidence
SHANYU000-908c40545ab7f861,outcome_source,D:\SIX_Manual_Config\_map_only_npz_planner_runs\current_full_v17\summary.json,cafc684f791bed56cedafd155a741d471983c7208bdf6015edd948a1931109ff,12344,908c40545ab7f861679b8736959eff7713e0526403f068ee372b9f3f6410602f,five_axis_explicit,ramp_1,has_metrics_no_final_label,,primary_or_supporting_outcome_evidence
SHANYU000-e829ea420329dee4,route_npz,D:\SIX_Manual_Config\_map_only_npz_planner_runs\current_full_v17\five_axis\ramp_2.npz,e829ea420329dee43f2c9a21a30559595d99cbb2e673869050f8ebc7a9a1fd3f,843890,e829ea420329dee43f2c9a21a30559595d99cbb2e673869050f8ebc7a9a1fd3f,five_axis_explicit,ramp_2,has_metrics_no_final_label,,matched_route_for_outcome_evidence
SHANYU000-e829ea420329dee4,outcome_source,D:\SIX_Manual_Config\_map_only_npz_planner_runs\current_full_v17\summary.json,cafc684f791bed56cedafd155a741d471983c7208bdf6015edd948a1931109ff,12344,e829ea420329dee43f2c9a21a30559595d99cbb2e673869050f8ebc7a9a1fd3f,five_axis_explicit,ramp_2,has_metrics_no_final_label,,primary_or_supporting_outcome_evidence
SHANYU000-da39168811a297e4,route_npz,D:\SIX_Manual_Config\_map_only_npz_planner_runs\current_full_v17\five_axis\turnaround_1.npz,da39168811a297e4a9bf7efe7fd6ed17b149c5c56da28b4f964e953158d3772e,255424,da39168811a297e4a9bf7efe7fd6ed17b149c5c56da28b4f964e953158d3772e,unknown_or_conflict,turnaround_1,has_metrics_no_final_label,,matched_route_for_outcome_evidence
SHANYU000-da39168811a297e4,outcome_source,D:\SIX_Manual_Config\_map_only_npz_planner_runs\current_full_v17\summary.json,cafc684f791bed56cedafd155a741d471983c7208bdf6015edd948a1931109ff,12344,da39168811a297e4a9bf7efe7fd6ed17b149c5c56da28b4f964e953158d3772e,unknown_or_conflict,turnaround_1,has_metrics_no_final_label,,primary_or_supporting_outcome_evidence
SHANYU000-d69d547df4b9e637,route_npz,D:\SIX_Manual_Config\_map_only_npz_planner_runs\current_full_v17\six_axis\cliff_1.npz,d69d547df4b9e6374cd2d13ab76a160a26c746e5fa1b44ec92a14db711011323,72187,d69d547df4b9e6374cd2d13ab76a160a26c746e5fa1b44ec92a14db711011323,six_axis_structural,cliff_1,has_metrics_no_final_label,,matched_route_for_outcome_evidence
SHANYU000-d69d547df4b9e637,outcome_source,D:\SIX_Manual_Config\_map_only_npz_planner_runs\current_full_v17\summary.json,cafc684f791bed56cedafd155a741d471983c7208bdf6015edd948a1931109ff,12344,d69d547df4b9e6374cd2d13ab76a160a26c746e5fa1b44ec92a14db711011323,six_axis_structural,cliff_1,has_metrics_no_final_label,,primary_or_supporting_outcome_evidence
SHANYU000-941fddd833d997a4,route_npz,D:\SIX_Manual_Config\_map_only_npz_planner_runs\current_full_v17\six_axis\cliff_2.npz,941fddd833d997a42095018657db49bdb701571c4c4aae79eb97c0b067ffcbad,236524,941fddd833d997a42095018657db49bdb701571c4c4aae79eb97c0b067ffcbad,six_axis_structural,cliff_2,has_metrics_no_final_label,,matched_route_for_outcome_evidence
SHANYU000-941fddd833d997a4,outcome_source,D:\SIX_Manual_Config\_map_only_npz_planner_runs\current_full_v17\summary.json,cafc684f791bed56cedafd155a741d471983c7208bdf6015edd948a1931109ff,12344,941fddd833d997a42095018657db49bdb701571c4c4aae79eb97c0b067ffcbad,six_axis_structural,cliff_2,has_metrics_no_final_label,,primary_or_supporting_outcome_evidence
SHANYU000-0d4dbc4418a0291d,route_npz,D:\SIX_Manual_Config\_map_only_npz_planner_runs\current_full_v17\six_axis\cross_1.npz,0d4dbc4418a0291d8607d0305920a9851281024f4d39fdbd5162c85c6d2909dd,158941,0d4dbc4418a0291d8607d0305920a9851281024f4d39fdbd5162c85c6d2909dd,six_axis_structural,cross_1,has_metrics_no_final_label,,matched_route_for_outcome_evidence
SHANYU000-0d4dbc4418a0291d,outcome_source,D:\SIX_Manual_Config\_map_only_npz_planner_runs\current_full_v17\summary.json,cafc684f791bed56cedafd155a741d471983c7208bdf6015edd948a1931109ff,12344,0d4dbc4418a0291d8607d0305920a9851281024f4d39fdbd5162c85c6d2909dd,six_axis_structural,cross_1,has_metrics_no_final_label,,primary_or_supporting_outcome_evidence
SHANYU000-ddd3839d5c986d7a,route_npz,D:\SIX_Manual_Config\_map_only_npz_planner_runs\current_full_v17\six_axis\cross_2.npz,ddd3839d5c986d7a3ea019011e95c4c54fdeecc8750605163eeca78d58155989,170465,ddd3839d5c986d7a3ea019011e95c4c54fdeecc8750605163eeca78d58155989,six_axis_structural,cross_2,has_metrics_no_final_label,,matched_route_for_outcome_evidence
SHANYU000-ddd3839d5c986d7a,outcome_source,D:\SIX_Manual_Config\_map_only_npz_planner_runs\current_full_v17\summary.json,cafc684f791bed56cedafd155a741d471983c7208bdf6015edd948a1931109ff,12344,ddd3839d5c986d7a3ea019011e95c4c54fdeecc8750605163eeca78d58155989,six_axis_structural,cross_2,has_metrics_no_final_label,,primary_or_supporting_outcome_evidence
SHANYU000-b7bfc2db474eaeae,route_npz,D:\SIX_Manual_Config\_map_only_npz_planner_runs\current_full_v17\six_axis\mounarea_1.npz,b7bfc2db474eaeae0c98605b2091ba21861be72f370f24bc4e93702baef81c2a,447634,b7bfc2db474eaeae0c98605b2091ba21861be72f370f24bc4e93702baef81c2a,six_axis_structural,mounarea_1,has_metrics_no_final_label,,matched_route_for_outcome_evidence
SHANYU000-b7bfc2db474eaeae,outcome_source,D:\SIX_Manual_Config\_map_only_npz_planner_runs\current_full_v17\summary.json,cafc684f791bed56cedafd155a741d471983c7208bdf6015edd948a1931109ff,12344,b7bfc2db474eaeae0c98605b2091ba21861be72f370f24bc4e93702baef81c2a,six_axis_structural,mounarea_1,has_metrics_no_final_label,,primary_or_supporting_outcome_evidence
SHANYU000-50feaae6d293efb1,route_npz,D:\SIX_Manual_Config\_map_only_npz_planner_runs\current_full_v17\six_axis\mounarea_2.npz,50feaae6d293efb1c765c08db8f14de9e9766c3dfe552f5b2cf2cc89d8fd0395,229980,50feaae6d293efb1c765c08db8f14de9e9766c3dfe552f5b2cf2cc89d8fd0395,six_axis_structural,mounarea_2,has_metrics_no_final_label,,matched_route_for_outcome_evidence
SHANYU000-50feaae6d293efb1,outcome_source,D:\SIX_Manual_Config\_map_only_npz_planner_runs\current_full_v17\summary.json,cafc684f791bed56cedafd155a741d471983c7208bdf6015edd948a1931109ff,12344,50feaae6d293efb1c765c08db8f14de9e9766c3dfe552f5b2cf2cc89d8fd0395,six_axis_structural,mounarea_2,has_metrics_no_final_label,,primary_or_supporting_outcome_evidence
SHANYU000-60165addcb6c2899,route_npz,D:\SIX_Manual_Config\_map_only_npz_planner_runs\current_full_v17\six_axis\narrow_1.npz,60165addcb6c28992e55c5f71008cd406f7a566c647868941e644a451afacfab,30273,60165addcb6c28992e55c5f71008cd406f7a566c647868941e644a451afacfab,six_axis_structural,narrow_1,has_metrics_no_final_label,,matched_route_for_outcome_evidence
SHANYU000-60165addcb6c2899,outcome_source,D:\SIX_Manual_Config\_map_only_npz_planner_runs\current_full_v17\summary.json,cafc684f791bed56cedafd155a741d471983c7208bdf6015edd948a1931109ff,12344,60165addcb6c28992e55c5f71008cd406f7a566c647868941e644a451afacfab,six_axis_structural,narrow_1,has_metrics_no_final_label,,primary_or_supporting_outcome_evidence
SHANYU000-de83fce68e0c8da6,route_npz,D:\SIX_Manual_Config\_map_only_npz_planner_runs\current_full_v17\six_axis\overpass_1.npz,de83fce68e0c8da6caecec769a9aa239df23b93baaf630d034b3c5e8be3507e4,990121,de83fce68e0c8da6caecec769a9aa239df23b93baaf630d034b3c5e8be3507e4,six_axis_structural,overpass_1,has_metrics_no_final_label,,matched_route_for_outcome_evidence
SHANYU000-de83fce68e0c8da6,outcome_source,D:\SIX_Manual_Config\_map_only_npz_planner_runs\current_full_v17\summary.json,cafc684f791bed56cedafd155a741d471983c7208bdf6015edd948a1931109ff,12344,de83fce68e0c8da6caecec769a9aa239df23b93baaf630d034b3c5e8be3507e4,six_axis_structural,overpass_1,has_metrics_no_final_label,,primary_or_supporting_outcome_evidence
SHANYU000-a1dfd8c369fd9c98,route_npz,D:\SIX_Manual_Config\_map_only_npz_planner_runs\current_full_v17\six_axis\overpass_2.npz,a1dfd8c369fd9c987a99c84d1a7dec78569a447a04224706f13e757595f68470,1249227,a1dfd8c369fd9c987a99c84d1a7dec78569a447a04224706f13e757595f68470,six_axis_structural,overpass_2,has_metrics_no_final_label,,matched_route_for_outcome_evidence
SHANYU000-a1dfd8c369fd9c98,outcome_source,D:\SIX_Manual_Config\_map_only_npz_planner_runs\current_full_v17\summary.json,cafc684f791bed56cedafd155a741d471983c7208bdf6015edd948a1931109ff,12344,a1dfd8c369fd9c987a99c84d1a7dec78569a447a04224706f13e757595f68470,six_axis_structural,overpass_2,has_metrics_no_final_label,,primary_or_supporting_outcome_evidence
SHANYU000-74e8b326e6a65460,route_npz,D:\SIX_Manual_Config\_map_only_npz_planner_runs\current_full_v17\six_axis\ramp_1.npz,74e8b326e6a65460414431891d1789c5f311ecfd8beab7ffb267c509f5360c00,411208,74e8b326e6a65460414431891d1789c5f311ecfd8beab7ffb267c509f5360c00,six_axis_structural,ramp_1,has_metrics_no_final_label,,matched_route_for_outcome_evidence
SHANYU000-74e8b326e6a65460,outcome_source,D:\SIX_Manual_Config\_map_only_npz_planner_runs\current_full_v17\summary.json,cafc684f791bed56cedafd155a741d471983c7208bdf6015edd948a1931109ff,12344,74e8b326e6a65460414431891d1789c5f311ecfd8beab7ffb267c509f5360c00,six_axis_structural,ramp_1,has_metrics_no_final_label,,primary_or_supporting_outcome_evidence
SHANYU000-b46ad5c5a8251fbd,route_npz,D:\SIX_Manual_Config\_map_only_npz_planner_runs\current_full_v17\six_axis\ramp_2.npz,b46ad5c5a8251fbdba39f359b60b98beb7394782d7e86139bdb505cf7ed6d1b7,563494,b46ad5c5a8251fbdba39f359b60b98beb7394782d7e86139bdb505cf7ed6d1b7,six_axis_structural,ramp_2,has_metrics_no_final_label,,matched_route_for_outcome_evidence
SHANYU000-b46ad5c5a8251fbd,outcome_source,D:\SIX_Manual_Config\_map_only_npz_planner_runs\current_full_v17\summary.json,cafc684f791bed56cedafd155a741d471983c7208bdf6015edd948a1931109ff,12344,b46ad5c5a8251fbdba39f359b60b98beb7394782d7e86139bdb505cf7ed6d1b7,six_axis_structural,ramp_2,has_metrics_no_final_label,,primary_or_supporting_outcome_evidence
SHANYU000-1ba83a796c0e7b01,route_npz,D:\SIX_Manual_Config\_map_only_npz_planner_runs\current_full_v17\six_axis\turnaround_1.npz,1ba83a796c0e7b015832103eb5a4fe91036b8fa1c67e02339f1df8a9e28cfb16,173874,1ba83a796c0e7b015832103eb5a4fe91036b8fa1c67e02339f1df8a9e28cfb16,six_axis_structural,turnaround_1,has_metrics_no_final_label,,matched_route_for_outcome_evidence
SHANYU000-1ba83a796c0e7b01,outcome_source,D:\SIX_Manual_Config\_map_only_npz_planner_runs\current_full_v17\summary.json,cafc684f791bed56cedafd155a741d471983c7208bdf6015edd948a1931109ff,12344,1ba83a796c0e7b015832103eb5a4fe91036b8fa1c67e02339f1df8a9e28cfb16,six_axis_structural,turnaround_1,has_metrics_no_final_label,,primary_or_supporting_outcome_evidence
SHANYU000-8acb7828b1480391,route_npz,D:\SIX_Manual_Config\_map_only_npz_planner_runs\current_full_v18_py310\five_axis\cliff_1.npz,8acb7828b14803912ff2187ddd22c50bf6971c88d56a9ea59d20600718c09d3b,107240,8acb7828b14803912ff2187ddd22c50bf6971c88d56a9ea59d20600718c09d3b,five_axis_explicit,cliff_1,has_metrics_no_final_label,,matched_route_for_outcome_evidence
SHANYU000-8acb7828b1480391,outcome_source,D:\SIX_Manual_Config\_map_only_npz_planner_runs\current_full_v18_py310\summary.json,3e3c825e371e706993400888802bbe95c0ad18bc9ea9fb15a2df0b639c8ca390,5382,8acb7828b14803912ff2187ddd22c50bf6971c88d56a9ea59d20600718c09d3b,five_axis_explicit,cliff_1,has_metrics_no_final_label,,primary_or_supporting_outcome_evidence
SHANYU000-8acb7828b1480391,outcome_source,D:\SIX_Manual_Config\_map_only_npz_planner_runs\zip_smoke_v12\summary.json,438cc724ae692eb9004ee9b9bccb20b90ecd0d0b7c847cef1c70b9a0bd8050ae,589,8acb7828b14803912ff2187ddd22c50bf6971c88d56a9ea59d20600718c09d3b,five_axis_explicit,cliff_1,has_metrics_no_final_label,,primary_or_supporting_outcome_evidence
SHANYU000-48da3edffbedc033,route_npz,D:\SIX_Manual_Config\_map_only_npz_planner_runs\current_full_v18_py310\five_axis\mounarea_1.npz,48da3edffbedc03336fad7dbcbeffd9e21d67aec848072ee1f8a6b2cb97bc22b,656810,48da3edffbedc03336fad7dbcbeffd9e21d67aec848072ee1f8a6b2cb97bc22b,five_axis_explicit,mounarea_1,has_metrics_no_final_label,,matched_route_for_outcome_evidence
SHANYU000-48da3edffbedc033,outcome_source,D:\SIX_Manual_Config\_map_only_npz_planner_runs\current_full_v18_py310\summary.json,3e3c825e371e706993400888802bbe95c0ad18bc9ea9fb15a2df0b639c8ca390,5382,48da3edffbedc03336fad7dbcbeffd9e21d67aec848072ee1f8a6b2cb97bc22b,five_axis_explicit,mounarea_1,has_metrics_no_final_label,,primary_or_supporting_outcome_evidence
SHANYU000-8e490c7cf34aad6e,route_npz,D:\SIX_Manual_Config\_map_only_npz_planner_runs\current_full_v18_py310\five_axis\mounarea_2.npz,8e490c7cf34aad6e5892d539e29d481fd3c916783584858b08f42f87b0e237a9,346717,8e490c7cf34aad6e5892d539e29d481fd3c916783584858b08f42f87b0e237a9,five_axis_explicit,mounarea_2,has_metrics_no_final_label,,matched_route_for_outcome_evidence
SHANYU000-8e490c7cf34aad6e,outcome_source,D:\SIX_Manual_Config\_map_only_npz_planner_runs\current_full_v18_py310\summary.json,3e3c825e371e706993400888802bbe95c0ad18bc9ea9fb15a2df0b639c8ca390,5382,8e490c7cf34aad6e5892d539e29d481fd3c916783584858b08f42f87b0e237a9,five_axis_explicit,mounarea_2,has_metrics_no_final_label,,primary_or_supporting_outcome_evidence
SHANYU000-ea220d6a039cf5d0,route_npz,D:\SIX_Manual_Config\_map_only_npz_planner_runs\current_full_v18_py310\five_axis\overpass_1.npz,ea220d6a039cf5d0ecc93e5e684414ee90b567bf9b287c971955a7a7196573bb,1474456,ea220d6a039cf5d0ecc93e5e684414ee90b567bf9b287c971955a7a7196573bb,five_axis_explicit,overpass_1,has_metrics_no_final_label,,matched_route_for_outcome_evidence
SHANYU000-ea220d6a039cf5d0,outcome_source,D:\SIX_Manual_Config\_map_only_npz_planner_runs\current_full_v18_py310\summary.json,3e3c825e371e706993400888802bbe95c0ad18bc9ea9fb15a2df0b639c8ca390,5382,ea220d6a039cf5d0ecc93e5e684414ee90b567bf9b287c971955a7a7196573bb,five_axis_explicit,overpass_1,has_metrics_no_final_label,,primary_or_supporting_outcome_evidence
SHANYU000-99f32a5965580997,route_npz,D:\SIX_Manual_Config\_map_only_npz_planner_runs\current_full_v18_py310\five_axis\overpass_2.npz,99f32a5965580997bd1d6ca8f1da1fa28bfcd050a9d5efebafa357118d826463,1877510,99f32a5965580997bd1d6ca8f1da1fa28bfcd050a9d5efebafa357118d826463,five_axis_explicit,overpass_2,has_metrics_no_final_label,,matched_route_for_outcome_evidence
SHANYU000-99f32a5965580997,outcome_source,D:\SIX_Manual_Config\_map_only_npz_planner_runs\current_full_v18_py310\summary.json,3e3c825e371e706993400888802bbe95c0ad18bc9ea9fb15a2df0b639c8ca390,5382,99f32a5965580997bd1d6ca8f1da1fa28bfcd050a9d5efebafa357118d826463,five_axis_explicit,overpass_2,has_metrics_no_final_label,,primary_or_supporting_outcome_evidence
SHANYU000-e025ad4308716d01,route_npz,D:\SIX_Manual_Config\_map_only_npz_planner_runs\current_full_v18_py310\six_axis\cliff_1.npz,e025ad4308716d01a750d8e20d464b92501bc6280a9de9fa64b4906ce4d46b13,67982,e025ad4308716d01a750d8e20d464b92501bc6280a9de9fa64b4906ce4d46b13,six_axis_structural,cliff_1,has_metrics_no_final_label,,matched_route_for_outcome_evidence
SHANYU000-e025ad4308716d01,outcome_source,D:\SIX_Manual_Config\_map_only_npz_planner_runs\current_full_v18_py310\summary.json,3e3c825e371e706993400888802bbe95c0ad18bc9ea9fb15a2df0b639c8ca390,5382,e025ad4308716d01a750d8e20d464b92501bc6280a9de9fa64b4906ce4d46b13,six_axis_structural,cliff_1,has_metrics_no_final_label,,primary_or_supporting_outcome_evidence
SHANYU000-093b159bf53e1644,route_npz,D:\SIX_Manual_Config\_map_only_npz_planner_runs\current_full_v18_py310\six_axis\mounarea_1.npz,093b159bf53e1644e9cc97356459a17dbb6b7d61c405a17ee313bb6cc3ef13cc,456485,093b159bf53e1644e9cc97356459a17dbb6b7d61c405a17ee313bb6cc3ef13cc,six_axis_structural,mounarea_1,has_metrics_no_final_label,,matched_route_for_outcome_evidence
SHANYU000-093b159bf53e1644,outcome_source,D:\SIX_Manual_Config\_map_only_npz_planner_runs\current_full_v18_py310\summary.json,3e3c825e371e706993400888802bbe95c0ad18bc9ea9fb15a2df0b639c8ca390,5382,093b159bf53e1644e9cc97356459a17dbb6b7d61c405a17ee313bb6cc3ef13cc,six_axis_structural,mounarea_1,has_metrics_no_final_label,,primary_or_supporting_outcome_evidence
SHANYU000-7903ced743fac8c0,route_npz,D:\SIX_Manual_Config\_map_only_npz_planner_runs\current_full_v18_py310\six_axis\mounarea_2.npz,7903ced743fac8c01318bd0e91c9fda7c3d609799d080e6e677c7f8d3577a30b,235735,7903ced743fac8c01318bd0e91c9fda7c3d609799d080e6e677c7f8d3577a30b,six_axis_structural,mounarea_2,has_metrics_no_final_label,,matched_route_for_outcome_evidence
SHANYU000-7903ced743fac8c0,outcome_source,D:\SIX_Manual_Config\_map_only_npz_planner_runs\current_full_v18_py310\summary.json,3e3c825e371e706993400888802bbe95c0ad18bc9ea9fb15a2df0b639c8ca390,5382,7903ced743fac8c01318bd0e91c9fda7c3d609799d080e6e677c7f8d3577a30b,six_axis_structural,mounarea_2,has_metrics_no_final_label,,primary_or_supporting_outcome_evidence
SHANYU000-2e3be49f827602d8,route_npz,D:\SIX_Manual_Config\_map_only_npz_planner_runs\current_full_v18_py310\six_axis\overpass_1.npz,2e3be49f827602d85305cb96b1b8ea4b7012c2bb98c3a27b59d7cceb8f0e565d,914374,2e3be49f827602d85305cb96b1b8ea4b7012c2bb98c3a27b59d7cceb8f0e565d,six_axis_structural,overpass_1,has_metrics_no_final_label,,matched_route_for_outcome_evidence
SHANYU000-2e3be49f827602d8,outcome_source,D:\SIX_Manual_Config\_map_only_npz_planner_runs\current_full_v18_py310\summary.json,3e3c825e371e706993400888802bbe95c0ad18bc9ea9fb15a2df0b639c8ca390,5382,2e3be49f827602d85305cb96b1b8ea4b7012c2bb98c3a27b59d7cceb8f0e565d,six_axis_structural,overpass_1,has_metrics_no_final_label,,primary_or_supporting_outcome_evidence
SHANYU000-2e3be49f827602d8,outcome_source,D:\SIX_Manual_Config\_map_only_npz_planner_runs\geometry_terrain_v13\summary.json,e1218ee90738b5079e8458312baf8f31d67ad4d9f467cf67fc551921f55c8ff1,1666,2e3be49f827602d85305cb96b1b8ea4b7012c2bb98c3a27b59d7cceb8f0e565d,six_axis_structural,overpass_1,has_metrics_no_final_label,,primary_or_supporting_outcome_evidence
SHANYU000-55dc52f6e33e179f,route_npz,D:\SIX_Manual_Config\_map_only_npz_planner_runs\current_full_v18_py310\six_axis\overpass_2.npz,55dc52f6e33e179fccaa2d584d35744ec5eb321ec32b30b45da732ecff55008e,1260002,55dc52f6e33e179fccaa2d584d35744ec5eb321ec32b30b45da732ecff55008e,six_axis_structural,overpass_2,has_metrics_no_final_label,,matched_route_for_outcome_evidence
SHANYU000-55dc52f6e33e179f,outcome_source,D:\SIX_Manual_Config\_map_only_npz_planner_runs\current_full_v18_py310\summary.json,3e3c825e371e706993400888802bbe95c0ad18bc9ea9fb15a2df0b639c8ca390,5382,55dc52f6e33e179fccaa2d584d35744ec5eb321ec32b30b45da732ecff55008e,six_axis_structural,overpass_2,has_metrics_no_final_label,,primary_or_supporting_outcome_evidence
SHANYU000-55dc52f6e33e179f,outcome_source,D:\SIX_Manual_Config\_map_only_npz_planner_runs\geometry_terrain_v13\summary.json,e1218ee90738b5079e8458312baf8f31d67ad4d9f467cf67fc551921f55c8ff1,1666,55dc52f6e33e179fccaa2d584d35744ec5eb321ec32b30b45da732ecff55008e,six_axis_structural,overpass_2,has_metrics_no_final_label,,primary_or_supporting_outcome_evidence
SHANYU000-b3fe2316d0e46da1,route_npz,D:\SIX_Manual_Config\_map_only_npz_planner_runs\current_full_v19_terrain\five_axis\mounarea_1.npz,b3fe2316d0e46da12e738b2dfb82bbb09ed286cd08424547bef0f8a98171c8a3,708717,b3fe2316d0e46da12e738b2dfb82bbb09ed286cd08424547bef0f8a98171c8a3,five_axis_explicit,mounarea_1,has_metrics_no_final_label,,matched_route_for_outcome_evidence
SHANYU000-b3fe2316d0e46da1,outcome_source,D:\SIX_Manual_Config\_map_only_npz_planner_runs\current_full_v19_terrain\summary.json,01c125ea57f3a690f8addc5498c0634d18c5709c3e1ece4ab2683b22aba83929,1097,b3fe2316d0e46da12e738b2dfb82bbb09ed286cd08424547bef0f8a98171c8a3,five_axis_explicit,mounarea_1,has_metrics_no_final_label,,primary_or_supporting_outcome_evidence
SHANYU000-90a4667965f4ad87,route_npz,D:\SIX_Manual_Config\_map_only_npz_planner_runs\current_full_v19_terrain\five_axis\mounarea_2.npz,90a4667965f4ad87fc0f258b5dad704401e0f090018e34690b281d26f0e5b439,361417,90a4667965f4ad87fc0f258b5dad704401e0f090018e34690b281d26f0e5b439,five_axis_explicit,mounarea_2,has_metrics_no_final_label,,matched_route_for_outcome_evidence
SHANYU000-90a4667965f4ad87,outcome_source,D:\SIX_Manual_Config\_map_only_npz_planner_runs\current_full_v19_terrain\summary.json,01c125ea57f3a690f8addc5498c0634d18c5709c3e1ece4ab2683b22aba83929,1097,90a4667965f4ad87fc0f258b5dad704401e0f090018e34690b281d26f0e5b439,five_axis_explicit,mounarea_2,has_metrics_no_final_label,,primary_or_supporting_outcome_evidence
SHANYU000-310b756648eed411,route_npz,D:\SIX_Manual_Config\_map_only_npz_planner_runs\current_full_v24_geometry\five_axis\cross_2.npz,310b756648eed4114137f699597cb045e9d61448f2a02968f98a1a6a03261ff9,198829,310b756648eed4114137f699597cb045e9d61448f2a02968f98a1a6a03261ff9,five_axis_explicit,cross_2,has_metrics_no_final_label,,matched_route_for_outcome_evidence
SHANYU000-310b756648eed411,outcome_source,D:\SIX_Manual_Config\_map_only_npz_planner_runs\current_full_v24_geometry\summary.json,a81453e99ea31c9b0ba6966ce5890a7f089b62249588bd88e893a2cb0a4fa1f8,4147,310b756648eed4114137f699597cb045e9d61448f2a02968f98a1a6a03261ff9,five_axis_explicit,cross_2,has_metrics_no_final_label,,primary_or_supporting_outcome_evidence
SHANYU000-e4530d528cbd785e,route_npz,D:\SIX_Manual_Config\_map_only_npz_planner_runs\current_full_v24_geometry\five_axis\mounarea_1.npz,e4530d528cbd785ee615e9c011e825d6d47bfce3c26f737e86760f11bea5551e,733166,e4530d528cbd785ee615e9c011e825d6d47bfce3c26f737e86760f11bea5551e,five_axis_explicit,mounarea_1,has_metrics_no_final_label,,matched_route_for_outcome_evidence
SHANYU000-e4530d528cbd785e,outcome_source,D:\SIX_Manual_Config\_map_only_npz_planner_runs\current_full_v24_geometry\summary.json,a81453e99ea31c9b0ba6966ce5890a7f089b62249588bd88e893a2cb0a4fa1f8,4147,e4530d528cbd785ee615e9c011e825d6d47bfce3c26f737e86760f11bea5551e,five_axis_explicit,mounarea_1,has_metrics_no_final_label,,primary_or_supporting_outcome_evidence
SHANYU000-c0cf1c2465f24ff5,route_npz,D:\SIX_Manual_Config\_map_only_npz_planner_runs\current_full_v24_geometry\five_axis\overpass_2.npz,c0cf1c2465f24ff53c49deb80b5fdd16731fffd6a8a2500cf9bc30ef8401d040,1941807,c0cf1c2465f24ff53c49deb80b5fdd16731fffd6a8a2500cf9bc30ef8401d040,five_axis_explicit,overpass_2,has_metrics_no_final_label,,matched_route_for_outcome_evidence
SHANYU000-c0cf1c2465f24ff5,outcome_source,D:\SIX_Manual_Config\_map_only_npz_planner_runs\current_full_v24_geometry\summary.json,a81453e99ea31c9b0ba6966ce5890a7f089b62249588bd88e893a2cb0a4fa1f8,4147,c0cf1c2465f24ff53c49deb80b5fdd16731fffd6a8a2500cf9bc30ef8401d040,five_axis_explicit,overpass_2,has_metrics_no_final_label,,primary_or_supporting_outcome_evidence
SHANYU000-e6da54a0561d684e,route_npz,D:\SIX_Manual_Config\_map_only_npz_planner_runs\current_full_v24_geometry\six_axis\mounarea_1.npz,e6da54a0561d684e274f3c00f54f7328774558b9305cb31b75c0bac5402cac41,477138,e6da54a0561d684e274f3c00f54f7328774558b9305cb31b75c0bac5402cac41,six_axis_structural,mounarea_1,has_metrics_no_final_label,,matched_route_for_outcome_evidence
SHANYU000-e6da54a0561d684e,outcome_source,D:\SIX_Manual_Config\_map_only_npz_planner_runs\current_full_v24_geometry\summary.json,a81453e99ea31c9b0ba6966ce5890a7f089b62249588bd88e893a2cb0a4fa1f8,4147,e6da54a0561d684e274f3c00f54f7328774558b9305cb31b75c0bac5402cac41,six_axis_structural,mounarea_1,has_metrics_no_final_label,,primary_or_supporting_outcome_evidence
SHANYU000-70ab006317b186ef,route_npz,D:\SIX_Manual_Config\_map_only_npz_planner_runs\current_full_v24_geometry\six_axis\overpass_2.npz,70ab006317b186ef917fb9460a32c87155410baba0b38200e11c16c76ec2f3c9,1299031,70ab006317b186ef917fb9460a32c87155410baba0b38200e11c16c76ec2f3c9,six_axis_structural,overpass_2,has_metrics_no_final_label,,matched_route_for_outcome_evidence
SHANYU000-70ab006317b186ef,outcome_source,D:\SIX_Manual_Config\_map_only_npz_planner_runs\current_full_v24_geometry\summary.json,a81453e99ea31c9b0ba6966ce5890a7f089b62249588bd88e893a2cb0a4fa1f8,4147,70ab006317b186ef917fb9460a32c87155410baba0b38200e11c16c76ec2f3c9,six_axis_structural,overpass_2,has_metrics_no_final_label,,primary_or_supporting_outcome_evidence
SHANYU000-717a746bc194ae23,route_npz,D:\SIX_Manual_Config\_map_only_npz_planner_runs\current_full_v25_geometry_smooth\six_axis\cross_2.npz,717a746bc194ae23243544494bc159349aa20bc088e8cc7b227f53dc11f929e0,147471,717a746bc194ae23243544494bc159349aa20bc088e8cc7b227f53dc11f929e0,six_axis_structural,cross_2,has_metrics_no_final_label,,matched_route_for_outcome_evidence
SHANYU000-717a746bc194ae23,outcome_source,D:\SIX_Manual_Config\_map_only_npz_planner_runs\current_full_v25_geometry_smooth\summary.json,f3f91d91c02cb7bb4bcc40188539c669474cc42dea350c8cedb3d834535701ea,4667,717a746bc194ae23243544494bc159349aa20bc088e8cc7b227f53dc11f929e0,six_axis_structural,cross_2,has_metrics_no_final_label,,primary_or_supporting_outcome_evidence
SHANYU000-3b82d74244bf160c,route_npz,D:\SIX_Manual_Config\_map_only_npz_planner_runs\current_full_v25_geometry_smooth\six_axis\mounarea_1.npz,3b82d74244bf160ce444a65896462bf25b70d00398e36c9bbfd28b919ba4bbd0,477669,3b82d74244bf160ce444a65896462bf25b70d00398e36c9bbfd28b919ba4bbd0,six_axis_structural,mounarea_1,has_metrics_no_final_label,,matched_route_for_outcome_evidence
SHANYU000-3b82d74244bf160c,outcome_source,D:\SIX_Manual_Config\_map_only_npz_planner_runs\current_full_v25_geometry_smooth\summary.json,f3f91d91c02cb7bb4bcc40188539c669474cc42dea350c8cedb3d834535701ea,4667,3b82d74244bf160ce444a65896462bf25b70d00398e36c9bbfd28b919ba4bbd0,six_axis_structural,mounarea_1,has_metrics_no_final_label,,primary_or_supporting_outcome_evidence
SHANYU000-00edddf401e2ddbf,route_npz,D:\SIX_Manual_Config\_map_only_npz_planner_runs\current_full_v25_geometry_smooth\six_axis\overpass_2.npz,00edddf401e2ddbf90e16b58762c7d4f5207cbd7586eb246cfbeada2085008c6,1288151,00edddf401e2ddbf90e16b58762c7d4f5207cbd7586eb246cfbeada2085008c6,six_axis_structural,overpass_2,has_metrics_no_final_label,,matched_route_for_outcome_evidence
SHANYU000-00edddf401e2ddbf,outcome_source,D:\SIX_Manual_Config\_map_only_npz_planner_runs\current_full_v25_geometry_smooth\summary.json,f3f91d91c02cb7bb4bcc40188539c669474cc42dea350c8cedb3d834535701ea,4667,00edddf401e2ddbf90e16b58762c7d4f5207cbd7586eb246cfbeada2085008c6,six_axis_structural,overpass_2,has_metrics_no_final_label,,primary_or_supporting_outcome_evidence
SHANYU000-ee87798c1332397d,route_npz,D:\SIX_Manual_Config\_map_only_npz_planner_runs\final_regression_v11\five_axis\narrow_1.npz,ee87798c1332397d8f85b4ae34e368659f1b3d09d747a336f33b3e2e35ea1a42,45703,ee87798c1332397d8f85b4ae34e368659f1b3d09d747a336f33b3e2e35ea1a42,five_axis_explicit,narrow_1,has_metrics_no_final_label,,matched_route_for_outcome_evidence
SHANYU000-ee87798c1332397d,outcome_source,D:\SIX_Manual_Config\_map_only_npz_planner_runs\final_special_v12\summary.json,d0f1beac51e57ea9d602b3d79f09e42282b1cf58f7a599a72abcd4ca3f7b6299,2194,ee87798c1332397d8f85b4ae34e368659f1b3d09d747a336f33b3e2e35ea1a42,five_axis_explicit,narrow_1,has_metrics_no_final_label,,primary_or_supporting_outcome_evidence
SHANYU000-70355ff6580703b5,route_npz,D:\SIX_Manual_Config\_map_only_npz_planner_runs\final_regression_v11\five_axis\turnaround_1.npz,70355ff6580703b5d554acd97849ef306c633d12f6f577e9f52e3234b5241944,255144,70355ff6580703b5d554acd97849ef306c633d12f6f577e9f52e3234b5241944,unknown_or_conflict,turnaround_1,has_metrics_no_final_label,,matched_route_for_outcome_evidence
SHANYU000-70355ff6580703b5,outcome_source,D:\SIX_Manual_Config\_map_only_npz_planner_runs\final_special_v12\summary.json,d0f1beac51e57ea9d602b3d79f09e42282b1cf58f7a599a72abcd4ca3f7b6299,2194,70355ff6580703b5d554acd97849ef306c633d12f6f577e9f52e3234b5241944,unknown_or_conflict,turnaround_1,has_metrics_no_final_label,,primary_or_supporting_outcome_evidence
SHANYU000-948a0eb4612f1961,route_npz,D:\SIX_Manual_Config\_map_only_npz_planner_runs\final_regression_v11\six_axis\narrow_1.npz,948a0eb4612f1961cc046072572395e802431d08c4e58cac8cc111d205170752,30273,948a0eb4612f1961cc046072572395e802431d08c4e58cac8cc111d205170752,six_axis_structural,narrow_1,has_metrics_no_final_label,,matched_route_for_outcome_evidence
SHANYU000-948a0eb4612f1961,outcome_source,D:\SIX_Manual_Config\_map_only_npz_planner_runs\final_special_v12\summary.json,d0f1beac51e57ea9d602b3d79f09e42282b1cf58f7a599a72abcd4ca3f7b6299,2194,948a0eb4612f1961cc046072572395e802431d08c4e58cac8cc111d205170752,six_axis_structural,narrow_1,has_metrics_no_final_label,,primary_or_supporting_outcome_evidence
SHANYU000-73010540f8e0f7f9,route_npz,D:\SIX_Manual_Config\_map_only_npz_planner_runs\final_regression_v11\six_axis\turnaround_1.npz,73010540f8e0f7f977c871c7c1fe7bc258901623a6c9ae9b02b6fe7416c01f03,177361,73010540f8e0f7f977c871c7c1fe7bc258901623a6c9ae9b02b6fe7416c01f03,six_axis_structural,turnaround_1,has_metrics_no_final_label,,matched_route_for_outcome_evidence
SHANYU000-73010540f8e0f7f9,outcome_source,D:\SIX_Manual_Config\_map_only_npz_planner_runs\final_special_v12\summary.json,d0f1beac51e57ea9d602b3d79f09e42282b1cf58f7a599a72abcd4ca3f7b6299,2194,73010540f8e0f7f977c871c7c1fe7bc258901623a6c9ae9b02b6fe7416c01f03,six_axis_structural,turnaround_1,has_metrics_no_final_label,,primary_or_supporting_outcome_evidence
SHANYU000-30eb503a724944df,route_npz,D:\SIX_Manual_Config\_map_only_npz_planner_runs\five_turn_v10\five_axis\turnaround_1.npz,30eb503a724944df9cb53aafbd65077664a5e8b45da1352454201d3ffb55acfe,184366,30eb503a724944df9cb53aafbd65077664a5e8b45da1352454201d3ffb55acfe,five_axis_explicit,turnaround_1,has_metrics_no_final_label,,matched_route_for_outcome_evidence
SHANYU000-30eb503a724944df,outcome_source,D:\SIX_Manual_Config\_map_only_npz_planner_runs\five_turn_v10\summary.json,352e8e5051b3d6b9f26fc9f24c1678ad92a06f3e7cdd8637259061fe19a66123,606,30eb503a724944df9cb53aafbd65077664a5e8b45da1352454201d3ffb55acfe,five_axis_explicit,turnaround_1,has_metrics_no_final_label,,primary_or_supporting_outcome_evidence
SHANYU000-bcc48ae5e6bfa4f7,route_npz,D:\SIX_Manual_Config\_map_only_npz_planner_runs\five_turn_v11\five_axis\turnaround_1.npz,bcc48ae5e6bfa4f75fddfd34f30e09d564cff5159de8c3ed19c594917853eabf,199071,bcc48ae5e6bfa4f75fddfd34f30e09d564cff5159de8c3ed19c594917853eabf,five_axis_explicit,turnaround_1,has_metrics_no_final_label,,matched_route_for_outcome_evidence
SHANYU000-bcc48ae5e6bfa4f7,outcome_source,D:\SIX_Manual_Config\_map_only_npz_planner_runs\five_turn_v11\summary.json,ea1ce632e7a8a68a4d4a57e81ab2167bf4bbf4024501f2726fbf19d58f352794,607,bcc48ae5e6bfa4f75fddfd34f30e09d564cff5159de8c3ed19c594917853eabf,five_axis_explicit,turnaround_1,has_metrics_no_final_label,,primary_or_supporting_outcome_evidence
SHANYU000-f67623e18e7e1be0,route_npz,D:\SIX_Manual_Config\_map_only_npz_planner_runs\geometry_terrain_v13\six_axis\turnaround_1.npz,f67623e18e7e1be00c3fc9b5a7b27acbd24119149649ff0c797253be3dcf30d0,190816,f67623e18e7e1be00c3fc9b5a7b27acbd24119149649ff0c797253be3dcf30d0,six_axis_structural,turnaround_1,has_metrics_no_final_label,,matched_route_for_outcome_evidence
SHANYU000-f67623e18e7e1be0,outcome_source,D:\SIX_Manual_Config\_map_only_npz_planner_runs\geometry_terrain_v13\summary.json,e1218ee90738b5079e8458312baf8f31d67ad4d9f467cf67fc551921f55c8ff1,1666,f67623e18e7e1be00c3fc9b5a7b27acbd24119149649ff0c797253be3dcf30d0,six_axis_structural,turnaround_1,has_metrics_no_final_label,,primary_or_supporting_outcome_evidence
SHANYU000-417ac04edde85136,route_npz,D:\SIX_Manual_Config\_map_only_npz_planner_runs\runtime_smoke_v26\five_axis\cliff_2.npz,417ac04edde851361248f1571a5c1188174c724f4b445b70309f631a22442ec9,397917,417ac04edde851361248f1571a5c1188174c724f4b445b70309f631a22442ec9,five_axis_explicit,cliff_2,has_metrics_no_final_label,,matched_route_for_outcome_evidence
SHANYU000-417ac04edde85136,outcome_source,D:\SIX_Manual_Config\_map_only_npz_planner_runs\runtime_smoke_v26\summary.json,c8bacfde7a0ff47d68fbc1e7f3f8ef5b2a8a345d054bdb159dea6de53202c200,1118,417ac04edde851361248f1571a5c1188174c724f4b445b70309f631a22442ec9,five_axis_explicit,cliff_2,has_metrics_no_final_label,,primary_or_supporting_outcome_evidence
SHANYU000-c4a81b3fffb375a6,route_npz,D:\SIX_Manual_Config\_map_only_npz_planner_runs\runtime_smoke_v26\six_axis\cliff_2.npz,c4a81b3fffb375a6634aee668a0b8ed016bcea0331ba7853fa9031014f438b3f,237323,c4a81b3fffb375a6634aee668a0b8ed016bcea0331ba7853fa9031014f438b3f,six_axis_structural,cliff_2,has_metrics_no_final_label,,matched_route_for_outcome_evidence
SHANYU000-c4a81b3fffb375a6,outcome_source,D:\SIX_Manual_Config\_map_only_npz_planner_runs\runtime_smoke_v26\summary.json,c8bacfde7a0ff47d68fbc1e7f3f8ef5b2a8a345d054bdb159dea6de53202c200,1118,c4a81b3fffb375a6634aee668a0b8ed016bcea0331ba7853fa9031014f438b3f,six_axis_structural,cliff_2,has_metrics_no_final_label,,primary_or_supporting_outcome_evidence
SHANYU000-ac1cbea593e255d7,route_npz,D:\SIX_Manual_Config\_map_only_npz_planner_runs\runtime_smoke_v27_noseed\five_axis\cliff_2.npz,ac1cbea593e255d7999e3fc112513be00c1b09f65ef4bd309f9eaec138ec87d0,395820,ac1cbea593e255d7999e3fc112513be00c1b09f65ef4bd309f9eaec138ec87d0,five_axis_explicit,cliff_2,has_metrics_no_final_label,,matched_route_for_outcome_evidence
SHANYU000-ac1cbea593e255d7,outcome_source,D:\SIX_Manual_Config\_map_only_npz_planner_runs\runtime_smoke_v27_noseed\summary.json,1b12eedc482500b98b6bdcf72b9232c299787e0c80dc21d7027f2cfa1cdf1542,1132,ac1cbea593e255d7999e3fc112513be00c1b09f65ef4bd309f9eaec138ec87d0,five_axis_explicit,cliff_2,has_metrics_no_final_label,,primary_or_supporting_outcome_evidence
SHANYU000-130f4805b73bccd8,route_npz,D:\SIX_Manual_Config\_map_only_npz_planner_runs\runtime_smoke_v27_noseed\six_axis\cliff_2.npz,130f4805b73bccd8f1160c66c3aea1e3dd646761c2153730c0660c1f6564fe68,237321,130f4805b73bccd8f1160c66c3aea1e3dd646761c2153730c0660c1f6564fe68,six_axis_structural,cliff_2,has_metrics_no_final_label,,matched_route_for_outcome_evidence
SHANYU000-130f4805b73bccd8,outcome_source,D:\SIX_Manual_Config\_map_only_npz_planner_runs\runtime_smoke_v27_noseed\summary.json,1b12eedc482500b98b6bdcf72b9232c299787e0c80dc21d7027f2cfa1cdf1542,1132,130f4805b73bccd8f1160c66c3aea1e3dd646761c2153730c0660c1f6564fe68,six_axis_structural,cliff_2,has_metrics_no_final_label,,primary_or_supporting_outcome_evidence
SHANYU000-1a9530921f6f729b,route_npz,D:\SIX_Manual_Config\_map_only_npz_planner_runs\turnaround_baseline_v15\six_axis\turnaround_1.npz,1a9530921f6f729bf7d60043d4ee47e74989ea8d9d3cf7e95f48b337392af49e,173318,1a9530921f6f729bf7d60043d4ee47e74989ea8d9d3cf7e95f48b337392af49e,six_axis_structural,turnaround_1,has_metrics_no_final_label,,matched_route_for_outcome_evidence
SHANYU000-1a9530921f6f729b,outcome_source,D:\SIX_Manual_Config\_map_only_npz_planner_runs\turnaround_baseline_v15\summary.json,096bdce7a151dad4d3b977e2768750c6afd0956122d028d74aa5a67685e1d0c6,579,1a9530921f6f729bf7d60043d4ee47e74989ea8d9d3cf7e95f48b337392af49e,six_axis_structural,turnaround_1,has_metrics_no_final_label,,primary_or_supporting_outcome_evidence
SHANYU000-8c3e1c581000492a,route_npz,D:\SIX_Manual_Config\_map_only_npz_planner_runs\turnaround_shape_v14\six_axis\turnaround_1.npz,8c3e1c581000492a08743b30a0fc6d53a288ed3094cd5bf61ae2132ed7ca2c10,173616,8c3e1c581000492a08743b30a0fc6d53a288ed3094cd5bf61ae2132ed7ca2c10,six_axis_structural,turnaround_1,has_metrics_no_final_label,,matched_route_for_outcome_evidence
SHANYU000-8c3e1c581000492a,outcome_source,D:\SIX_Manual_Config\_map_only_npz_planner_runs\turnaround_shape_v14\summary.json,51cc434123ae9de3128da8312938dc425c883611750554810ba34d562cae0a33,618,8c3e1c581000492a08743b30a0fc6d53a288ed3094cd5bf61ae2132ed7ca2c10,six_axis_structural,turnaround_1,has_metrics_no_final_label,,primary_or_supporting_outcome_evidence
SHANYU000-b64f0d9d4e9aa25e,route_npz,D:\SIX_Manual_Config\测试\五轴版本_全地图20ms\测试结果\纯原始地图闭环_v3_代表图_cross1_20260812\cold_start_routes\cross_1.npz,b64f0d9d4e9aa25ec8da28a1c07c73120e97849ad952ec1aa816aa02f63a429e,217765,b64f0d9d4e9aa25ec8da28a1c07c73120e97849ad952ec1aa816aa02f63a429e,five_axis_explicit,cross_1,has_metrics_no_final_label,,matched_route_for_outcome_evidence
SHANYU000-b64f0d9d4e9aa25e,outcome_source,D:\SIX_Manual_Config\测试\五轴版本_全地图20ms\测试结果\纯原始地图闭环_v3_代表图_cross1_20260812\cold_start_routes\summary.csv,d4c2e4c72d68cc64d016fe481d6dafcae4af2b3aabe304306411aab05c68b3df,1061,b64f0d9d4e9aa25ec8da28a1c07c73120e97849ad952ec1aa816aa02f63a429e,five_axis_explicit,cross_1,has_metrics_no_final_label,,primary_or_supporting_outcome_evidence
SHANYU000-b64f0d9d4e9aa25e,outcome_source,D:\SIX_Manual_Config\测试\五轴版本_全地图20ms\测试结果\纯原始地图闭环_v3_代表图_cross1_续跑_20260812\cold_start_routes\summary.csv,2aeedcacf1e25648f8c7cb461de34d8f6b8c76da03f3022f200b61ad4df91c50,1060,b64f0d9d4e9aa25ec8da28a1c07c73120e97849ad952ec1aa816aa02f63a429e,five_axis_explicit,cross_1,has_metrics_no_final_label,,primary_or_supporting_outcome_evidence
SHANYU000-b64f0d9d4e9aa25e,outcome_source,D:\SIX_Manual_Config\测试\五轴版本_全地图20ms\测试结果\通用路线流水线_v1_安全回退冒烟_cross1_20260812\cold_start_routes\summary.csv,ef07deb899313bfccf46f2762a8f58960a2b2ede2f993c77c89d4c909e8f5748,1062,b64f0d9d4e9aa25ec8da28a1c07c73120e97849ad952ec1aa816aa02f63a429e,five_axis_explicit,cross_1,has_metrics_no_final_label,,primary_or_supporting_outcome_evidence
SHANYU000-6f8792fe4a15b59f,route_npz,D:\SIX_Manual_Config\测试\五轴版本_全地图20ms\测试结果\纯原始地图闭环_v3_代表图_cross1_续跑_20260812\maps\cross_1\final\cross_1.npz,6f8792fe4a15b59f4d52f5dd6717b4f8f25a36e3665e77dfddfe6c7bed8ddc01,228666,6f8792fe4a15b59f4d52f5dd6717b4f8f25a36e3665e77dfddfe6c7bed8ddc01,five_axis_explicit,cross_1,has_metrics_no_final_label,,matched_route_for_outcome_evidence
SHANYU000-6f8792fe4a15b59f,outcome_source,D:\SIX_Manual_Config\测试\五轴版本_全地图20ms\测试结果\纯原始地图闭环_v3_全12图汇总_20260812\summary.json,274c423ac74ae60d08076643420c19cdf9f50fceeaf26b43fb9bb0bd21cba112,8569,6f8792fe4a15b59f4d52f5dd6717b4f8f25a36e3665e77dfddfe6c7bed8ddc01,five_axis_explicit,cross_1,has_metrics_no_final_label,,primary_or_supporting_outcome_evidence
SHANYU000-6dfd15cb302865cb,route_npz,D:\SIX_Manual_Config\测试\五轴版本_全地图20ms\测试结果\纯原始地图闭环_v3_代表图_narrow_20260812\cold_start_routes\narrow_1.npz,6dfd15cb302865cb80e045813b3c2ca81719a17768b8c00fe99899a5399647d4,40663,6dfd15cb302865cb80e045813b3c2ca81719a17768b8c00fe99899a5399647d4,five_axis_explicit,narrow_1,has_metrics_no_final_label,,matched_route_for_outcome_evidence
SHANYU000-6dfd15cb302865cb,outcome_source,D:\SIX_Manual_Config\测试\五轴版本_全地图20ms\测试结果\纯原始地图闭环_v3_代表图_narrow_20260812\cold_start_routes\summary.csv,8264df085a26a9d76ebcb6d18947036e487cd536e301bbbbd802aae12525f5d8,1107,6dfd15cb302865cb80e045813b3c2ca81719a17768b8c00fe99899a5399647d4,five_axis_explicit,narrow_1,has_metrics_no_final_label,,primary_or_supporting_outcome_evidence
SHANYU000-6dfd15cb302865cb,outcome_source,D:\SIX_Manual_Config\测试\五轴版本_全地图20ms\测试结果\纯原始地图闭环_v3_代表图_narrow_续跑_20260812\cold_start_routes\summary.csv,a38ac167279f97dd969bd0d5fa429bf94ba58a560b2fd7696fbd601e9e89fc7c,1107,6dfd15cb302865cb80e045813b3c2ca81719a17768b8c00fe99899a5399647d4,five_axis_explicit,narrow_1,has_metrics_no_final_label,,primary_or_supporting_outcome_evidence
SHANYU000-6dfd15cb302865cb,outcome_source,D:\SIX_Manual_Config\测试\五轴版本_全地图20ms\测试结果\通用路线流水线_v2_补测三图_20260812\cold_start_routes\summary.csv,c06f0b533c99bcde854298ec67a5d98d6b409cfb6dac24f1faa0196465277c35,1983,6dfd15cb302865cb80e045813b3c2ca81719a17768b8c00fe99899a5399647d4,five_axis_explicit,narrow_1,has_metrics_no_final_label,,primary_or_supporting_outcome_evidence
SHANYU000-77db30cf789f38ea,route_npz,D:\SIX_Manual_Config\测试\五轴版本_全地图20ms\测试结果\纯原始地图闭环_v3_代表图_narrow_续跑_20260812\maps\narrow_1\final\narrow_1.npz,77db30cf789f38eac9fb3281872faa7bc23232a15b87413ab16e9a55f6cb637b,41490,77db30cf789f38eac9fb3281872faa7bc23232a15b87413ab16e9a55f6cb637b,five_axis_explicit,narrow_1,has_metrics_no_final_label,,matched_route_for_outcome_evidence
SHANYU000-77db30cf789f38ea,outcome_source,D:\SIX_Manual_Config\测试\五轴版本_全地图20ms\测试结果\纯原始地图闭环_v3_全12图汇总_20260812\summary.json,274c423ac74ae60d08076643420c19cdf9f50fceeaf26b43fb9bb0bd21cba112,8569,77db30cf789f38eac9fb3281872faa7bc23232a15b87413ab16e9a55f6cb637b,five_axis_explicit,narrow_1,has_metrics_no_final_label,,primary_or_supporting_outcome_evidence
SHANYU000-51fc028b2f314864,route_npz,D:\SIX_Manual_Config\测试\五轴版本_全地图20ms\测试结果\纯原始地图闭环_v3_全12图汇总_20260812\routes\cliff_1.npz,51fc028b2f3148645cb30e397b2c35fcfe13a035ef26a557f9e1ba351536f9ae,112286,51fc028b2f3148645cb30e397b2c35fcfe13a035ef26a557f9e1ba351536f9ae,five_axis_explicit,cliff_1,has_metrics_no_final_label,,matched_route_for_outcome_evidence
SHANYU000-51fc028b2f314864,outcome_source,D:\SIX_Manual_Config\测试\五轴版本_全地图20ms\测试结果\纯原始地图闭环_v3_全12图汇总_20260812\summary.json,274c423ac74ae60d08076643420c19cdf9f50fceeaf26b43fb9bb0bd21cba112,8569,51fc028b2f3148645cb30e397b2c35fcfe13a035ef26a557f9e1ba351536f9ae,five_axis_explicit,cliff_1,has_metrics_no_final_label,,primary_or_supporting_outcome_evidence
SHANYU000-829d799789c465e1,route_npz,D:\SIX_Manual_Config\测试\五轴版本_全地图20ms\测试结果\纯原始地图闭环_v3_全12图汇总_20260812\routes\cliff_2.npz,829d799789c465e1e88cdea0050562cb23eed99332a7f5f368f8ce76ed864604,431569,829d799789c465e1e88cdea0050562cb23eed99332a7f5f368f8ce76ed864604,five_axis_explicit,cliff_2,has_metrics_no_final_label,,matched_route_for_outcome_evidence
SHANYU000-829d799789c465e1,outcome_source,D:\SIX_Manual_Config\测试\五轴版本_全地图20ms\测试结果\纯原始地图闭环_v3_全12图汇总_20260812\summary.json,274c423ac74ae60d08076643420c19cdf9f50fceeaf26b43fb9bb0bd21cba112,8569,829d799789c465e1e88cdea0050562cb23eed99332a7f5f368f8ce76ed864604,five_axis_explicit,cliff_2,has_metrics_no_final_label,,primary_or_supporting_outcome_evidence
SHANYU000-5fe0d142586d40ab,route_npz,D:\SIX_Manual_Config\测试\五轴版本_全地图20ms\测试结果\纯原始地图闭环_v3_全12图汇总_20260812\routes\cross_2.npz,5fe0d142586d40ab54b4ddc3c4bf0487342f620fefe9185a8d728d9321a875a7,197815,5fe0d142586d40ab54b4ddc3c4bf0487342f620fefe9185a8d728d9321a875a7,five_axis_explicit,cross_2,has_metrics_no_final_label,,matched_route_for_outcome_evidence
SHANYU000-5fe0d142586d40ab,outcome_source,D:\SIX_Manual_Config\测试\五轴版本_全地图20ms\测试结果\纯原始地图闭环_v3_全12图汇总_20260812\summary.json,274c423ac74ae60d08076643420c19cdf9f50fceeaf26b43fb9bb0bd21cba112,8569,5fe0d142586d40ab54b4ddc3c4bf0487342f620fefe9185a8d728d9321a875a7,five_axis_explicit,cross_2,has_metrics_no_final_label,,primary_or_supporting_outcome_evidence
SHANYU000-33c9705b5f6142be,route_npz,D:\SIX_Manual_Config\测试\五轴版本_全地图20ms\测试结果\纯原始地图闭环_v3_全12图汇总_20260812\routes\mounarea_1.npz,33c9705b5f6142be9b253ef74dfb86d6497b187381e6f48e04202d4af064909b,712497,33c9705b5f6142be9b253ef74dfb86d6497b187381e6f48e04202d4af064909b,five_axis_explicit,mounarea_1,has_metrics_no_final_label,,matched_route_for_outcome_evidence
SHANYU000-33c9705b5f6142be,outcome_source,D:\SIX_Manual_Config\测试\五轴版本_全地图20ms\测试结果\纯原始地图闭环_v3_全12图汇总_20260812\summary.json,274c423ac74ae60d08076643420c19cdf9f50fceeaf26b43fb9bb0bd21cba112,8569,33c9705b5f6142be9b253ef74dfb86d6497b187381e6f48e04202d4af064909b,five_axis_explicit,mounarea_1,has_metrics_no_final_label,,primary_or_supporting_outcome_evidence
SHANYU000-33c9705b5f6142be,outcome_source,D:\SIX_Manual_Config\测试\五轴版本_全地图20ms\测试结果\通用路线流水线_v2_全地图_拓扑修复安全回退_20260812\cold_start_routes\summary.csv,adc8987cb4f97fa554a431c90dc1da19ffa4d27e3ca3ae3613ca0ce5f341e6ec,4783,33c9705b5f6142be9b253ef74dfb86d6497b187381e6f48e04202d4af064909b,five_axis_explicit,mounarea_1,has_metrics_no_final_label,,primary_or_supporting_outcome_evidence
SHANYU000-4e7da95fedc554af,route_npz,D:\SIX_Manual_Config\测试\五轴版本_全地图20ms\测试结果\纯原始地图闭环_v3_全12图汇总_20260812\routes\mounarea_2.npz,4e7da95fedc554afde1d1d678ec99e85f576b22d2b7218aa618d474fc1477f1f,369441,4e7da95fedc554afde1d1d678ec99e85f576b22d2b7218aa618d474fc1477f1f,five_axis_explicit,mounarea_2,has_metrics_no_final_label,,matched_route_for_outcome_evidence
SHANYU000-4e7da95fedc554af,outcome_source,D:\SIX_Manual_Config\测试\五轴版本_全地图20ms\测试结果\纯原始地图闭环_v3_全12图汇总_20260812\summary.json,274c423ac74ae60d08076643420c19cdf9f50fceeaf26b43fb9bb0bd21cba112,8569,4e7da95fedc554afde1d1d678ec99e85f576b22d2b7218aa618d474fc1477f1f,five_axis_explicit,mounarea_2,has_metrics_no_final_label,,primary_or_supporting_outcome_evidence
SHANYU000-75baad039e6870ee,route_npz,D:\SIX_Manual_Config\测试\五轴版本_全地图20ms\测试结果\纯原始地图闭环_v3_全12图汇总_20260812\routes\overpass_1.npz,75baad039e6870ee50f9c744857d2c05bf0b74102b01c1b4cdb97eaf3a26a1c3,1491241,75baad039e6870ee50f9c744857d2c05bf0b74102b01c1b4cdb97eaf3a26a1c3,five_axis_explicit,overpass_1,has_metrics_no_final_label,,matched_route_for_outcome_evidence
SHANYU000-75baad039e6870ee,outcome_source,D:\SIX_Manual_Config\测试\五轴版本_全地图20ms\测试结果\纯原始地图闭环_v3_全12图汇总_20260812\summary.json,274c423ac74ae60d08076643420c19cdf9f50fceeaf26b43fb9bb0bd21cba112,8569,75baad039e6870ee50f9c744857d2c05bf0b74102b01c1b4cdb97eaf3a26a1c3,five_axis_explicit,overpass_1,has_metrics_no_final_label,,primary_or_supporting_outcome_evidence
SHANYU000-add8eccd92e3cc2b,route_npz,D:\SIX_Manual_Config\测试\五轴版本_全地图20ms\测试结果\纯原始地图闭环_v3_全12图汇总_20260812\routes\overpass_2.npz,add8eccd92e3cc2b5b04931641f5a038856cd9b52608e4dfdcb7f859bf607c85,1998621,add8eccd92e3cc2b5b04931641f5a038856cd9b52608e4dfdcb7f859bf607c85,five_axis_explicit,overpass_2,has_metrics_no_final_label,,matched_route_for_outcome_evidence
SHANYU000-add8eccd92e3cc2b,outcome_source,D:\SIX_Manual_Config\测试\五轴版本_全地图20ms\测试结果\纯原始地图闭环_v3_全12图汇总_20260812\summary.json,274c423ac74ae60d08076643420c19cdf9f50fceeaf26b43fb9bb0bd21cba112,8569,add8eccd92e3cc2b5b04931641f5a038856cd9b52608e4dfdcb7f859bf607c85,five_axis_explicit,overpass_2,has_metrics_no_final_label,,primary_or_supporting_outcome_evidence
SHANYU000-2b4be04225262e61,route_npz,D:\SIX_Manual_Config\测试\五轴版本_全地图20ms\测试结果\纯原始地图闭环_v3_全12图汇总_20260812\routes\ramp_1.npz,2b4be04225262e6101757dc4188517629085cc8de36062068210980ec85ab82c,643784,2b4be04225262e6101757dc4188517629085cc8de36062068210980ec85ab82c,five_axis_explicit,ramp_1,has_metrics_no_final_label,,matched_route_for_outcome_evidence
SHANYU000-2b4be04225262e61,outcome_source,D:\SIX_Manual_Config\测试\五轴版本_全地图20ms\测试结果\纯原始地图闭环_v3_全12图汇总_20260812\summary.json,274c423ac74ae60d08076643420c19cdf9f50fceeaf26b43fb9bb0bd21cba112,8569,2b4be04225262e6101757dc4188517629085cc8de36062068210980ec85ab82c,five_axis_explicit,ramp_1,has_metrics_no_final_label,,primary_or_supporting_outcome_evidence
SHANYU000-075b0325958d516f,route_npz,D:\SIX_Manual_Config\测试\五轴版本_全地图20ms\测试结果\纯原始地图闭环_v3_全12图汇总_20260812\routes\ramp_2.npz,075b0325958d516f5510b8d4e1c7a35920d6db5156fd103c4d4e95abc2f9cecd,852172,075b0325958d516f5510b8d4e1c7a35920d6db5156fd103c4d4e95abc2f9cecd,five_axis_explicit,ramp_2,has_metrics_no_final_label,,matched_route_for_outcome_evidence
SHANYU000-075b0325958d516f,outcome_source,D:\SIX_Manual_Config\测试\五轴版本_全地图20ms\测试结果\纯原始地图闭环_v3_全12图汇总_20260812\summary.json,274c423ac74ae60d08076643420c19cdf9f50fceeaf26b43fb9bb0bd21cba112,8569,075b0325958d516f5510b8d4e1c7a35920d6db5156fd103c4d4e95abc2f9cecd,five_axis_explicit,ramp_2,has_metrics_no_final_label,,primary_or_supporting_outcome_evidence
SHANYU000-364ab693d4352c0e,route_npz,D:\SIX_Manual_Config\测试\五轴版本_全地图20ms\测试结果\纯原始地图闭环_v3_全12图汇总_20260812\routes\turnaround_1.npz,364ab693d4352c0e03787c230e8cf2b6a741bba0820cafd2af0e52fc0798bdbf,187303,364ab693d4352c0e03787c230e8cf2b6a741bba0820cafd2af0e52fc0798bdbf,five_axis_explicit,turnaround_1,has_metrics_no_final_label,,matched_route_for_outcome_evidence
SHANYU000-364ab693d4352c0e,outcome_source,D:\SIX_Manual_Config\测试\五轴版本_全地图20ms\测试结果\纯原始地图闭环_v3_全12图汇总_20260812\summary.json,274c423ac74ae60d08076643420c19cdf9f50fceeaf26b43fb9bb0bd21cba112,8569,364ab693d4352c0e03787c230e8cf2b6a741bba0820cafd2af0e52fc0798bdbf,five_axis_explicit,turnaround_1,has_metrics_no_final_label,,primary_or_supporting_outcome_evidence
SHANYU000-7e3750028ccd81ae,route_npz,D:\SIX_Manual_Config\测试\五轴版本_全地图20ms\测试结果\纯原始地图闭环_v3_剩余十图_20260812\cold_start_routes\cliff_1.npz,7e3750028ccd81aed92a7f4e19e810850dcab0ad2733fabd28952ff5d04b4c29,107035,7e3750028ccd81aed92a7f4e19e810850dcab0ad2733fabd28952ff5d04b4c29,five_axis_explicit,cliff_1,has_metrics_no_final_label,,matched_route_for_outcome_evidence
SHANYU000-7e3750028ccd81ae,outcome_source,D:\SIX_Manual_Config\测试\五轴版本_全地图20ms\测试结果\通用路线流水线_v2_补测三图_20260812\cold_start_routes\summary.csv,c06f0b533c99bcde854298ec67a5d98d6b409cfb6dac24f1faa0196465277c35,1983,7e3750028ccd81aed92a7f4e19e810850dcab0ad2733fabd28952ff5d04b4c29,five_axis_explicit,cliff_1,has_metrics_no_final_label,,primary_or_supporting_outcome_evidence
SHANYU000-7457e5197df967e6,route_npz,D:\SIX_Manual_Config\测试\五轴版本_全地图20ms\测试结果\纯原始地图闭环_v3_剩余十图_20260812\cold_start_routes\cliff_2.npz,7457e5197df967e625ba0cea2961ccc75c7cf70a180b37167424034abae20d5e,409039,7457e5197df967e625ba0cea2961ccc75c7cf70a180b37167424034abae20d5e,five_axis_explicit,cliff_2,has_metrics_no_final_label,,matched_route_for_outcome_evidence
SHANYU000-7457e5197df967e6,outcome_source,D:\SIX_Manual_Config\测试\五轴版本_全地图20ms\测试结果\通用路线流水线_v2_全地图_拓扑修复安全回退_20260812\cold_start_routes\summary.csv,adc8987cb4f97fa554a431c90dc1da19ffa4d27e3ca3ae3613ca0ce5f341e6ec,4783,7457e5197df967e625ba0cea2961ccc75c7cf70a180b37167424034abae20d5e,five_axis_explicit,cliff_2,has_metrics_no_final_label,,primary_or_supporting_outcome_evidence
SHANYU000-a748838d02e58f8e,route_npz,D:\SIX_Manual_Config\测试\五轴版本_全地图20ms\测试结果\纯原始地图闭环_v3_剩余十图_20260812\cold_start_routes\cross_2.npz,a748838d02e58f8ed31aecdf6e4bfa9be19e7045412e2406a5c8072da569741b,183044,a748838d02e58f8ed31aecdf6e4bfa9be19e7045412e2406a5c8072da569741b,five_axis_explicit,cross_2,has_metrics_no_final_label,,matched_route_for_outcome_evidence
SHANYU000-a748838d02e58f8e,outcome_source,D:\SIX_Manual_Config\测试\五轴版本_全地图20ms\测试结果\通用路线流水线_v2_全地图_拓扑修复安全回退_20260812\cold_start_routes\summary.csv,adc8987cb4f97fa554a431c90dc1da19ffa4d27e3ca3ae3613ca0ce5f341e6ec,4783,a748838d02e58f8ed31aecdf6e4bfa9be19e7045412e2406a5c8072da569741b,five_axis_explicit,cross_2,has_metrics_no_final_label,,primary_or_supporting_outcome_evidence
SHANYU000-7a91a25ad7cc377a,route_npz,D:\SIX_Manual_Config\测试\五轴版本_全地图20ms\测试结果\纯原始地图闭环_v3_剩余十图_20260812\cold_start_routes\mounarea_2.npz,7a91a25ad7cc377a95eb280185790000f320d940a55aac5d7dc471bed6c6710f,364656,7a91a25ad7cc377a95eb280185790000f320d940a55aac5d7dc471bed6c6710f,five_axis_explicit,mounarea_2,has_metrics_no_final_label,,matched_route_for_outcome_evidence
SHANYU000-7a91a25ad7cc377a,outcome_source,D:\SIX_Manual_Config\测试\五轴版本_全地图20ms\测试结果\通用路线流水线_v2_全地图_拓扑修复安全回退_20260812\cold_start_routes\summary.csv,adc8987cb4f97fa554a431c90dc1da19ffa4d27e3ca3ae3613ca0ce5f341e6ec,4783,7a91a25ad7cc377a95eb280185790000f320d940a55aac5d7dc471bed6c6710f,five_axis_explicit,mounarea_2,has_metrics_no_final_label,,primary_or_supporting_outcome_evidence
SHANYU000-1760e69585f58672,route_npz,D:\SIX_Manual_Config\测试\五轴版本_全地图20ms\测试结果\纯原始地图闭环_v3_剩余十图_20260812\cold_start_routes\overpass_1.npz,1760e69585f5867253db3e1c6bd110606d20e89b8f7b634c3c77dba52f907e32,1490478,1760e69585f5867253db3e1c6bd110606d20e89b8f7b634c3c77dba52f907e32,five_axis_explicit,overpass_1,has_metrics_no_final_label,,matched_route_for_outcome_evidence
SHANYU000-1760e69585f58672,outcome_source,D:\SIX_Manual_Config\测试\五轴版本_全地图20ms\测试结果\通用路线流水线_v2_全地图_拓扑修复安全回退_20260812\cold_start_routes\summary.csv,adc8987cb4f97fa554a431c90dc1da19ffa4d27e3ca3ae3613ca0ce5f341e6ec,4783,1760e69585f5867253db3e1c6bd110606d20e89b8f7b634c3c77dba52f907e32,five_axis_explicit,overpass_1,has_metrics_no_final_label,,primary_or_supporting_outcome_evidence
SHANYU000-33920c8f69b2699c,route_npz,D:\SIX_Manual_Config\测试\五轴版本_全地图20ms\测试结果\纯原始地图闭环_v3_剩余十图_20260812\cold_start_routes\overpass_2.npz,33920c8f69b2699c1239a37465ee10bd093d1bc6857ab17aff3f992a20ffe843,1838456,33920c8f69b2699c1239a37465ee10bd093d1bc6857ab17aff3f992a20ffe843,five_axis_explicit,overpass_2,has_metrics_no_final_label,,matched_route_for_outcome_evidence
SHANYU000-33920c8f69b2699c,outcome_source,D:\SIX_Manual_Config\测试\五轴版本_全地图20ms\测试结果\通用路线流水线_v2_全地图_拓扑修复安全回退_20260812\cold_start_routes\summary.csv,adc8987cb4f97fa554a431c90dc1da19ffa4d27e3ca3ae3613ca0ce5f341e6ec,4783,33920c8f69b2699c1239a37465ee10bd093d1bc6857ab17aff3f992a20ffe843,five_axis_explicit,overpass_2,has_metrics_no_final_label,,primary_or_supporting_outcome_evidence
SHANYU000-eb80de0794e3f0f9,route_npz,D:\SIX_Manual_Config\测试\五轴版本_全地图20ms\测试结果\纯原始地图闭环_v3_剩余十图_20260812\cold_start_routes\ramp_1.npz,eb80de0794e3f0f9aaf655ddc0872a4634255f15bc9b991f756495c065a2bc1d,608257,eb80de0794e3f0f9aaf655ddc0872a4634255f15bc9b991f756495c065a2bc1d,five_axis_explicit,ramp_1,has_metrics_no_final_label,,matched_route_for_outcome_evidence
SHANYU000-eb80de0794e3f0f9,outcome_source,D:\SIX_Manual_Config\测试\五轴版本_全地图20ms\测试结果\通用路线流水线_v2_全地图_拓扑修复安全回退_20260812\cold_start_routes\summary.csv,adc8987cb4f97fa554a431c90dc1da19ffa4d27e3ca3ae3613ca0ce5f341e6ec,4783,eb80de0794e3f0f9aaf655ddc0872a4634255f15bc9b991f756495c065a2bc1d,five_axis_explicit,ramp_1,has_metrics_no_final_label,,primary_or_supporting_outcome_evidence
SHANYU000-efdc97d3ceaf6a01,route_npz,D:\SIX_Manual_Config\测试\五轴版本_全地图20ms\测试结果\纯原始地图闭环_v3_剩余十图_20260812\cold_start_routes\ramp_2.npz,efdc97d3ceaf6a010aa3cc67e777fba78c034a4eaccb525a447c6b18a4d8a49b,851473,efdc97d3ceaf6a010aa3cc67e777fba78c034a4eaccb525a447c6b18a4d8a49b,five_axis_explicit,ramp_2,has_metrics_no_final_label,,matched_route_for_outcome_evidence
SHANYU000-efdc97d3ceaf6a01,outcome_source,D:\SIX_Manual_Config\测试\五轴版本_全地图20ms\测试结果\通用路线流水线_v2_全地图_拓扑修复安全回退_20260812\cold_start_routes\summary.csv,adc8987cb4f97fa554a431c90dc1da19ffa4d27e3ca3ae3613ca0ce5f341e6ec,4783,efdc97d3ceaf6a010aa3cc67e777fba78c034a4eaccb525a447c6b18a4d8a49b,five_axis_explicit,ramp_2,has_metrics_no_final_label,,primary_or_supporting_outcome_evidence
SHANYU000-9cd48f74d9aab189,route_npz,D:\SIX_Manual_Config\测试\五轴版本_全地图20ms\测试结果\纯原始地图闭环_v3_剩余十图_20260812\cold_start_routes\turnaround_1.npz,9cd48f74d9aab189c534afbec6b1b2593e33543c74ab7edff3140d6a96cf6146,186660,9cd48f74d9aab189c534afbec6b1b2593e33543c74ab7edff3140d6a96cf6146,five_axis_explicit,turnaround_1,has_metrics_no_final_label,,matched_route_for_outcome_evidence
SHANYU000-9cd48f74d9aab189,outcome_source,D:\SIX_Manual_Config\测试\五轴版本_全地图20ms\测试结果\通用路线流水线_v2_补测三图_20260812\cold_start_routes\summary.csv,c06f0b533c99bcde854298ec67a5d98d6b409cfb6dac24f1faa0196465277c35,1983,9cd48f74d9aab189c534afbec6b1b2593e33543c74ab7edff3140d6a96cf6146,five_axis_explicit,turnaround_1,has_metrics_no_final_label,,primary_or_supporting_outcome_evidence
SHANYU000-8cc1ba51656bc4eb,route_npz,D:\SIX_Manual_Config\测试\五轴版本_全地图20ms\测试结果\通用路线流水线_v1_cliff2_冷启动_20260812\cold_start_routes\cliff_2.npz,8cc1ba51656bc4ebc6361eafa9bc420b1b780395dc6cba73c151ec8a5c342542,396001,8cc1ba51656bc4ebc6361eafa9bc420b1b780395dc6cba73c151ec8a5c342542,five_axis_explicit,cliff_2,has_metrics_no_final_label,,matched_route_for_outcome_evidence
SHANYU000-8cc1ba51656bc4eb,outcome_source,D:\SIX_Manual_Config\测试\五轴版本_全地图20ms\测试结果\通用路线流水线_v1_cliff2_冷启动_20260812\cold_start_routes\summary.csv,f89f69dd6eb207130248b0ea5c5fabfb45f40ec622c1b170a5440292f1c0dfd9,1042,8cc1ba51656bc4ebc6361eafa9bc420b1b780395dc6cba73c151ec8a5c342542,five_axis_explicit,cliff_2,has_metrics_no_final_label,,primary_or_supporting_outcome_evidence
SHANYU000-8cc1ba51656bc4eb,outcome_source,D:\SIX_Manual_Config\测试\五轴版本_全地图20ms\测试结果\通用路线流水线_v1_全地图_20260812\cold_start_routes\summary.csv,83093821ae7405991a51db9d475cf86e381796fe012c05af1a93b3fe2415501e,5590,8cc1ba51656bc4ebc6361eafa9bc420b1b780395dc6cba73c151ec8a5c342542,five_axis_explicit,cliff_2,has_metrics_no_final_label,,primary_or_supporting_outcome_evidence
SHANYU000-e7f3829684a6c251,route_npz,D:\SIX_Manual_Config\测试\五轴版本_全地图20ms\测试结果\通用路线流水线_v1_全地图_20260812\cold_start_routes\cross_1.npz,e7f3829684a6c25160af770bd1d09fb8633656a67826b92ca5f1733b1fd2a3f7,378614,e7f3829684a6c25160af770bd1d09fb8633656a67826b92ca5f1733b1fd2a3f7,five_axis_explicit,cross_1,has_metrics_no_final_label,,matched_route_for_outcome_evidence
SHANYU000-e7f3829684a6c251,outcome_source,D:\SIX_Manual_Config\测试\五轴版本_全地图20ms\测试结果\通用路线流水线_v1_全地图_20260812\cold_start_routes\summary.csv,83093821ae7405991a51db9d475cf86e381796fe012c05af1a93b3fe2415501e,5590,e7f3829684a6c25160af770bd1d09fb8633656a67826b92ca5f1733b1fd2a3f7,five_axis_explicit,cross_1,has_metrics_no_final_label,,primary_or_supporting_outcome_evidence
SHANYU000-5b754f1aae092d95,route_npz,D:\SIX_Manual_Config\测试\五轴版本_全地图20ms\测试结果\通用路线流水线_v1_全地图_20260812\cold_start_routes\cross_2.npz,5b754f1aae092d95c0b115f2992b19024072e132b446fefdeb1164533cebfc82,442928,5b754f1aae092d95c0b115f2992b19024072e132b446fefdeb1164533cebfc82,five_axis_explicit,cross_2,has_metrics_no_final_label,,matched_route_for_outcome_evidence
SHANYU000-5b754f1aae092d95,outcome_source,D:\SIX_Manual_Config\测试\五轴版本_全地图20ms\测试结果\通用路线流水线_v1_全地图_20260812\cold_start_routes\summary.csv,83093821ae7405991a51db9d475cf86e381796fe012c05af1a93b3fe2415501e,5590,5b754f1aae092d95c0b115f2992b19024072e132b446fefdeb1164533cebfc82,five_axis_explicit,cross_2,has_metrics_no_final_label,,primary_or_supporting_outcome_evidence
SHANYU000-035d4e4355ebc4bf,route_npz,D:\SIX_Manual_Config\测试\五轴版本_全地图20ms\测试结果\通用路线流水线_v1_全地图_20260812\cold_start_routes\mounarea_1.npz,035d4e4355ebc4bfd7b0f4fedaca9b552678392350b808fbd71449688f90ef6d,707640,035d4e4355ebc4bfd7b0f4fedaca9b552678392350b808fbd71449688f90ef6d,five_axis_explicit,mounarea_1,has_metrics_no_final_label,,matched_route_for_outcome_evidence
SHANYU000-035d4e4355ebc4bf,outcome_source,D:\SIX_Manual_Config\测试\五轴版本_全地图20ms\测试结果\通用路线流水线_v1_全地图_20260812\cold_start_routes\summary.csv,83093821ae7405991a51db9d475cf86e381796fe012c05af1a93b3fe2415501e,5590,035d4e4355ebc4bfd7b0f4fedaca9b552678392350b808fbd71449688f90ef6d,five_axis_explicit,mounarea_1,has_metrics_no_final_label,,primary_or_supporting_outcome_evidence
SHANYU000-0f03449cec533e02,route_npz,D:\SIX_Manual_Config\测试\五轴版本_全地图20ms\测试结果\通用路线流水线_v1_全地图_20260812\cold_start_routes\mounarea_2.npz,0f03449cec533e02b1df3447d0ef779937ca2db4cd94addcc5131133e43321d1,361026,0f03449cec533e02b1df3447d0ef779937ca2db4cd94addcc5131133e43321d1,five_axis_explicit,mounarea_2,has_metrics_no_final_label,,matched_route_for_outcome_evidence
SHANYU000-0f03449cec533e02,outcome_source,D:\SIX_Manual_Config\测试\五轴版本_全地图20ms\测试结果\通用路线流水线_v1_全地图_20260812\cold_start_routes\summary.csv,83093821ae7405991a51db9d475cf86e381796fe012c05af1a93b3fe2415501e,5590,0f03449cec533e02b1df3447d0ef779937ca2db4cd94addcc5131133e43321d1,five_axis_explicit,mounarea_2,has_metrics_no_final_label,,primary_or_supporting_outcome_evidence
SHANYU000-b598bc9d0f8a2413,route_npz,D:\SIX_Manual_Config\测试\五轴版本_全地图20ms\测试结果\通用路线流水线_v1_全地图_20260812\cold_start_routes\overpass_1.npz,b598bc9d0f8a2413145993e35cd4d9d997c724145fb457f674bce42545984de0,2675917,b598bc9d0f8a2413145993e35cd4d9d997c724145fb457f674bce42545984de0,five_axis_explicit,overpass_1,has_metrics_no_final_label,,matched_route_for_outcome_evidence
SHANYU000-b598bc9d0f8a2413,outcome_source,D:\SIX_Manual_Config\测试\五轴版本_全地图20ms\测试结果\通用路线流水线_v1_全地图_20260812\cold_start_routes\summary.csv,83093821ae7405991a51db9d475cf86e381796fe012c05af1a93b3fe2415501e,5590,b598bc9d0f8a2413145993e35cd4d9d997c724145fb457f674bce42545984de0,five_axis_explicit,overpass_1,has_metrics_no_final_label,,primary_or_supporting_outcome_evidence
SHANYU000-d883da067e1b2677,route_npz,D:\SIX_Manual_Config\测试\五轴版本_全地图20ms\测试结果\通用路线流水线_v1_全地图_20260812\cold_start_routes\overpass_2.npz,d883da067e1b2677c5607e7f9e4f9285b1b86b353c04702c2bb3dab82815f1b0,2074867,d883da067e1b2677c5607e7f9e4f9285b1b86b353c04702c2bb3dab82815f1b0,five_axis_explicit,overpass_2,has_metrics_no_final_label,,matched_route_for_outcome_evidence
SHANYU000-d883da067e1b2677,outcome_source,D:\SIX_Manual_Config\测试\五轴版本_全地图20ms\测试结果\通用路线流水线_v1_全地图_20260812\cold_start_routes\summary.csv,83093821ae7405991a51db9d475cf86e381796fe012c05af1a93b3fe2415501e,5590,d883da067e1b2677c5607e7f9e4f9285b1b86b353c04702c2bb3dab82815f1b0,five_axis_explicit,overpass_2,has_metrics_no_final_label,,primary_or_supporting_outcome_evidence
SHANYU000-9640895932df1e95,route_npz,D:\SIX_Manual_Config\测试\五轴版本_全地图20ms\测试结果\通用路线流水线_v1_全地图_20260812\cold_start_routes\ramp_1.npz,9640895932df1e95005c474023d0218c6b1901d5fb00501cc88cf273d801bfaa,3617014,9640895932df1e95005c474023d0218c6b1901d5fb00501cc88cf273d801bfaa,five_axis_explicit,ramp_1,has_metrics_no_final_label,,matched_route_for_outcome_evidence
SHANYU000-9640895932df1e95,outcome_source,D:\SIX_Manual_Config\测试\五轴版本_全地图20ms\测试结果\通用路线流水线_v1_全地图_20260812\cold_start_routes\summary.csv,83093821ae7405991a51db9d475cf86e381796fe012c05af1a93b3fe2415501e,5590,9640895932df1e95005c474023d0218c6b1901d5fb00501cc88cf273d801bfaa,five_axis_explicit,ramp_1,has_metrics_no_final_label,,primary_or_supporting_outcome_evidence
SHANYU000-bd7e3da803438bf9,route_npz,D:\SIX_Manual_Config\测试\五轴版本_全地图20ms\测试结果\通用路线流水线_v1_全地图_20260812\cold_start_routes\ramp_2.npz,bd7e3da803438bf9da7a44e40bff532412928ed6b9e32de123e977df1cdf90a4,4412261,bd7e3da803438bf9da7a44e40bff532412928ed6b9e32de123e977df1cdf90a4,five_axis_explicit,ramp_2,has_metrics_no_final_label,,matched_route_for_outcome_evidence
SHANYU000-bd7e3da803438bf9,outcome_source,D:\SIX_Manual_Config\测试\五轴版本_全地图20ms\测试结果\通用路线流水线_v1_全地图_20260812\cold_start_routes\summary.csv,83093821ae7405991a51db9d475cf86e381796fe012c05af1a93b3fe2415501e,5590,bd7e3da803438bf9da7a44e40bff532412928ed6b9e32de123e977df1cdf90a4,five_axis_explicit,ramp_2,has_metrics_no_final_label,,primary_or_supporting_outcome_evidence
SHANYU000-6882bb32c818c22b,route_npz,D:\SIX_Manual_Config\测试\五轴版本_全地图20ms\测试结果\通用路线流水线_v1_验证拓扑种子冒烟_cross1_20260812\cold_start_routes\cross_1.npz,6882bb32c818c22b42e2f8d879ec13f36f6168231a05739b72cefe56d4cca9de,240148,6882bb32c818c22b42e2f8d879ec13f36f6168231a05739b72cefe56d4cca9de,five_axis_explicit,cross_1,has_metrics_no_final_label,,matched_route_for_outcome_evidence
SHANYU000-6882bb32c818c22b,outcome_source,D:\SIX_Manual_Config\测试\五轴版本_全地图20ms\测试结果\通用路线流水线_v1_验证拓扑种子冒烟_cross1_20260812\cold_start_routes\summary.csv,feb1b7077e7e0ac9b7520d8717dbfd641200492e0ecf4149528d28dacbd8af29,1042,6882bb32c818c22b42e2f8d879ec13f36f6168231a05739b72cefe56d4cca9de,five_axis_explicit,cross_1,has_metrics_no_final_label,,primary_or_supporting_outcome_evidence
SHANYU000-69b12781d21b7dcf,route_npz,D:\SIX_Manual_Config\测试\五轴版本_全地图20ms\测试结果\通用路线流水线_v2_补测环岛_冷启动_20260812\cold_start_routes\roundabout_1.npz,69b12781d21b7dcf114a10d8a966af1d79a3b61c89d0d1034f929f11dce33965,243895,69b12781d21b7dcf114a10d8a966af1d79a3b61c89d0d1034f929f11dce33965,five_axis_explicit,,has_metrics_no_final_label,,matched_route_for_outcome_evidence
SHANYU000-69b12781d21b7dcf,outcome_source,D:\SIX_Manual_Config\测试\五轴版本_全地图20ms\测试结果\通用路线流水线_v2_补测环岛_冷启动_20260812\cold_start_routes\summary.csv,27efcf5f5298f7afbbe366c3fcfa9053fdbdb3b8228913dac408a3a7c6911910,1512,69b12781d21b7dcf114a10d8a966af1d79a3b61c89d0d1034f929f11dce33965,five_axis_explicit,,has_metrics_no_final_label,,primary_or_supporting_outcome_evidence
SHANYU000-5965a920877916ff,route_npz,D:\SIX_Manual_Config\测试\五轴版本_全地图20ms\测试结果\通用路线流水线_v2_补测环岛_冷启动_20260812\cold_start_routes\roundabout_2.npz,5965a920877916ffa7120dfbda1e10f66627f22d203b830a7b9c31e504de09c1,177813,5965a920877916ffa7120dfbda1e10f66627f22d203b830a7b9c31e504de09c1,five_axis_explicit,,has_metrics_no_final_label,,matched_route_for_outcome_evidence
SHANYU000-5965a920877916ff,outcome_source,D:\SIX_Manual_Config\测试\五轴版本_全地图20ms\测试结果\通用路线流水线_v2_补测环岛_冷启动_20260812\cold_start_routes\summary.csv,27efcf5f5298f7afbbe366c3fcfa9053fdbdb3b8228913dac408a3a7c6911910,1512,5965a920877916ffa7120dfbda1e10f66627f22d203b830a7b9c31e504de09c1,five_axis_explicit,,has_metrics_no_final_label,,primary_or_supporting_outcome_evidence
SHANYU000-b3a3dc3a3582f6c4,route_npz,D:\SIX_Manual_Config\测试\部署\20260810_五轴_v4_UE4实际运行版\实际运行代码\output\planner_regen_five_axis_u1_v2_20260811\cliff_1.npz,b3a3dc3a3582f6c4c69975075c9760be0dd62bae6be8454fc6560a101a5413c6,106350,b3a3dc3a3582f6c4c69975075c9760be0dd62bae6be8454fc6560a101a5413c6,five_axis_explicit,cliff_1,has_metrics_no_final_label,,matched_route_for_outcome_evidence
SHANYU000-b3a3dc3a3582f6c4,outcome_source,D:\SIX_Manual_Config\测试\部署\20260810_五轴_v4_UE4实际运行版\实际运行代码\output\planner_regen_five_axis_u1_v2_20260811\summary.csv,cefb74f06ee1f0a426fd7145d99392fd2a0b43b69dd446e9c6378885b447854b,7322,b3a3dc3a3582f6c4c69975075c9760be0dd62bae6be8454fc6560a101a5413c6,five_axis_explicit,cliff_1,has_metrics_no_final_label,,primary_or_supporting_outcome_evidence
SHANYU000-1c65cc1d781dd508,route_npz,D:\SIX_Manual_Config\测试\部署\20260810_五轴_v4_UE4实际运行版\实际运行代码\output\planner_regen_five_axis_u1_v2_20260811\cliff_2.npz,1c65cc1d781dd50890b929f36f01929c34d88b28ae76b2518f555dc7f818715d,398911,1c65cc1d781dd50890b929f36f01929c34d88b28ae76b2518f555dc7f818715d,five_axis_explicit,cliff_2,has_metrics_no_final_label,,matched_route_for_outcome_evidence
SHANYU000-1c65cc1d781dd508,outcome_source,D:\SIX_Manual_Config\测试\部署\20260810_五轴_v4_UE4实际运行版\实际运行代码\output\planner_regen_five_axis_u1_v2_20260811\summary.csv,cefb74f06ee1f0a426fd7145d99392fd2a0b43b69dd446e9c6378885b447854b,7322,1c65cc1d781dd50890b929f36f01929c34d88b28ae76b2518f555dc7f818715d,five_axis_explicit,cliff_2,has_metrics_no_final_label,,primary_or_supporting_outcome_evidence
SHANYU000-03e3983572522703,route_npz,D:\SIX_Manual_Config\测试\部署\20260810_五轴_v4_UE4实际运行版\实际运行代码\output\planner_regen_five_axis_u1_v2_20260811\cross_1.npz,03e3983572522703876e1f43ecd57996f8af61ac427999d0b8eb021412580f56,238641,03e3983572522703876e1f43ecd57996f8af61ac427999d0b8eb021412580f56,five_axis_explicit,cross_1,has_metrics_no_final_label,,matched_route_for_outcome_evidence
SHANYU000-03e3983572522703,outcome_source,D:\SIX_Manual_Config\测试\部署\20260810_五轴_v4_UE4实际运行版\实际运行代码\output\planner_regen_five_axis_u1_v2_20260811\summary.csv,cefb74f06ee1f0a426fd7145d99392fd2a0b43b69dd446e9c6378885b447854b,7322,03e3983572522703876e1f43ecd57996f8af61ac427999d0b8eb021412580f56,five_axis_explicit,cross_1,has_metrics_no_final_label,,primary_or_supporting_outcome_evidence
SHANYU000-af29b3a5d05afcc6,route_npz,D:\SIX_Manual_Config\测试\部署\20260810_五轴_v4_UE4实际运行版\实际运行代码\output\planner_regen_five_axis_u1_v2_20260811\cross_2.npz,af29b3a5d05afcc6d491f56ff0c93e7c5ae154bdc4ebb0f1ea2f4aef232c758a,228596,af29b3a5d05afcc6d491f56ff0c93e7c5ae154bdc4ebb0f1ea2f4aef232c758a,five_axis_explicit,cross_2,has_metrics_no_final_label,,matched_route_for_outcome_evidence
SHANYU000-af29b3a5d05afcc6,outcome_source,D:\SIX_Manual_Config\测试\部署\20260810_五轴_v4_UE4实际运行版\实际运行代码\output\planner_regen_five_axis_u1_v2_20260811\summary.csv,cefb74f06ee1f0a426fd7145d99392fd2a0b43b69dd446e9c6378885b447854b,7322,af29b3a5d05afcc6d491f56ff0c93e7c5ae154bdc4ebb0f1ea2f4aef232c758a,five_axis_explicit,cross_2,has_metrics_no_final_label,,primary_or_supporting_outcome_evidence
SHANYU000-64e887ff8bf6e1e0,route_npz,D:\SIX_Manual_Config\测试\部署\20260810_五轴_v4_UE4实际运行版\实际运行代码\output\planner_regen_five_axis_u1_v2_20260811\narrow_1.npz,64e887ff8bf6e1e05191a5347352a56ac81e24ebedc656322d10e4f025adb272,42031,64e887ff8bf6e1e05191a5347352a56ac81e24ebedc656322d10e4f025adb272,five_axis_explicit,narrow_1,has_metrics_no_final_label,,matched_route_for_outcome_evidence
SHANYU000-64e887ff8bf6e1e0,outcome_source,D:\SIX_Manual_Config\测试\部署\20260810_五轴_v4_UE4实际运行版\实际运行代码\output\planner_regen_five_axis_u1_v2_20260811\summary.csv,cefb74f06ee1f0a426fd7145d99392fd2a0b43b69dd446e9c6378885b447854b,7322,64e887ff8bf6e1e05191a5347352a56ac81e24ebedc656322d10e4f025adb272,five_axis_explicit,narrow_1,has_metrics_no_final_label,,primary_or_supporting_outcome_evidence
SHANYU000-4125fcaaf7fc53f9,route_npz,D:\SIX_Manual_Config\测试\部署\20260810_五轴_v4_UE4实际运行版\实际运行代码\output\planner_regen_five_axis_u1_v2_20260811\ramp_1.npz,4125fcaaf7fc53f955f9dc91d0baab49a146a5feb3fcf4ee55dc2ad8f4da59b1,615494,4125fcaaf7fc53f955f9dc91d0baab49a146a5feb3fcf4ee55dc2ad8f4da59b1,five_axis_explicit,ramp_1,has_metrics_no_final_label,,matched_route_for_outcome_evidence
SHANYU000-4125fcaaf7fc53f9,outcome_source,D:\SIX_Manual_Config\测试\部署\20260810_五轴_v4_UE4实际运行版\实际运行代码\output\planner_regen_five_axis_u1_v2_20260811\summary.csv,cefb74f06ee1f0a426fd7145d99392fd2a0b43b69dd446e9c6378885b447854b,7322,4125fcaaf7fc53f955f9dc91d0baab49a146a5feb3fcf4ee55dc2ad8f4da59b1,five_axis_explicit,ramp_1,has_metrics_no_final_label,,primary_or_supporting_outcome_evidence
SHANYU000-e7efd3f15ed94832,route_npz,D:\SIX_Manual_Config\测试\部署\20260810_五轴_v4_UE4实际运行版\实际运行代码\output\planner_regen_five_axis_u1_v2_20260811\ramp_2.npz,e7efd3f15ed948323f75715ffe19456dfdd8ae3dc0a380fba4fa16502ae25b10,878026,e7efd3f15ed948323f75715ffe19456dfdd8ae3dc0a380fba4fa16502ae25b10,five_axis_explicit,ramp_2,has_metrics_no_final_label,,matched_route_for_outcome_evidence
SHANYU000-e7efd3f15ed94832,outcome_source,D:\SIX_Manual_Config\测试\部署\20260810_五轴_v4_UE4实际运行版\实际运行代码\output\planner_regen_five_axis_u1_v2_20260811\summary.csv,cefb74f06ee1f0a426fd7145d99392fd2a0b43b69dd446e9c6378885b447854b,7322,e7efd3f15ed948323f75715ffe19456dfdd8ae3dc0a380fba4fa16502ae25b10,five_axis_explicit,ramp_2,has_metrics_no_final_label,,primary_or_supporting_outcome_evidence
SHANYU000-0f94b19981372f7d,route_npz,D:\SIX_Manual_Config\测试\部署\20260810_五轴_v4_UE4实际运行版\实际运行代码\output\planner_regen_five_axis_u1_v2_20260811\turnaround_1.npz,0f94b19981372f7d4a526a9aeb2ea02b90758aab1898c026e127f8f9125de90e,180397,0f94b19981372f7d4a526a9aeb2ea02b90758aab1898c026e127f8f9125de90e,five_axis_explicit,turnaround_1,has_metrics_no_final_label,,matched_route_for_outcome_evidence
SHANYU000-0f94b19981372f7d,outcome_source,D:\SIX_Manual_Config\测试\部署\20260810_五轴_v4_UE4实际运行版\实际运行代码\output\planner_regen_five_axis_u1_v2_20260811\summary.csv,cefb74f06ee1f0a426fd7145d99392fd2a0b43b69dd446e9c6378885b447854b,7322,0f94b19981372f7d4a526a9aeb2ea02b90758aab1898c026e127f8f9125de90e,five_axis_explicit,turnaround_1,has_metrics_no_final_label,,primary_or_supporting_outcome_evidence
