"route_input_hash","route_file_sha256","map","hard_certificate_passed","policy_id","build_family","vehicle_profile_id","vehicle_profile_fingerprint","axle_count","hard_failure_reasons","failure_reasons_union","point_count","route_length_m"
"0659a93881de7eb1f2fad869a9eb1417c6cfca99d9ca1fffbbb88672803f5c72","5f6c5dfad097187aa34cfb24f17f6d7dfed938594327861cdbff9c0f1c5d95a7","RoadC","0","[0.05, null, 0.18, 1.02]","5axles","five_axis","4ec13c407273a370c01747c10ca81942fa98caab38073946be123042e1dd02b7","5.0","closed_loop_heightmap_footprint","closed_loop_heightmap_footprint","48343","9668.237225863788"
"7890c63de8356db243967b2b983fadd85f70c0a2c9899d2539fdce63b3b6990f","2de35a13e26bc352bd616936afca5005f5022da1f27a0456d3ea796b025c4f49","RoadC","0","[0.05, 0.005, 0.18, 1.02]","5axles","five_axis","c55daff1b698d1f4e5430ac09daa62a4231411205564f579dcecdbf8da0aaefb","5.0","external_safety_postprocess_required","closed_loop_heightmap_footprint|closed_loop_pcd_clearance|external_safety_postprocess_required","48701","9739.991800679027"
"efbfb8d0b045bd0cb62ebca32ea51a0ebd58aaa7fada905ead23a9632d3e87c6","10e82220a1ab7f522f2facc5b8e8a1a6b691c220075e30fca48484927e03e049","RoadC","0","[0.05, null, 0.18, 1.02]","5axles","five_axis","c55daff1b698d1f4e5430ac09daa62a4231411205564f579dcecdbf8da0aaefb","5.0","closed_loop_pcd_clearance|maximum_slip_ratio|maximum_tire_utilization","closed_loop_pcd_clearance|maximum_slip_ratio|maximum_tire_utilization","48693","9738.268221182434"
"12eeca8e64d44b7a9eb855dfd6d06253131e576f299a7dcfe62b93743b6e516f","a7ecd780fd1bee5175f116350c8b3a72b90a406b4a8c8c884da0d08d84b9c238","RoadC","0","[0.05, null, 0.18, 1.02]","6axles","six_axis","d46c9e86aea3de5c8e980dc8c9c47b3c646827643d17e3495dd2c25c5ef1f91a","6.0","maximum_slip_ratio","maximum_slip_ratio","48650","9729.672293738553"
"560a29318bf442f176dea7735b44cbd1a96d794da9296aeba62b02b19347033f","f9208ef5caa0454189b21205aecfaa67c13cdc09e878a873bd6918b4e6a31ddd","RoadC","0","[0.05, null, 0.18, 1.02]","6axles","six_axis","d46c9e86aea3de5c8e980dc8c9c47b3c646827643d17e3495dd2c25c5ef1f91a","6.0","closed_loop_heightmap_footprint|maximum_slip_ratio","closed_loop_heightmap_footprint|maximum_slip_ratio","48650","9729.672293738553"
"5ade2954894e35c7a76e5ef684f4f0127a23e53d224f61ce7bc853049bb73847","e52cf5db3ede9c929fdfd618cbe69a7f47990de178597ed5f03690bd4140afee","RoadC","0","[0.05, null, 0.18, 1.02]","6axles","six_axis","d46c9e86aea3de5c8e980dc8c9c47b3c646827643d17e3495dd2c25c5ef1f91a","6.0","closed_loop_heightmap_footprint|maximum_slip_ratio","closed_loop_heightmap_footprint|maximum_slip_ratio","48650","9729.730653063041"
"72dc9d324d38ee5ddc5ee3009b6ddfd74fd51518c4c825d5c5278b08d47e4014","29c01de1c67d56ac4e6488e97986d5343dd4eb647a655c1093d31cead92b7cfb","RoadC","0","[0.05, null, 0.18, 1.02]","6axles","six_axis","d46c9e86aea3de5c8e980dc8c9c47b3c646827643d17e3495dd2c25c5ef1f91a","6.0","closed_loop_heightmap_footprint|closed_loop_pcd_clearance|maximum_slip_ratio","closed_loop_heightmap_footprint|closed_loop_pcd_clearance|maximum_slip_ratio","48650","9729.730653063041"
"92c60d1dabe4aa6b8776d5c598d8c752eb7c9952acc79f6b3f1d9ec1aed8d1d8","836a8a54b9ec658a321b1838526c7913052703ec3de35e50f476fec183282651","RoadC","0","[0.05, 0.005, 0.18, 1.02]","6axles","six_axis","d46c9e86aea3de5c8e980dc8c9c47b3c646827643d17e3495dd2c25c5ef1f91a","6.0","closed_loop_pcd_clearance","closed_loop_pcd_clearance","48650","9729.787775545983"
"cc1684f8a84ce5bfdf3b06c3b7cdab7e799ad31f348b71bcf836c0c898a5d3ee","006046587d25dbd2cb6ad36f843c0cba90b074918ed3a944bb3fcced9d36c2d8","RoadC","0","[0.05, null, 0.18, 1.02]","6axles","six_axis","d46c9e86aea3de5c8e980dc8c9c47b3c646827643d17e3495dd2c25c5ef1f91a","6.0","closed_loop_heightmap_footprint|closed_loop_pcd_clearance|maximum_slip_ratio","closed_loop_heightmap_footprint|closed_loop_pcd_clearance|maximum_slip_ratio","48650","9729.720392996298"
"dd804560990acb9c2ef8cd5aa2c2432b21b4be71ba71ec0c7917795bc6528490","38acc45f2eca57a8b80b18e9f1cd8414a8184b2290c0f4466762fa083bae94f8","RoadC","0","[0.05, null, 0.18, 1.02]","6axles","six_axis","d46c9e86aea3de5c8e980dc8c9c47b3c646827643d17e3495dd2c25c5ef1f91a","6.0","closed_loop_heightmap_footprint|closed_loop_pcd_clearance|maximum_slip_ratio","closed_loop_heightmap_footprint|closed_loop_pcd_clearance|maximum_slip_ratio","48650","9729.672293738553"
"7dad5958df9e7fbed9944521980c3de57952aec53ee6de4342cc298d58e90e1d","c103f6caacbed62915448a8f0f4bd684603a95b4fc887261dc05d31021099baa","RoadC","1","[0.05, null, 0.18, 1.02]","6axles","six_axis","d46c9e86aea3de5c8e980dc8c9c47b3c646827643d17e3495dd2c25c5ef1f91a","6.0","","","48650","9729.672293738553"
"1cd97d850d7858d7ad9400dd9a482120593aa194cb5605e11bb42959938e0539","2b05301d9a149493399138d6509af114f9dfc5607f187d45e400590da7359a9b","bridge_4","0","[0.05, null, 0.18, 1.02]","5axles","five_axis","4ec13c407273a370c01747c10ca81942fa98caab38073946be123042e1dd02b7","5.0","closed_loop_pcd_clearance|maximum_slip_ratio","closed_loop_pcd_clearance|maximum_slip_ratio","1040","214.8210067384432"
"259b83792e41c6fcb42230e798fd800f5b5f1febd41b928b0d2a726400498e5b","82d679d177ad0e2cba19a2ffed18a3fe7457b8ffe17388491e94290e7fabacbd","bridge_4","0","[0.05, 0.005, 0.18, 1.02]","5axles","five_axis","c55daff1b698d1f4e5430ac09daa62a4231411205564f579dcecdbf8da0aaefb","5.0","closed_loop_heightmap_footprint|closed_loop_pcd_clearance|maximum_slip_ratio|maximum_tire_utilization","closed_loop_heightmap_footprint|closed_loop_pcd_clearance|maximum_slip_ratio|maximum_tire_utilization","1062","212.02797527585238"
"dd15aff30fb8b3ef68b7fee8bc834a1706e529bfad973836cc496e5b23d6aad7","ad407f967244550119c7215e89c6cf63e7cbae488f8018a8021853d7c263bdea","bridge_4","0","[0.05, null, 0.18, 1.02]","5axles","five_axis","4ec13c407273a370c01747c10ca81942fa98caab38073946be123042e1dd02b7","5.0","closed_loop_pcd_clearance|maximum_slip_ratio|maximum_tire_utilization","closed_loop_pcd_clearance|maximum_slip_ratio|maximum_tire_utilization","1040","214.8210067384432"
"037376b14c1f6b0b6a178e209afa90871ba3286360c137a197ce964c4c93ca56","0b1dc2522d0abf8172d4b37008750370328bd22d7c06bef58c9fd01ef3c1ddbe","bridge_4","0","[-0.3, null, 0.18, 1.02]","6axles","six_axis","d46c9e86aea3de5c8e980dc8c9c47b3c646827643d17e3495dd2c25c5ef1f91a","6.0","maximum_slip_ratio","maximum_slip_ratio","1078","215.24718946308448"
"1af9a2f609ebb4dfbf8a64843510d2bc1c3f6e4db83ee25273fe8bd17eb7cbdf","56381b8060b658c5d89bcd40c5b8d33c625db629f9de6a6204f81d6566e69617","bridge_4","0","[-0.3, null, 0.18, 1.02]","6axles","six_axis","d46c9e86aea3de5c8e980dc8c9c47b3c646827643d17e3495dd2c25c5ef1f91a","6.0","maximum_slip_ratio","maximum_slip_ratio","1078","215.24718946308448"
"3b16ece30e26989ed5b6562f098d6843299dd81de9f8cf90813daaf93504b4f4","e8fa358c963cf03232f901a9ee9420170a77cfc3afcedec49010472d129bc1a9","bridge_4","0","[0.05, null, 0.18, 1.02]","6axles","six_axis","d46c9e86aea3de5c8e980dc8c9c47b3c646827643d17e3495dd2c25c5ef1f91a","6.0","closed_loop_pcd_clearance|maximum_slip_ratio","closed_loop_pcd_clearance|maximum_slip_ratio","1078","215.24718946308448"
"426f3e2141b3c2b54ed1f78fd3d5423458eb8237952d6c0aadef69cddf9293c0","2dad3655798a4362f04bdf78d37693687014c5379127c7f4de8cbd69ad77c91d","bridge_4","0","[-0.3, null, 0.18, 1.02]","6axles","six_axis","d46c9e86aea3de5c8e980dc8c9c47b3c646827643d17e3495dd2c25c5ef1f91a","6.0","maximum_slip_ratio","maximum_slip_ratio","1078","215.24718946308448"
"489c29499d9787c1247da28f690e4434aa60be07c18949eaf8c85312d6b16064","08a5cefdbe0cd5db3438f98e0b70eed36057749e0b4387e726779c446dca1dfd","bridge_4","0","[-0.3, null, 0.18, 1.02]","6axles","six_axis","d46c9e86aea3de5c8e980dc8c9c47b3c646827643d17e3495dd2c25c5ef1f91a","6.0","maximum_slip_ratio","maximum_slip_ratio","1078","215.24718946308448"
"49eb640a765db9c6683709078e5d5997786cff621ac0bc1285fef4cbf795e244","d99e39746a974a0faed392717506eed390aabcda7b2e00a22c58b9adb8175295","bridge_4","0","[0.05, null, 0.18, 1.02]","6axles","six_axis","d46c9e86aea3de5c8e980dc8c9c47b3c646827643d17e3495dd2c25c5ef1f91a","6.0","closed_loop_pcd_clearance|maximum_slip_ratio|maximum_tire_utilization","closed_loop_pcd_clearance|maximum_slip_ratio|maximum_tire_utilization","1078","215.24718946308448"
"7167d30477f49269481e0d667bdaae101045d210581c93fbfa73063f18c2d023","dfe2cf8ff7e197ef0ecd0093e6cb146a99ef3ceaddc5af56ab0f8468d4390c08","bridge_4","0","[0.05, null, 0.18, 1.02]","6axles","six_axis","d46c9e86aea3de5c8e980dc8c9c47b3c646827643d17e3495dd2c25c5ef1f91a","6.0","closed_loop_heightmap_footprint|closed_loop_pcd_clearance","closed_loop_heightmap_footprint|closed_loop_pcd_clearance","1078","215.24718946308448"
"8208ec3a7f59c609d8037503264d2b9c8c688004baa3e4dfa8fcaebf4a15fd63","fa249b831899f60110cb3136b4b57fad69fa5567bfbb61c50985e041286a732a","bridge_4","0","[-0.3, null, 0.18, 1.02]","6axles","six_axis","d46c9e86aea3de5c8e980dc8c9c47b3c646827643d17e3495dd2c25c5ef1f91a","6.0","maximum_slip_ratio","maximum_slip_ratio","1063","212.38138547425845"
"8d4a093c616ba96fe63dc707ad598a043b1fa23994e8e92add0ca34ed8599a72","63dde22edcd593a869d4d686adc4fe9720134ca62d07c144520d1c68ccc1a8bd","bridge_4","0","[-0.3, null, 0.18, 1.02]","6axles","six_axis","d46c9e86aea3de5c8e980dc8c9c47b3c646827643d17e3495dd2c25c5ef1f91a","6.0","maximum_slip_ratio","maximum_slip_ratio","1078","215.24718946308448"
"9cb2d500963a7effe7006a0fc8e1c731d439637973d0c8f749c9596c0c4c4a40","def7e147c38cb5ad8ea4895a39cae4648d6389233ae45cf72613c6cc06ce6cec","bridge_4","0","[-0.3, null, 0.18, 1.02]","6axles","six_axis","d46c9e86aea3de5c8e980dc8c9c47b3c646827643d17e3495dd2c25c5ef1f91a","6.0","maximum_slip_ratio","maximum_slip_ratio","1063","212.38138547425845"
"a7614d7f105d7757e18e047a9b18743ade17d790300e7cd5ed93200be541d2e0","7dd3b3ae8acee211a730d482ec4051bd4fd30757932618565667c63540a791ee","bridge_4","0","[-0.3, null, 0.18, 1.02]","6axles","six_axis","d46c9e86aea3de5c8e980dc8c9c47b3c646827643d17e3495dd2c25c5ef1f91a","6.0","maximum_slip_ratio","maximum_slip_ratio","1063","212.38138547425845"
"a94ef46d8686ac40a56f4cf71ff97662d8cc3a967814be7d234253a161dd421a","b7142e5c2023b610562b2e50a1b44caf25e659806c85b012d61d04da59621ca5","bridge_4","0","[-0.3, null, 0.18, 1.02]","6axles","six_axis","d46c9e86aea3de5c8e980dc8c9c47b3c646827643d17e3495dd2c25c5ef1f91a","6.0","maximum_slip_ratio","maximum_slip_ratio","1078","215.24718946308448"
"b69d8123398058ed24cf1627320153f351223598967ec098b59e4df73773908c","954d4af771261c3623ef5d34969a1d99460e3857d07f7a915b53ac8f297a8a68","bridge_4","0","[0.05, null, 0.18, 1.02]","6axles","six_axis","d46c9e86aea3de5c8e980dc8c9c47b3c646827643d17e3495dd2c25c5ef1f91a","6.0","closed_loop_pcd_clearance|maximum_slip_ratio","closed_loop_pcd_clearance|maximum_slip_ratio","1078","215.24718946308448"
"ba8c27c8234d081b34750083f5c57705aa5cadae9cda02c5224b808ec0461b1e","a90a4409db31b48800124c25b4eaa8203b612b0bb03a5e4cf98266ff0ff56175","bridge_4","0","[0.05, null, 0.18, 1.02]","6axles","six_axis","d46c9e86aea3de5c8e980dc8c9c47b3c646827643d17e3495dd2c25c5ef1f91a","6.0","closed_loop_pcd_clearance|maximum_slip_ratio","closed_loop_pcd_clearance|maximum_slip_ratio","1078","215.24718946308448"
"d0519e98f64e8d947100a538f874007b2b5881358b9d2364be238963df4c0cae","8dc10e92a413d33fe117724f004d3e16bee8f872f66026a5f8e12f94cae7df05","bridge_4","0","[0.05, null, 0.18, 1.02]","6axles","six_axis","d46c9e86aea3de5c8e980dc8c9c47b3c646827643d17e3495dd2c25c5ef1f91a","6.0","closed_loop_pcd_clearance|maximum_slip_ratio|maximum_tire_utilization","closed_loop_pcd_clearance|maximum_slip_ratio|maximum_tire_utilization","1078","215.24718946308448"
"d2c3813db7e0dff8b888fd94d3aa4ab070fd6aa52217217dcc95b9dffa3d7fa7","ee45a364921c31756cc9a4b12e05c64408cdcbc003e6be6d022d1927e806c105","bridge_4","0","[0.05, null, 0.18, 1.02]","6axles","six_axis","d46c9e86aea3de5c8e980dc8c9c47b3c646827643d17e3495dd2c25c5ef1f91a","6.0","closed_loop_pcd_clearance|maximum_slip_ratio","closed_loop_pcd_clearance|maximum_slip_ratio","1078","215.24718946308448"
"e64e538c273274fad03f023a2d6c76b1e355a8eaf70994a8a3d3887525cd1961","54fe17c63556f80db88427d6ca6bea59cb7db7b34b7b76f66bff7e4b52fb115c","bridge_4","0","[-0.3, null, 0.18, 1.02]","6axles","six_axis","d46c9e86aea3de5c8e980dc8c9c47b3c646827643d17e3495dd2c25c5ef1f91a","6.0","maximum_slip_ratio","maximum_slip_ratio","1078","215.24718946308448"
"ebcdcf10ef53fc782a0f5e0f1db4aa436a4ef14fbac6c3088546290b19f7196e","210229b67c2528155f4c4296c0090b995af896942d4a664fde63b8f1f948fce1","bridge_4","0","[-0.3, null, 0.18, 1.02]","6axles","six_axis","d46c9e86aea3de5c8e980dc8c9c47b3c646827643d17e3495dd2c25c5ef1f91a","6.0","maximum_slip_ratio","maximum_slip_ratio","1078","215.24718946308448"
"f1eb5ca3c5039efeae7fcdd1d9986c3f27553932545bdf0c137190b072ab607a","df3fd72b09dfb14529ab5b2df6feed00950da753b63c12c238e46a1ea6a126f6","bridge_4","0","[-0.3, null, 0.18, 1.02]","6axles","six_axis","d46c9e86aea3de5c8e980dc8c9c47b3c646827643d17e3495dd2c25c5ef1f91a","6.0","maximum_slip_ratio|maximum_tire_utilization","maximum_slip_ratio|maximum_tire_utilization","1078","215.24718946308448"
"5170faa9bbfca2ac6291bfe76236608179409ed7c6cc1addd5b181ace3860955","3050b9005c85d470d29ad8c64273dc45cc7aa6a31c7886bf039a0daab7e4f7bc","bridge_4","1","[-0.3, null, 0.18, 1.02]","6axles","six_axis","d46c9e86aea3de5c8e980dc8c9c47b3c646827643d17e3495dd2c25c5ef1f91a","6.0","","","1078","215.24718946308448"
"67eb272020ab624bc9a8217fa9f5424602acdb8e4e8271fac821a7c49ab8216a","7c129279dac30e890d91d14f9f9949b2edd3e3e691d19c9d27f160ecbf1e9110","bridge_4","1","[-0.3, null, 0.18, 1.02]","6axles","six_axis","d46c9e86aea3de5c8e980dc8c9c47b3c646827643d17e3495dd2c25c5ef1f91a","6.0","","","1078","215.24718946308448"
"6a4cbbe69bf9835b48481ec26ee56bc117af0ac324843c7d3c1df23dca779e40","bdac87eb3632499a99fc244734c6d2626c9b2b986a236ddd39cd5277cd65386a","bridge_4","1","[-0.3, null, 0.18, 1.02]","6axles","six_axis","d46c9e86aea3de5c8e980dc8c9c47b3c646827643d17e3495dd2c25c5ef1f91a","6.0","","","1078","215.24718946308448"
"8ed7f762ea23ef7442610dfe171cd75dca1bcd402b26759ef7ba3bb90891dd2e","0e3ae377c951c74a6a2f72c3a3441f102d97f746e9298d29538102ec8e8fa1ca","bridge_4","1","[-0.3, null, 0.18, 1.02]","6axles","six_axis","d46c9e86aea3de5c8e980dc8c9c47b3c646827643d17e3495dd2c25c5ef1f91a","6.0","","","1063","212.38138547425845"
"d0e8b820e6cc2b814a082ef3fa230f174e8687bd8122e5b1237ebf9dcce2c6f7","623f3fa4f7f9dfbf901e9fd6dd7fe76b1a719724cbf575f3591ae19d9e969450","bridge_4","1","[-0.3, null, 0.18, 1.02]","6axles","six_axis","d46c9e86aea3de5c8e980dc8c9c47b3c646827643d17e3495dd2c25c5ef1f91a","6.0","","","1063","212.38138547425845"
"f2ca55f19dd05f78abf48029b4d66a7c93c89719257d8d1c5e271b5294805197","52a1daf93d989e61e643cff75516ddb43de147f826b71c8c532e27fb91c3fc8c","cliff_1","1","[0.05, 0.005, 0.18, 1.02]","5axles","five_axis","ee1b968983f0d0d8305b5afc24afd9ea65d17027e1bebdab5f8bd2dae19edfc5","5.0","","","677","135.01434748708945"
"2d7ce40486c60d2d137ed6adeb8367373397214e6553d2e5489c4446b825a2c5","f5e4bf63abbb63dc9c26123f0ad0b6a6ed4a614c79b5323ad34354fbf132b4b5","cliff_1","1","[0.05, null, 0.18, 1.02]","six_axis_fullmatch_coldstart_v3_20260818","six_axis","62e09ce1c354da04844bfb936547ff8d53f08d0cfe2f2f513ceefe715e12ef97","6.0","","","677","135.01434748708945"
"05f234e93e864c0fc7b1119852992001ca90ad87982b88b7e816d887024f52f0","daec16bcc1cac85289c5a55a6c014dd9f7a56e75f78223b058dbe7d9b8f059ba","cliff_1","0","[0.05, null, 0.18, 1.02]","official_physics_p4_cliff1_certified_20260816","","","","maximum_slip_ratio","maximum_slip_ratio","677","135.0018981155978"
"24978b86e24b81e34476892bd79e0f7b50a6002735c33c2a8c658125cebb0169","4cc71878fcf5571f27bee05ceb91decd793b46e9441c62990e4a9b042a1fff38","cliff_1","0","[0.05, null, 0.18, 1.02]","official_physics_p4_cliff1_certified_20260816","","","","maximum_slip_ratio","maximum_slip_ratio","677","135.0060992485745"
"3f9c47d5d92ecdd1844ec20540f47cb1e26b85e963fef18323612083f7e76dc6","c1d145e5148bc28ef52ab4b0b6831ff1e750212f7b03b889f0b29382124a0658","cliff_1","0","[0.05, null, 0.18, 1.02]","official_physics_p4_cliff1_certified_20260816","","","","maximum_slip_ratio","maximum_slip_ratio","676","134.99373687114758"
"7bb72cd650468f3565755ec2c5f71e5bc0e99f376ce998d11c344f8b6b2ec584","aafdaf2788224af75a428bcc9caaa98eb91c6f46cbf827be6d74712a44f990cc","cliff_1","0","[0.05, null, 0.18, 1.02]","official_physics_p4_current_runtime_cliff1_20260816","","","","maximum_slip_ratio","maximum_slip_ratio","677","135.01447857396928"
"80a17e12e6fbf70dfbec973fcaee552b27bfe62cab87ece6cc407886a245ba58","d2f69d6f822b707b7e62e41cf708049d339edc74d7ef1c5dc3e63ff1f069983d","cliff_1","0","[0.05, null, 0.18, 1.02]","closed_loop_gate_smoke_cliff1_v2_20260811","","","","closed_loop_txt_clearance","closed_loop_txt_clearance","677","135.01447857396928"
"984d88e31eaab3a8519da23d67ad2a815c42423dbdabfa2a87c0a8d8fa47e02e","e3f8db2775b4a23065081016c5ff12803ab6041c5cc715b36d1142b0d70c3028","cliff_1","0","[0.05, null, 0.18, 1.02]","official_physics_p4_current_runtime_cliff1_20260816","","","","maximum_slip_ratio","maximum_slip_ratio","677","135.01447857396928"
"aeb82a22a7d3b1c9c75479eb08ebc8139738f82814b50192910ebca67275f553","18783476c8b6069e395a0afed76aa26ba0ef2a2de9101cfc01af7f7ae1548648","cliff_1","0","[0.05, null, 0.18, 1.02]","official_physics_p4_cliff1_certified_20260816","","","","maximum_slip_ratio","maximum_slip_ratio","677","135.00879025037986"
"ca1d3cc885cf60ff853918980bbc1d3226c975a52cbbf127102051ab23a930b6","d2b2843744d1b4fb3f687e89db8a0158d5b79c067888901907cd197a0cb730e9","cliff_1","0","[0.05, null, 0.18, 1.02]","official_physics_p4_cliff1_certified_20260816","","","","maximum_slip_ratio","maximum_slip_ratio","677","135.00554363496988"
"441d18fe3a1bee3f1edd648bd6ad5f167c81809df963db6a026dbd9cdaa175b3","69d9fdccdce59a4cba03e52208f37e2e68fa78ff5bc2e533fc151e3986d9b0a5","cliff_1","1","[0.05, null, 0.18, 1.02]","B_cold_start_relaxed_12maps_20260815","","","","","","677","135.01434748708945"
"904eb497d79d4b0b3ec9ea7bda4c1f999cde7b8c77fb016be77ed624a6f53daf","330efee520bd65acfcf39806ff304cafe293aca3ddec26084c01c298306414fd","cliff_1","1","[0.05, null, 0.18, 1.02]","official_physics_p4_cliff1_certified_v2_20260816","","","","","","677","135.00091762374558"
"e0a26175a8e438e0b829544995955054e0c39646756415fb899cd2fa64500e6f","8cecba023f567c86631bb6efdec36aa8b7ce5efdf77e0b50be70e78e4ec06fce","cliff_1","1","[0.05, null, 0.18, 1.02]","B_cold_start_relaxed_12maps_20260815","","","","","","677","135.01439021460007"
"f6f94e1a71bc74bc4362fb0bf359fe42d7ac0c9fae4e7362d0ef3b6b9d29cbd5","6cd00a0caab5793c09c10a0aa2cad19fa415c95499a2a084d2ccb6e4608ec032","cliff_1","1","[0.05, null, 0.18, 1.02]","official_physics_p4_cliff1_certified_v2_20260816","","","","","","677","135.0062653612138"
"4460c0c8ca563d81f2f07336bc80693024c4e91af9c0443ca3954742afe8fd48","b59a7a18dae425ac2db14475d8e3b68839b8bfc1d557ef1d38efcae9b45f4b74","cliff_2","1","[0.05, 0.005, 0.18, 1.02]","5axles","five_axis","ee1b968983f0d0d8305b5afc24afd9ea65d17027e1bebdab5f8bd2dae19edfc5","5.0","","","2894","578.503774685135"
"e64ada390960931823a56f060df7eab257b1efdae9089de02e647ce1cdad5d8d","faf7d4bff6436aaa7f9eeec761dfcd7a45d4b814d47e09938086f12427465cc9","cliff_2","1","[0.05, null, 0.18, 1.02]","six_axis_fullmatch_coldstart_v3_20260818","six_axis","62e09ce1c354da04844bfb936547ff8d53f08d0cfe2f2f513ceefe715e12ef97","6.0","","","2894","578.5036824313657"
"6c1c8326517a0d4a200ad82f1e1d2511d4ba93759a81b508fcce1294ad215f2d","a41173239800d31845400afe9691bc953268babb2a5fe50462925764a21476bc","cliff_2","1","[0.05, null, 0.18, 1.02]","official_physics_p4_remaining8_releasegate_20260816","","","","","","2894","578.5037345913842"
"703f9331a95873c9d544feccf0cc6536bfac817be3aaf29717bcd7dbe933a245","545a51651fda7d4de88de4a45ec4c3eb02963c8f71212ca0723f9473460b7f9e","cliff_2","1","[0.05, null, 0.18, 1.02]","B_cold_start_relaxed_12maps_20260815","","","","","","2894","578.5036824313657"
"8123775a626104eb03f680666283765a1ec2c2af54825580e4640a11ff07e78e","f6fffc637d19fa0b7ac0409a140853ced00b11f98b8da353a7830a2f2c2b43c5","cliff_2","1","[0.05, null, 0.18, 1.02]","official_physics_p4_remaining8_releasegate_20260816","","","","","","2894","578.5036824313657"
"85afddb1dc7f7202c832f365de2d89bc9f12d1fe431f2f71a0f44af77a244f54","bb70364afe6277189e7a4333c72e9dd5c390df4937f355645c2ab9103e5b761a","cliff_2","1","[0.05, null, 0.18, 1.02]","p4_cliff2_high_feedback_20260811","","","","","","2895","578.7186951397741"
"93cb11490030891862cdb624408b1ebc1aa6c1785cdee98496c647e46257c0ba","8ed919398079830cd43c51327d3947d619fd580b081133517feceb33a8c9fab5","cliff_2","1","[0.05, null, 0.18, 1.02]","B_cold_start_relaxed_12maps_20260815","","","","","","2894","578.5037345913842"
"0f92208cdf83e8ebb1ee0545452bc6025612a609e21243d355d0c2e9be70ed9d","bfcc991e8c7381fe4833af74251565e8160be3e745f718938f775bb8829430b8","cliff_3","0","[0.05, null, 0.18, 1.45]","5axles","five_axis","ee1b968983f0d0d8305b5afc24afd9ea65d17027e1bebdab5f8bd2dae19edfc5","5.0","maximum_slip_ratio|maximum_tire_utilization","maximum_slip_ratio|maximum_tire_utilization","1152","229.7606818678081"
"178efe68a3317c9d744ca4465355f7a7cfbb901e9cbe29be90fdbc849bbe20e8","a7f5d776ff2c2d205bdfdc847598cd66788319e62c062855a89749b342bb94c7","cliff_3","0","[0.05, null, 0.18, 1.3]","5axles","five_axis","ee1b968983f0d0d8305b5afc24afd9ea65d17027e1bebdab5f8bd2dae19edfc5","5.0","maximum_slip_ratio|maximum_tire_utilization","maximum_slip_ratio|maximum_tire_utilization","1152","230.07450975439608"
"2460dbda78292b33a093ac09cfec63e01845cfd27b288db8c8f1c7ec47421d75","c1f8fcd5a448e140374b12167f78a23db9f4948fc798c5b606eb02057d19e685","cliff_3","0","[0.05, null, 0.18, 1.45]","5axles","five_axis","ee1b968983f0d0d8305b5afc24afd9ea65d17027e1bebdab5f8bd2dae19edfc5","5.0","maximum_slip_ratio|maximum_tire_utilization","maximum_slip_ratio|maximum_tire_utilization","1152","230.37828662321922"
"566b0d649dc06dfa5ff0bceaae4e017f45a7b9f59b68418018efc43fe87c6d16","7ab42aba6c628b1b9a33be3890dd4e56938650e875459913da02d0feea50c9a6","cliff_3","0","[0.05, null, 0.18, 1.45]","5axles","five_axis","ee1b968983f0d0d8305b5afc24afd9ea65d17027e1bebdab5f8bd2dae19edfc5","5.0","maximum_slip_ratio|maximum_tire_utilization","maximum_slip_ratio|maximum_tire_utilization","1152","229.97978492755286"
"56efd8fb18438a284bc4c612c1af2e40da4c0f8c8b6359bd28fb0f081d177f1d","e931514e484e2b9ce14edd8c39fe0ca7a529e1df7355024f89e625b619edc6f5","cliff_3","0","[0.05, null, 0.18, 1.45]","5axles","five_axis","ee1b968983f0d0d8305b5afc24afd9ea65d17027e1bebdab5f8bd2dae19edfc5","5.0","maximum_slip_ratio|maximum_tire_utilization","maximum_slip_ratio|maximum_tire_utilization","1152","229.51357926432726"
"574059e3a9f8393b64a452fe23c8ec083c896276c880f1acc3c48412daa9e0f8","f8b95cfec658b95414d4b38bbd0271935eaf9d6e11ee3f62640724182ce93af4","cliff_3","0","[0.05, null, 0.18, 1.45]","5axles","five_axis","ee1b968983f0d0d8305b5afc24afd9ea65d17027e1bebdab5f8bd2dae19edfc5","5.0","maximum_slip_ratio|maximum_tire_utilization","maximum_slip_ratio|maximum_tire_utilization|route_not_completed","1152","230.07450975439608"
"69eedd5d0449f8b25baf55077d5d9fe248eea010f016cb10d543b2db83d98fc7","4c57762c39eee6ac1760ac36666d8cb7bde9815d51f1cb5b2d155e973070bdca","cliff_3","0","[0.05, null, 0.18, 1.45]","5axles","five_axis","ee1b968983f0d0d8305b5afc24afd9ea65d17027e1bebdab5f8bd2dae19edfc5","5.0","maximum_slip_ratio|maximum_tire_utilization","maximum_slip_ratio|maximum_tire_utilization","1152","229.27000694759067"
"6ed992e73d277065b67c66148f4d4dca91ad6da8883d0a809c5ffe910d433a76","f5d58dde50baca7da797f74e3e2dfb5b555902bb12162b0f7e6d07c750ba2fa4","cliff_3","0","[0.05, null, 0.18, 1.45]","5axles","five_axis","ee1b968983f0d0d8305b5afc24afd9ea65d17027e1bebdab5f8bd2dae19edfc5","5.0","maximum_slip_ratio|maximum_tire_utilization","maximum_slip_ratio|maximum_tire_utilization","1152","230.05800443346624"
"727dea249baa522e40b0bc06ce6094807decbc8cbe67bb93092085d11747b250","9e55262883d467c730fe4b603772e60b64b33a751cc0db67bc65e5161c706dc8","cliff_3","0","[0.05, null, 0.18, 1.45]","5axles","five_axis","ee1b968983f0d0d8305b5afc24afd9ea65d17027e1bebdab5f8bd2dae19edfc5","5.0","maximum_slip_ratio|maximum_tire_utilization","maximum_slip_ratio|maximum_tire_utilization","1152","230.91606516501153"
"7721d284f1a2ba45319620533ee48872560de15f65b19d085cf4e121dece4c4e","88642898769aa47322ae0c46af4841677dc2df15149df4a1a386578d1d19d956","cliff_3","0","[0.05, null, 0.18, 1.45]","5axles","five_axis","ee1b968983f0d0d8305b5afc24afd9ea65d17027e1bebdab5f8bd2dae19edfc5","5.0","maximum_slip_ratio|maximum_tire_utilization","maximum_slip_ratio|maximum_tire_utilization","1152","230.3301210424611"
"8be40d95ccf391032c0803c0e07047a02b57328909cd1e01b7615738fb63601e","f389ecbb323be3a352f5e054ace883b6e69a0a852ed2617dd6913ec8170ba8d0","cliff_3","0","[0.05, null, 0.18, 1.45]","5axles","five_axis","ee1b968983f0d0d8305b5afc24afd9ea65d17027e1bebdab5f8bd2dae19edfc5","5.0","maximum_slip_ratio|maximum_tire_utilization","maximum_slip_ratio|maximum_tire_utilization","1152","229.4853104823534"
"a8734525cf9a6860a6a8585ea3fde2d6eda99ba389854a20277dcceb1a9e0084","08d23323a8f6025f501b7395cf4ebeb35efaf7beb239e5885312faf909696c77","cliff_3","0","[0.05, null, 0.18, 1.45]","5axles","five_axis","ee1b968983f0d0d8305b5afc24afd9ea65d17027e1bebdab5f8bd2dae19edfc5","5.0","maximum_slip_ratio|maximum_tire_utilization","maximum_slip_ratio|maximum_tire_utilization","1152","230.65319958372692"
"b3218ccb380052f5f7e49556b7fc69a4c64b0ded10c34a7fddb85c557b6c59d6","ca954998cda46422333f4489e147ae2852068d03a3d8b61337a9b5a446f57655","cliff_3","0","[0.05, null, 0.18, 1.45]","5axles","five_axis","ee1b968983f0d0d8305b5afc24afd9ea65d17027e1bebdab5f8bd2dae19edfc5","5.0","maximum_slip_ratio|maximum_tire_utilization","maximum_slip_ratio|maximum_tire_utilization","1152","229.85425351315035"
"b6dbef56bc41f4a868a0197828d19314ad33f1ad4e655ad362c4c89b7dedddcb","fbf4f3d2a34363c7484b0452419f542a5e0604b4b990f325825ecdc264ae5c90","cliff_3","0","[0.05, null, 0.18, 1.45]","5axles","five_axis","ee1b968983f0d0d8305b5afc24afd9ea65d17027e1bebdab5f8bd2dae19edfc5","5.0","maximum_slip_ratio|maximum_tire_utilization","maximum_slip_ratio|maximum_tire_utilization","1152","230.39381895995038"
"cf5f77c52e0b2fd5d4ab12dd20bb7e0cfb0efa305bba76804581b00dc7119cba","e25196686bbe74874238332cbce43ec0968416cbf05d60480c35243d63907db8","cliff_3","0","[0.05, null, 0.18, 1.45]","5axles","five_axis","ee1b968983f0d0d8305b5afc24afd9ea65d17027e1bebdab5f8bd2dae19edfc5","5.0","maximum_slip_ratio|maximum_tire_utilization","maximum_slip_ratio|maximum_tire_utilization","1152","230.07450975439608"
"d667e701ea295212b3b191e133156e1649617bfcea91423cb5daf857ddfda172","4b56563f48a53ad9d736af4aaa8122bfedb0b36e1f6ee0dd3197c00a6f678770","cliff_3","0","[0.05, null, 0.18, 1.45]","5axles","five_axis","ee1b968983f0d0d8305b5afc24afd9ea65d17027e1bebdab5f8bd2dae19edfc5","5.0","maximum_slip_ratio|maximum_tire_utilization","maximum_slip_ratio|maximum_tire_utilization","1152","229.91690939633799"
"de817feb440398562ebfdc78750d2b969b6d7f1873dc9a6f38699b88b151855f","cf6908421df9095e112a651e8c21df6f0f36aaca3cc185166c0e056b6b69ded2","cliff_3","0","[0.05, null, 0.18, 1.45]","5axles","five_axis","ee1b968983f0d0d8305b5afc24afd9ea65d17027e1bebdab5f8bd2dae19edfc5","5.0","maximum_slip_ratio|maximum_tire_utilization","maximum_slip_ratio|maximum_tire_utilization","1152","230.43184397503373"
"54a4d4942010ef49f1111cdcf4e1a6bfea681dadb9f956c1e8f9283c1e6e6abc","30b44122235e8ac94c626861a175f4d3fea335995e2ce79ba0205e2cbcc6f312","cliff_3","1","[0.05, 0.005, 0.18, 1.02]","5axles","five_axis","caa95ee3926759a8683c3b411a8906a8616c324b897b12ecdaa577de4dfc1302","5.0","","","1154","230.41241189707418"
"30e3ca584d5d1d0b1f9c0a8944d5c252cd1571ba9a707b5e5e66e9372ea52894","f91b7f6c21a0f023d972634667ccd9d831aeb8239ea1140b77aaefedc6bf8a48","cliff_3","1","[0.05, null, 0.18, 1.02]","6axles","six_axis","d46c9e86aea3de5c8e980dc8c9c47b3c646827643d17e3495dd2c25c5ef1f91a","6.0","","","1154","230.41241189707418"
"94c1d446ad981b831c7e488e2211ce96ec83783a41fcb0447d33c7c695739ae3","cc496af9f9f851cbe2ca65a6e8d4666e7c787e1e23eb44fff2dec0800ea49e49","cliff_3","1","[0.05, null, 0.18, 1.02]","6axles","six_axis","2e3182561ba5e89c98d721a253abf5be43e49567568c38d74246acf3ab860f79","6.0","","","1153","230.39998952209854"
"bc930a3cf9001ce1ff0698a47367c883f08c9fc56cfb0867a49faaa4014c5cd2","82f89a016233732642e20d176156567e404a1715f3e869e885e36789cdf5dbac","cliff_6","1","[0.05, 0.005, 0.18, 1.02]","5axles","five_axis","caa95ee3926759a8683c3b411a8906a8616c324b897b12ecdaa577de4dfc1302","5.0","","","1370","273.6878654450602"
"0b661839622b9c09b1d220a2d7dabeda26a57833d432178c675d4ed0986c7426","d1f395b6e1c94cd9eb29019d393e513762442a2d6a9c096096b78ce7fe610474","cliff_6","1","[0.05, null, 0.18, 1.02]","6axles","six_axis","2e3182561ba5e89c98d721a253abf5be43e49567568c38d74246acf3ab860f79","6.0","","","1370","273.68707410567004"
"3f0799e98ca6c93ef33ff198ac9eb5feb4905acd7d060786ad8c73603809b312","9f6b857336ccae444716b3fd88f4edf9f08d43995a327d3516b9997f1f581152","cliff_6","1","[0.05, null, 0.18, 1.02]","6axles","six_axis","2e3182561ba5e89c98d721a253abf5be43e49567568c38d74246acf3ab860f79","6.0","","","1370","273.68707410567004"
"481150bf9e8ba6fc881a741f386c4e281207e2e7663120013a217ad4214ebc40","d64bbd3103466a581dc36ff0dac4dc17ce8cdf62fd7ecc61ba293a45646c83ef","cliff_6","1","[0.05, null, 0.18, 1.02]","6axles","six_axis","2e3182561ba5e89c98d721a253abf5be43e49567568c38d74246acf3ab860f79","6.0","","","1370","273.76009023191335"
"9b2a743725965482972a27e9e0ef8497821ecdad2815a4cd738fc800f3aa5b05","fd9b67822f37613ed4011703906ac8740dcee1bfe6fb5a87b7e6d766d6ce3b18","cliff_6","1","[0.05, null, 0.18, 1.02]","6axles","six_axis","2e3182561ba5e89c98d721a253abf5be43e49567568c38d74246acf3ab860f79","6.0","","","1370","273.68707410567004"
"efb52c6f4eee2a9112b77c1391c7fcc85ce913732cc47a4e1e8bd23e3ebab659","cd93df5cc46d8493b8b061b7eb40e38e3974627b32ef23c01dba5fd87952cad3","cliff_6","1","[0.05, null, 0.18, 1.02]","6axles","six_axis","2e3182561ba5e89c98d721a253abf5be43e49567568c38d74246acf3ab860f79","6.0","","","1370","273.68707410567004"
"f0ed25ee41a7a42af72abbddd85815e8f04c0d93980d4aeb474184702737846f","af0beee50fec0f7285cad9a12ab66b8435e179b4c9e49d6abc646f41ba3ae139","cliff_6","1","[0.05, null, 0.18, 1.02]","6axles","six_axis","2e3182561ba5e89c98d721a253abf5be43e49567568c38d74246acf3ab860f79","6.0","","","1370","273.68707410567004"
"9eb5a37adcf4615e4c42246290e3c7862c97e5dd102403643d15bd031045a32b","4dded82113b3ccf2799ed9953df00e4411e5429b09ec88b740935a74bfc811dc","cross_1","1","[0.05, 0.005, 0.18, 1.02]","5axles","five_axis","ee1b968983f0d0d8305b5afc24afd9ea65d17027e1bebdab5f8bd2dae19edfc5","5.0","","","1712","342.0714748567459"
"51671cd818b21de3ef558a68755d49dab6bb7e12bfb75f747417f54205ff8c4d","6fc1d362c80e5051f5ecdc49f9498f54f40b3c325be3434b042679f7a92fd491","cross_1","0","[0.05, null, 0.18, 1.02]","p4_cross1_full_family_20260811","","","","closed_loop_txt_clearance","closed_loop_txt_clearance","1712","342.0714748567459"
"2ed35f85ea467a714279b119b48bd37c4850e8498d641514009df0f4aeb54009","899b285ad34ff053e7995889208126e976d7a69e8b1fc54bcefb56ec0ecea150","cross_1","1","[0.05, null, 0.18, 1.02]","B_cold_start_relaxed_remaining4_20260815","","","","","","1710","341.656042112576"
"3de8879a37516d720865f2411d2c9eac4f5b72c1b10cafc1363c0c49287e810e","47f0d79989e8372bcb2c81669c485c3a46223c0ff8c1f2e3df6551bc8d012756","cross_1","1","[0.05, null, 0.18, 1.02]","p4_cross1_c2_medium_smoke_20260811","","","","","","1710","341.6602091139471"
"46efa8053aeea074a81b9ef5fb361d031e4d6a63d3f6197d58799d4e1d99d2e9","9320f3ba47040b636b04241428d01bca1ddcb125387c18a48199cb6cb320f9ca","cross_1","1","[0.05, null, 0.18, 1.02]","official_physics_p4_cross_narrow_releasegate_20260816","","","","","","1711","341.80367744854493"
"6733b0e49a7bfbf14b80d4a7a534118a5c28cd2135867d649a8e3e770b1b7cb8","093137a8dca82892271cacc4e57ac4e7ecb7b5330c5b73da021b7a50891da242","cross_1","1","[0.05, null, 0.18, 1.02]","p4_cross1_full_family_20260811","","","","","","1710","341.6023622946044"
"76e212110aa9dfc9f1c770f13468a608ac22474d43b87ca182a03cc58f148864","6a8b4dea4b802ef1843533a2928d83d72ecc667dd4e47460fb27b482c3a20bde","cross_1","1","[0.05, null, 0.18, 1.02]","B_cold_start_relaxed_remaining4_20260815","","","","","","1710","341.6529845358299"
"81f1089a53cfcf8e1ef65a7e2945c508c1f5fc618c306074e8013c81ee14f054","d07baeaae3ca01c4da7d3dc0dee2978a5cfd95747ce0b35d70f982f82b0b2ebe","cross_1","1","[0.05, null, 0.18, 1.02]","p1_p2_cross1_pose_v2_20260814","","","","","","1710","341.6039856400731"
"85c14334ca03c9ea6711209fa3f7959a65bac229660cac980c58e9b6e90c736d","8984b0aa16978d76ddf7810944d01491f3335e02a71772bc0edecf45a2475fc3","cross_1","1","[0.05, null, 0.18, 1.02]","B_cold_start_relaxed_remaining4_20260815","","","","","","1710","341.65170287021874"
"e72b9cdca9b7af7945b2b9c9b902dbda57a128912ecef01476afe84acd64c1ca","77d733382386b4ecf1f8ec2cbf35bb009a4d2f66a38e02f9ae3f2801ff16896b","cross_1","1","[0.05, null, 0.18, 1.02]","official_physics_p4_cross_narrow_releasegate_20260816","","","","","","1711","341.8054479149921"
"c51485193d5e84b7619a21f27a746f609db31e64c866a26b0594dcd6e8fa75c0","0c30f9be708ab3d8edd391ef2e506e9a424ce343b4021670780ed09e073911cc","cross_2","1","[0.05, 0.005, 0.18, 1.02]","5axles","five_axis","ee1b968983f0d0d8305b5afc24afd9ea65d17027e1bebdab5f8bd2dae19edfc5","5.0","","","1730","345.7662207598589"
"68c815cc6d46d21076e6837e0c1b61407479e42f07cbe0dd6ffeb8d02917d530","df5336f8fdf279a3919d73e77837126710e48340dbda185af8370ac1e4d62e65","cross_2","1","[0.05, null, 0.18, 1.02]","A_hybrid_telemetry_refine_20260816_v1","","","6.0","","","1710","341.7060656578143"
"1dc63b42cc6e72060c72de8c2e5fd34bf626a893cd4417191feefd6d8760fc71","327effea03ed7296868057937ec4e385dfa02904c459c876070352e7b2b92781","cross_2","0","[0.05, null, 0.18, 1.02]","p4_cross2_full_family_20260811","","","","closed_loop_txt_clearance","closed_loop_txt_clearance","1727","345.1800422804893"
"1f4d7995ac2e8bfa80ff148afca23687210541e185ac45f7bfaa92f8e280622e","211a37163368907416641b3223fdbef42c011f85d7cb7e6f30f52229a723b332","cross_2","0","[0.05, null, 0.18, 1.02]","A_hybrid_telemetry_refine_20260816_v1","","","","maximum_slip_ratio","maximum_slip_ratio","1723","344.25682703722987"
"656a17449ab83a57ec1a1e14fad7184a2752936947b573e9a17788c66b1c95ee","3035a923cd3858526c809d55307d0a0d58818e5311cc375fa9040fcc9863ab17","cross_2","0","[0.05, null, 0.18, 1.02]","official_physics_p4_cross_narrow_releasegate_20260816","","","","maximum_slip_ratio","maximum_slip_ratio","1727","345.1800422804893"
"f3b60317c0aacd92f4babf86ab4b40273a47eacb913c5cd52d2c906e621ab799","3246e67e7fa623dd289ab7e776fcc9f07e35fbf851e8f0bd500ea6fb9f8f5568","cross_2","0","[0.05, null, 0.18, 1.02]","p4_cross2_local_family_20260811","","","","closed_loop_txt_clearance","closed_loop_txt_clearance","1726","344.89538935570437"
"54ba7ac90177be719c565197cc81aaf3eaaf2750e01b818e2161351e14f4df54","4f34c7faa87f5e5df895f11a0bde31fa7919a318e0a54df458d7a2cd678ae98c","cross_2","1","[0.05, null, 0.18, 1.02]","p4_cross2_high_feedback_20260811","","","","","","1709","341.49105542170827"
"83ecc64cbe914012a3c4c0c90fc754e019e5180ebe6a7ba81791701f2efe9115","a23a5733108549049e997271f54576f0018d89363d40ba1d637f5518d62c7e90","cross_2","1","[0.05, null, 0.18, 1.02]","A_hybrid_telemetry_refine_20260816_v1","","","","","","1723","344.25682703722987"
"c9cd250ae47e8f6d24a6ef756b9f2f632cb1959a53cc49129602a993b8323832","2ce55657751dae87037d0eba4291ba274f4bc7cf8b628efe0ee86ccd3ae5aaa7","cross_2","1","[0.05, null, 0.18, 1.02]","official_physics_p4_cross_narrow_releasegate_20260816","","","","","","1725","344.63598068813525"
"cae275b11d3ab8577eb312b5be354177e01fa5de761545569a4da48cf11b4d2b","fa8dcc99b7f343d5285d5b2b5826551fa69b849af9603d94fa1d6cfe385f849d","cross_2","1","[0.05, null, 0.18, 1.02]","p4_cross2_minimal_feedback_20260811","","","","","","1709","341.49105542170827"
"5e2fb50f0b52ca52d823d45d28b99aa2a5ed54b9ae059af83ee0f1fefab4036b","4baaf378c49665bcf54527a68fedcd55c9a4ee3625a59327110902c0d8af1efa","cross_3","0","[0.05, 0.005, 0.18, 1.02]","5axles","five_axis","caa95ee3926759a8683c3b411a8906a8616c324b897b12ecdaa577de4dfc1302","5.0","closed_loop_pcd_clearance","closed_loop_pcd_clearance","1950","389.7448116116583"
"3fdf64f96c2fe07f6e2aa626dd49bbf0036676416fc85e6baab953f832857522","81f9127e737619c562b2aa10feed4de41424a670bc76eaa4b5a5ce9c8b66e407","cross_3","1","[0.05, null, 0.18, 1.45]","5axles","five_axis","6e898ff7ac46a2787fb81ecea16e0e5ca585cf290cccb00a7656cb178eb56053","5.0","","","1946","383.9628677347831"
"55e530b03bdfa96f26cbf3052b024bb586d6383db3130683c9a6eafce6ac49a4","bf561d14bb9c9cd7683c7d506bf869aa4d6e88b84bb2584e5b57835c10efc230","cross_3","1","[0.05, null, 0.18, 1.45]","5axles","five_axis","6e898ff7ac46a2787fb81ecea16e0e5ca585cf290cccb00a7656cb178eb56053","5.0","","","1946","383.9628677347831"
"848914e37e8c738476dd568921a0645eee2a7e53a0a05f0ede5f2c63087de968","fcd39379e8a5b83eaaaa30d9030fd4edb5728a3de7d4bbf126452c830a7f92ec","cross_3","1","[0.05, null, 0.18, 1.45]","5axles","five_axis","6e898ff7ac46a2787fb81ecea16e0e5ca585cf290cccb00a7656cb178eb56053","5.0","","","1946","383.9628677347831"
"8be8cd16d206ce7d00a5379e26c97971f78fca99be267b87cac56e84e4120ca7","06ef510d63ba25e9f54f04c07b563a6adee2de4756e1fe69bdb1436816dc27be","cross_3","1","[0.05, null, 0.18, 1.45]","5axles","five_axis","6e898ff7ac46a2787fb81ecea16e0e5ca585cf290cccb00a7656cb178eb56053","5.0","","","3817","381.32408838817895"
"8da5dd870cdcb891b62d3abf17a6199b5cdb1693dbbe271429c3c87b6d4c9074","c0d0c5422098a84bc834fc626e7ce1967866dbab01d26ded62cce722e186869a","cross_3","1","[0.05, null, 0.18, 1.3]","5axles","five_axis","6e898ff7ac46a2787fb81ecea16e0e5ca585cf290cccb00a7656cb178eb56053","5.0","","","1946","383.9628677347831"
"9ee804a7a347ff16ccedce613702ae56326d40f30a5a52cf0aaa269aa18355a6","44a1bc6821a5a511433133bb92434a44ae299f64ebd7909ac0479155496f7743","cross_3","1","[0.05, null, 0.18, 1.45]","5axles","five_axis","6e898ff7ac46a2787fb81ecea16e0e5ca585cf290cccb00a7656cb178eb56053","5.0","","","1946","383.38642826376514"
"ac8830acfb65c59a0ea09f6f963239bfb543cb9729c789070dedacf37ff4c445","a66856b4e5c737bd35f6863d29725040552f202921255e5701acf55ec6aea908","cross_3","1","[0.05, null, 0.18, 1.45]","5axles","five_axis","6e898ff7ac46a2787fb81ecea16e0e5ca585cf290cccb00a7656cb178eb56053","5.0","","","3817","381.32408838817895"
"af6d290af1e382c08beccd19c635b807e51e564fce5a6570438412c529bee8dc","84e8b569e32c956f5b695e48e38025fd1bc80a0cde533385d336621274bb25a5","cross_3","1","[0.05, null, 0.18, 1.45]","5axles","five_axis","6e898ff7ac46a2787fb81ecea16e0e5ca585cf290cccb00a7656cb178eb56053","5.0","","","1946","383.9628677347831"
"c26dfcd207747fc657a08b2d1dbd9f3fd2d1f755a0cbb89ebdb1d7939df3f524","0c316251216a1180c824a58d70377ff5fc9c07ecaef0b40d6d77faeb32c8f80d","cross_3","1","[0.05, null, 0.18, 1.45]","5axles","five_axis","6e898ff7ac46a2787fb81ecea16e0e5ca585cf290cccb00a7656cb178eb56053","5.0","","","1946","383.36422528688286"
"e25c2ab244c1aa414879d621cf2fe736ac482bcc15cab2bcf94d9678944a440e","6f2a58b7ed17a6855589f0762abcad06335f5c2817dd0b54670275980eeb03c6","cross_3","1","[0.05, null, 0.18, 1.02]","5axles","five_axis","6e898ff7ac46a2787fb81ecea16e0e5ca585cf290cccb00a7656cb178eb56053","5.0","","","1946","383.9628677347831"
"fbc52bc7602ec0ff37ba02fc12499808a56bbc391c298e0e720a8774b45a7983","5ba74e3277e3ac844b7fc4166ee9c525b0f1568510bc987959acd53c7c2f273f","cross_3","1","[0.05, null, 0.18, 1.45]","5axles","five_axis","6e898ff7ac46a2787fb81ecea16e0e5ca585cf290cccb00a7656cb178eb56053","5.0","","","1946","383.9628677347831"
"a688b252b8b877b9add6e4233f6aa853e50a789cb5df27d270505422aef1f9d6","386dccaea6653748f26eec0a443e0bd46d3406a688163d2a3e6ad73dac4c27de","cross_3","1","[0.05, null, 0.18, 1.02]","6axles","six_axis","d46c9e86aea3de5c8e980dc8c9c47b3c646827643d17e3495dd2c25c5ef1f91a","6.0","","","1906","380.89848422885996"
"b6a82c468ff0d104a640890f5523265d5e640743e3f62fae9e587ce2ebd12877","8e1cbb48ccfbfbd190d1ab8354cf4de0d4bea5c3819c51b304fbcf2caf76c855","cross_3","1","[0.05, null, 0.18, 1.02]","6axles","six_axis","2e3182561ba5e89c98d721a253abf5be43e49567568c38d74246acf3ab860f79","6.0","","","1907","381.0385664815187"
"3fc23b053ed4a4213dedb28fb175256036f1fc3fe1501d4a8f80c1ecf5f33b39","2578005ef25d93354e6869e191206727bcf5a01eacf7c20ed1e9e08c6bd98bb8","cross_4","0","[0.05, null, 0.18, 1.3]","5axles","five_axis","c55daff1b698d1f4e5430ac09daa62a4231411205564f579dcecdbf8da0aaefb","5.0","maximum_slip_ratio|maximum_tire_utilization","closed_loop_pcd_clearance|maximum_slip_ratio|maximum_tire_utilization","1460","295.58950692695856"
"5d853fafe7c20bb7a597ecc8a06ca2c01158092c75386126949a34f90d069fbb","a533addfbd59055d412adf1f3a44d8b05a0fb9d1caa7efea50139111f7d96f83","cross_4","0","[0.05, 0.005, 0.18, 1.02]","5axles","five_axis","c55daff1b698d1f4e5430ac09daa62a4231411205564f579dcecdbf8da0aaefb","5.0","closed_loop_pcd_clearance","closed_loop_pcd_clearance","1399","279.50881227359815"
"4b2dd37f7ba7ec56bc249b1b5355029bd7ff8902178033bdb564c9872b5c3fd1","377db715c6686645c0fd95a349cd9992764debaed425dce2f2354041bee5bec7","cross_4","0","[0.05, null, 0.18, 1.02]","6axles","six_axis","","6.0","closed_loop_pcd_clearance","closed_loop_pcd_clearance","1485","293.605868944382"
"df78ec217912e9526ef13dac3ac59c8421d3631266e77408f44609257d78618f","22765232d1153a62bd412d3303edfeda13253e51d078ad3fbc254ea6a146b201","cross_4","0","[0.05, 0.005, 0.18, 1.02]","6axles","six_axis","d46c9e86aea3de5c8e980dc8c9c47b3c646827643d17e3495dd2c25c5ef1f91a","6.0","closed_loop_pcd_clearance","closed_loop_pcd_clearance","1582","316.1767787816113"
"5552c46e879279cf62bd18c4cac7ed3dc4969bdee780374c2d022880550e565c","378a39c5a493d510d720c4db1b2c35162d250bbd6c095c71d377c50a3c08143b","mounarea_1","1","[0.05, 0.005, 0.18, 1.02]","5axles","five_axis","ee1b968983f0d0d8305b5afc24afd9ea65d17027e1bebdab5f8bd2dae19edfc5","5.0","","","4630","925.6655016376296"
"b2742fe716393a82d958875d1c2ac7e97c0cc47575d969dbecc579542a21a418","d7ccac224bb6a4f32652eb0fbf5d6e65cb37c7fec6e1a789c8b1c2319df05fa7","mounarea_1","0","[0.05, null, 0.18, 1.02]","A_hybrid_telemetry_refine_20260816_v1","","","6.0","closed_loop_pcd_clearance","closed_loop_pcd_clearance","4622","924.0890782023728"
"03d29ce4cd5093a48f908d0989cb2a7ec27da8a4fb041a5fb0eb7b65deaf573b","ae3d43ec4b51a0106dba74195d5fb98766536ce5e8260af0d158b48beeff5632","mounarea_1","1","[0.05, null, 0.18, 1.02]","6axles","six_axis","2e3182561ba5e89c98d721a253abf5be43e49567568c38d74246acf3ab860f79","6.0","","","4621","923.9306180857138"
"0d3e82077c08ffe1b6ca26a588aedf2ac072efcca1e5ae902616585fab834001","916207c67287e8b618d7b0a07b1053a9675ca9a07cb99869c1094e8406a50635","mounarea_1","0","[0.05, null, 0.18, 1.02]","official_physics_p4_current_runtime_ordinary10_20260816","","","","closed_loop_pcd_clearance","closed_loop_pcd_clearance","4625","924.6602465593775"
"184eef6e5f850cec5a2ba8eccdf1b4c75de441d86b1e62e14e46fdc00911cbff","dca5fc1c77c186cedd925536587f93ff2e315bac0f83359f7621bc28d807db18","mounarea_1","0","[0.05, null, 0.18, 1.02]","official_physics_p4_all12_certified_20260816","","","","closed_loop_pcd_clearance|maximum_slip_ratio","closed_loop_pcd_clearance|maximum_slip_ratio","4623","924.389641055862"
"21d8f616ac1cdaf811686202ce236bd68bec9ca5c9a9dbf9d8da7c25ec621f67","745bb25efdf6c54fe2b89577d791d4b4c491267be7ac0268633d1940fa687502","mounarea_1","0","[0.05, null, 0.18, 1.02]","official_physics_p4_all12_certified_20260816","","","","closed_loop_pcd_clearance","closed_loop_pcd_clearance","4624","924.4857194152945"
"4465fee3511990f370b6d6c4cb24b8634963acab819c5ed4c3df7cfd35a77e23","aa9a907087f438a43f484576a6bba005a4088ec6887f9a3c38a6e5509d1f5b76","mounarea_1","0","[0.05, null, 0.18, 1.02]","B_cold_start_closed_loop_v2_20260814","","","","closed_loop_pcd_clearance","closed_loop_pcd_clearance|closed_loop_txt_clearance","4632","926.0161088059396"
"543a7f69185b1b505515d09723e75a5f9617254e21631a09b437fe8a0357a43c","f969b9e5d62aa715904fda0e396bc8b96adc52a3e55639bf6153b2e1ced56a4b","mounarea_1","0","[0.05, null, 0.18, 1.02]","official_physics_p4_all12_certified_20260816","","","","closed_loop_pcd_clearance","closed_loop_pcd_clearance","4629","925.5035211251198"
"5af3a9accb6920f5c82419c12570a410842b89b34d20ed2544cecebcc4c60f42","f726011063b74917eff3c330bfcaaed377ed86440d32947a9935950ca50e4e71","mounarea_1","0","[0.05, null, 0.18, 1.02]","official_physics_p4_all12_certified_20260816","","","","closed_loop_pcd_clearance","closed_loop_pcd_clearance","4632","926.0689021047625"
"62eb28530c498778871fafbd34fa478827a78d59051f24d17cdcac11804723f1","5504959055d3df631f072a80b12a7881153978d48901c2155b384de341ac95bd","mounarea_1","0","[0.05, null, 0.18, 1.02]","official_physics_p4_all12_certified_20260816","","","","closed_loop_pcd_clearance","closed_loop_pcd_clearance","4632","926.0049462874529"
"6410165d769dad29d81cc5633c0bd296e174da9d46391f9e0facd2974da0aed1","fd576495ae577fb6d26c6c69a696c6c168aa471be1514cca3b999ae0154d1ae7","mounarea_1","0","[0.05, null, 0.18, 1.02]","B_cold_start_closed_loop_v1_20260814","","","","closed_loop_pcd_clearance","closed_loop_pcd_clearance|closed_loop_txt_clearance","4632","926.0049462874529"
"69ac6ae427bedd015bb5c3f6712700c962f9f964c37c752ed691c51eae0a2a11","10099913465a687fa18b1aba8e43f4864f248dab8a06db1327f00b7d12491e62","mounarea_1","0","[0.05, null, 0.18, 1.02]","B_cold_start_closed_loop_v1_20260814","","","","closed_loop_pcd_clearance","closed_loop_pcd_clearance|closed_loop_txt_clearance","4627","925.0562165108711"
"6e0fd8cfeffca73a488d6f4e6ff7faf4c4ebdde7b81874db9eb11b227c4db074","2bc5723e7fb619efe01c6e6e5e0f64ec74a54f771866cb1505c36f8a1639d197","mounarea_1","0","[0.05, null, 0.18, 1.02]","B_cold_start_closed_loop_v1_20260814","","","","closed_loop_pcd_clearance","closed_loop_pcd_clearance","4632","926.0689248585278"
"702a8d9e7491620a6272c73b036f4110922abbe997f5f7db4afd7cc4956eb7a9","5847830751c4189e8df38ddc9afad6d6945ef4b40cfba587889619316a9daab3","mounarea_1","0","[0.05, null, 0.18, 1.02]","official_physics_p4_all12_certified_20260816","","","","closed_loop_pcd_clearance","closed_loop_pcd_clearance","4624","924.4557158230516"
"707d3b338b7196361525319757be55d2695d376a6ed966b1d3cd1f420d58e57f","cf26adb4025a77b6536fab9dbd27ae4295ccf2d6ade07ba84e6c7cb080dd2b28","mounarea_1","0","[0.05, null, 0.18, 1.02]","official_physics_p4_mounarea1_feedback4_20260816","","","","closed_loop_pcd_clearance","closed_loop_pcd_clearance","4621","923.821839348233"
"7ba7e7b56667ca0d04d09e45b33dd47c981fe0ae0ed644e218f2c39a81f59e79","3fbf4f703b35fd9a0b4985e67537da5ae3d1c34b0faebd8543c9de732800cdfb","mounarea_1","0","[0.05, null, 0.18, 1.02]","official_physics_p4_all12_certified_20260816","","","","closed_loop_pcd_clearance|maximum_slip_ratio","closed_loop_pcd_clearance|maximum_slip_ratio","4624","924.4250472056355"
"807d904c4c1a94d27c7314411ee61801be4ab69d7b03e8db458e5e26826f11e3","ab255917562f69c8e2325a4fee0e6570bb9dd1f3f4f11cf6e78975afb35f639f","mounarea_1","0","[0.05, null, 0.18, 1.02]","B_cold_start_closed_loop_v1_20260814","","","","closed_loop_pcd_clearance","closed_loop_pcd_clearance|closed_loop_txt_clearance","4628","925.2629415428878"
"896f820ae16cecf660357d7425c4b45dd815bd82d6f5fa56d39c0f819099aea2","a88432a4a53faf8dfe054c1b0fab642e1030580151eb719541b4aa0494b11121","mounarea_1","0","[0.05, null, 0.18, 1.02]","B_cold_start_closed_loop_v1_20260814","","","","closed_loop_pcd_clearance","closed_loop_pcd_clearance","4632","926.1137338188672"
"969345cd3035e5ea374cfc2faa1935573db3342a8996f69b6227b3a30fe2c46c","0d4f47276485cda739ee3d341725b85b2cd4dd0d70628ab3336dae004fae9bcd","mounarea_1","0","[0.05, null, 0.18, 1.02]","official_physics_p4_all12_certified_20260816","","","","closed_loop_pcd_clearance","closed_loop_pcd_clearance","4629","925.408827585633"
"99246e057ab0b97e8b60adb1594362d0fbcc2324b643ba5d5eb4015ff822e245","da32f701a7063ede4e5dc8944376728525bfdcae3f8f1bae9efc9b3d0f9ce516","mounarea_1","0","[0.05, null, 0.18, 1.02]","official_physics_p4_all12_certified_20260816","","","","closed_loop_pcd_clearance|maximum_slip_ratio","closed_loop_pcd_clearance|maximum_slip_ratio","4625","924.7188280435934"
"a0ee2e638f1b60faa183c27745b6f113ae2825458da1f11aee27281a3758cb2e","e58d5edb48a5baf163f950233168662561f3c86825392fc2bbcaa92429fc7735","mounarea_1","0","[0.05, null, 0.18, 1.02]","official_physics_p4_all12_certified_20260816","","","","closed_loop_pcd_clearance","closed_loop_pcd_clearance","4624","924.4498991955882"
"a6b538fa114dae679b7e036a0a032481fd89c48a5ea220a68e00ba2881a973f1","a34284883110941b1b59affe4ac0d9994064b5e587065c0535ad4b57b40143dc","mounarea_1","0","[0.05, null, 0.18, 1.02]","official_physics_p4_all12_certified_20260816","","","","closed_loop_pcd_clearance","closed_loop_pcd_clearance","4632","926.0161088059396"
"a7529e705f10881bd32d31658c2431e192d26331eb43b6d6860c12e1958b44ad","f9d677626097dfafe832619cf5c76ed687154b65ac340fa50d1c052626ed72e9","mounarea_1","0","[0.05, null, 0.18, 1.02]","official_physics_p4_current_runtime_ordinary10_20260816","","","","closed_loop_pcd_clearance","closed_loop_pcd_clearance","4622","924.1576151576916"
"a75ce5059ba323e5e70254b4e704c0c2d8de16972bb2f2328b734b43ef35a3c3","67597f0fa0d213b64b4eb0303842c8b6f2d84b679316bcc7c72e7e0c8263e81e","mounarea_1","0","[0.05, null, 0.18, 1.02]","B_cold_start_closed_loop_v1_20260814","","","","closed_loop_pcd_clearance","closed_loop_pcd_clearance","4633","926.2583156347113"
"b60d8e5afa2940052709bfc9cd8e18b697a4e5df096cc9b90322709505f5fbad","24fda5aec8e86713c6b3eba8a96608917c0356284565e601139cf9ca358cddc8","mounarea_1","0","[0.05, null, 0.18, 1.02]","p5_ordinary10_closed_loop_v1_20260812","","","","closed_loop_txt_clearance","closed_loop_txt_clearance","4632","926.0161088059396"
"b6faac36a926fed23b2c738d7e32b5f06f542f95f532739c79f9084cc602b939","92a427bf01c0fd274fd5f34c723e9eced47c9e037f19ef716e68f6884b7e1f47","mounarea_1","0","[0.05, null, 0.18, 1.02]","B_cold_start_closed_loop_v1_20260814","","","","closed_loop_pcd_clearance","closed_loop_pcd_clearance","4626","924.8732238175493"
"c5ae2996c346c65ad546abbd03dc07cf0e973fc547350ccfe5be6a8a746d04a6","5cb302118309db5e4bfed669e01b359c93cf2a8f82704364a457294eb75631ea","mounarea_1","0","[0.05, null, 0.18, 1.02]","official_physics_p4_all12_certified_20260816","","","","closed_loop_pcd_clearance","closed_loop_pcd_clearance","4632","926.1137195221171"
"c9bec0aa2771f4f04b292c52ca9b63d3de4ba290aadee56a5363310e8ead405a","8c7a4e845d755564c25af00e4b04ddbe42c7717436f61740630cb4c690389664","mounarea_1","0","[0.05, null, 0.18, 1.02]","p5_ordinary10_closed_loop_v1_20260812","","","","closed_loop_txt_clearance","closed_loop_txt_clearance","4632","926.0161088059396"
"e67c5672e53b57c8748ea4b3c7b60c7291560c9ab3781a56cb8707a4d57c20f0","1df7f8b09b1494d59e099a46af1f102a162e9b7f162bfce604f4e542938a5c82","mounarea_1","0","[0.05, null, 0.18, 1.02]","official_physics_p4_all12_certified_20260816","","","","closed_loop_pcd_clearance|maximum_slip_ratio","closed_loop_pcd_clearance|maximum_slip_ratio","4624","924.4498991955882"
"1cb1ed181896b26822529be5a9d8733ee33aa417a0fd25e6e74bb07a97c023d7","ce8b509210eab449c816b3ae020500741d04dbdf208372f8aeae6e0ec1885535","mounarea_1","1","[0.05, null, 0.18, 1.02]","A_hybrid_telemetry_refine_20260816_v1","","","","","","4619","923.547939967051"
"2a55d3c529d24e48ec0aada2bb4a6f712c81a444738317cd672aed124b49eb60","a082d02e671ab4f4df96fa2fff80e7d7493ad0b99ac350432542ab687550cd61","mounarea_1","1","[0.05, null, 0.18, 1.02]","B_cold_start_closed_loop_v1_20260814","","","","","","4624","924.5177826905112"
"379065dc6d96e4b53088b1c068d99d42f0e6cc23fa59d4bc5cffd1333e15490d","f524c7da810a725e1760cea4f14b15fe8842b2356133de729e4880234a2a0768","mounarea_1","1","[0.05, null, 0.18, 1.02]","official_physics_p4_mounarea1_feedback4_20260816","","","","","","4620","923.6128445567914"
"4dd6a98dd7f0fd47e4afd47b473516165f62fd4a80bc39e67e6af036c93a02c6","0f52540203463647be7912a74e14895ac6b54c19fa6789c21ab1c6c427df4ead","mounarea_1","1","[0.05, null, 0.18, 1.02]","B_cold_start_closed_loop_v2_20260814","","","","","","4632","926.0161088059396"
"6a81f2b0b89e3bc2262af83eca44541c659bf94e29bee89afd8eb373efad2df4","1c8703eee0ef9dc70a7890fcbcaae6e0ba8ec37edfbf3e5a602a0592f7fc008e","mounarea_1","1","[0.05, null, 0.18, 1.02]","B_cold_start_relaxed_12maps_20260815","","","","","","4624","924.4217346987028"
"7d25a9031e23e1d85a314dadef131132adce6423d20b71376c0ee72d3c655869","b134d56dc20a309233bf7df84b1199a0d081d4211770b20b4b21672b6679d093","mounarea_1","1","[0.05, null, 0.18, 1.02]","B_cold_start_closed_loop_v1_20260814","","","","","","4625","924.7029491195922"
"8ce509a2a4492a08b36bf5362273826918bba58faac9119a9890ac7e344abd34","df2d036bb9ca46e08431cdf6e69cab389a95e804d936853021b43c79d30d0c78","mounarea_1","1","[0.05, null, 0.18, 1.02]","B_cold_start_closed_loop_v1_20260814","","","","","","4624","924.4862573114267"
"ce0803ca4f1808ae5f22e6b81dccc04f4a2ea607eb37f3bdfc28483cda135390","666850acac70489a2d44eb118cd575c1be7e1f133cb657899034b398347bc729","mounarea_2","1","[0.05, 0.005, 0.18, 1.02]","5axles","five_axis","ee1b968983f0d0d8305b5afc24afd9ea65d17027e1bebdab5f8bd2dae19edfc5","5.0","","","2349","469.5335412914201"
"f3d193f7de0d0a231c41f136fe1054428011ec923135f4707e3323508a45bf4c","16f7046c823273c4ad61bac99df90a45316277180ab0b99868dbcccfe20a0d9e","mounarea_2","1","[0.05, null, 0.18, 1.02]","A_hybrid_telemetry_refine_20260816_v1","","","6.0","","","2345","468.6831163130501"
"45ceef97ce9d0054c4a5eda95a0591648b9b10db038571aaaef2b4abcc247e4b","cae496e66385506cdf16c787baefda67926da650cb59d310de9be18c5ad40351","mounarea_2","0","[0.05, null, 0.18, 1.02]","mounarea2_release_gate4_replay","","","","closed_loop_heightmap_footprint","closed_loop_heightmap_footprint|maximum_slip_ratio","2349","469.533717697142"
"651e8de60717f0bf63a1452a66e23adf2cc0013c9059e84e9fd284ce66523ae3","556ca7d149bb7f67ad0308d54b02bf75e952742239785e6a4cc2cbfd25a04c99","mounarea_2","0","[0.05, null, 0.18, 1.02]","B_cold_start_closed_loop_v1_20260814","","","","closed_loop_heightmap_footprint","closed_loop_heightmap_footprint","2350","469.7025005057628"
"65af62905d6c1593b6c16860d7c167d58cc8d4d542d32005c547fc0449c7e190","1b2dc8282436e8a197430a3398a0736047923efbaa21f412fc8dcbc62efc46ab","mounarea_2","0","[0.05, null, 0.18, 1.02]","B_cold_start_closed_loop_v1_20260814","","","","closed_loop_heightmap_footprint","closed_loop_heightmap_footprint","2349","469.53389015620377"
"eb64f6f72321d584d2236adc82df9151f1f81082fbe57f8117edd3b144e2f46f","31405b6582b38985e7050b53e2bcb1bb5ad8ca3cf0a1c659a24e18ceca1fb203","mounarea_2","0","[0.05, null, 0.18, 1.02]","B_cold_start_closed_loop_v1_20260814","","","","closed_loop_heightmap_footprint","closed_loop_heightmap_footprint","2359","471.4196401076093"
"43d5e299a53edf1dc961c5509b3ed11b8063908f30b58d92c28350bcd4c51b29","c96d9a2f7b48fa9a97328cbb5da77c77d8dd62dc4668feaf61fb4dfbb40c0f8b","mounarea_2","1","[0.05, null, 0.18, 1.02]","A_hybrid_telemetry_refine_20260816_v1","","","","","","2349","469.5335412914201"
"4e27ac6a35916ed193a152f17a1ebf4ac9b3956ec9ae77048ace05396e7ca336","b8b85182b0e21ba89e5fe10d7d9aec1ea6f7139fb8c94e6a43bd8279ff68f0df","mounarea_2","1","[0.05, null, 0.18, 1.02]","B_cold_start_closed_loop_v1_20260814","","","","","","2349","469.53389015620377"
"58f7b69272ce0e5497b79e7d771d15b92d64320671da4b40ca7c8648eb00063f","b3e2c27138a322fd2ac66cbec25605c4a47d8563563b39f7ce0cf32840d57d56","mounarea_2","1","[0.05, null, 0.18, 1.02]","B_cold_start_closed_loop_v1_20260814","","","","","","2349","469.50349334419127"
"651a21ad6480bd09756be01c5510439baa93b8e774bc4e7f572e00ccf028afb5","09a24c251fb4eee6fe80b3bbbbea2a6ee861b78b077def3c7a1aad891c82892a","mounarea_2","1","[0.05, null, 0.18, 1.02]","B_cold_start_closed_loop_v1_20260814","","","","","","2350","469.6369862250566"
"6e520ec9f5164e80bb111715a76d9cb8c0d1ab8440f08ee18366c21de39dda5d","f05ff7a0c3dbddaf276f7cb59ab142189b3d5d34aa0db8dbe24efda5b50d82af","mounarea_2","1","[0.05, null, 0.18, 1.02]","B_cold_start_closed_loop_v1_20260814","","","","","","2349","469.5335412914201"
"8999730d83ec4b61900a245989734b2ad01e82758fc31a88ef4d16c1edca77d5","86d5df5f51d4b677a84270e77a94daa89d92611422c255ddb57320044f1221fe","mounarea_2","1","[0.05, null, 0.18, 1.02]","B_cold_start_closed_loop_v1_20260814","","","","","","2351","469.9566452965701"
"dcdbad2553320151989b899493ae40573d2a15ba47e51284d5f9c4f8c2b7526e","b9cab550055b41f695e42747eba0150539258be4eae67c3c64fb300e3b68dd73","mounarea_2","1","[0.05, null, 0.18, 1.02]","B_cold_start_closed_loop_v1_20260814","","","","","","2349","469.533717697142"
"106e2e29c65e0610642a13d33daf735fef870ab658a9912e2c05996901f43e18","db9e18bff31bdd315242e9644a0ecec180dc15d33d516721c81ff51efa75e103","mounarea_3","0","[0.05, null, 0.18, 1.3]","5axles","five_axis","6e898ff7ac46a2787fb81ecea16e0e5ca585cf290cccb00a7656cb178eb56053","5.0","maximum_slip_ratio|maximum_tire_utilization","maximum_slip_ratio|maximum_tire_utilization","7955","1588.301982222156"
"2916af159169e24754cfaef4ccb18cc45640105b1fc63c09b87f51f136d77626","1de3b7f0248b94ac4799db6c9144c59507dedcec8e47efdaaad2c228e8e0c04f","mounarea_3","0","[0.05, null, 0.18, 1.3]","5axles","five_axis","ee1b968983f0d0d8305b5afc24afd9ea65d17027e1bebdab5f8bd2dae19edfc5","5.0","maximum_slip_ratio","maximum_slip_ratio","7943","1588.3013898303477"
"6385b19ef2726817d3cf205de0893978a98db0ad65116ae3bbfb204ac29e4946","2cc3f7c16f263dd722be3dad37de7210af56949cacc123378b87b11516771bfa","mounarea_3","0","[0.05, null, 0.18, 1.3]","5axles","five_axis","ee1b968983f0d0d8305b5afc24afd9ea65d17027e1bebdab5f8bd2dae19edfc5","5.0","maximum_slip_ratio","maximum_slip_ratio","7943","1588.3013898303477"
"a3811696c1adc0b17cd5920f27e7e756714c9a566436700bd420f5de0eaf376e","e4794f2802e36b7ae1d77fb62479e70de9764d82dbc5064059ddbec44dbc437b","mounarea_3","0","[0.05, null, 0.18, 1.3]","5axles","five_axis","ee1b968983f0d0d8305b5afc24afd9ea65d17027e1bebdab5f8bd2dae19edfc5","5.0","maximum_slip_ratio","maximum_slip_ratio","7943","1588.3013898303477"
"f123118505c94bfbf92a46390daa77a04529785cf2c4b571b6bb375cde158f74","36e51b167281e01dbc3effe40851dafeb6e02ed1edbd45ca92047eb393aae727","mounarea_3","0","[0.05, 0.005, 0.18, 1.02]","5axles","five_axis","c55daff1b698d1f4e5430ac09daa62a4231411205564f579dcecdbf8da0aaefb","5.0","external_safety_postprocess_required","closed_loop_heightmap_footprint|closed_loop_pcd_clearance|external_safety_postprocess_required|maximum_slip_ratio","40406","8080.908932495445"
"103906c98f64e960a720fc8e6b40552627a5cac45d056239f76d109686db9bab","068ed1cea5ccf091912d4be41c572b18d5a33ef938194085d66d899fb75e48d8","mounarea_3","1","[0.05, null, 0.18, 1.45]","5axles","five_axis","6e898ff7ac46a2787fb81ecea16e0e5ca585cf290cccb00a7656cb178eb56053","5.0","","","7955","1588.301982222156"
"2ee50006cc42edefff1ac893bf04ae66993bad314566b12075893fda69cc0d2e","6fb4bea2b8dd8dbddba854e2a82f43243be1e978603119c52cc9ae59c1b3fce0","mounarea_3","1","[0.05, null, 0.18, 1.45]","5axles","five_axis","c55daff1b698d1f4e5430ac09daa62a4231411205564f579dcecdbf8da0aaefb","5.0","","","7955","1588.301982222156"
"3d7827e7f42e849586832cd5e81bb9099b3ccc87659f754b15e97dd53df34bf9","7085c8418ca666e4e45578382182ceaf1f16730e4b784e6051058698b3cea6b8","mounarea_3","1","[0.05, null, 0.18, 1.45]","5axles","five_axis","6e898ff7ac46a2787fb81ecea16e0e5ca585cf290cccb00a7656cb178eb56053","5.0","","","7955","1588.301982222156"
"44397725c5084dc0155ed0d26b40afe2bb58c82602a7cda5d8f4a40bb87fae2b","d1e260ddce66610ba7bc4165f8d8ca4c3aaf2c74daed561e8df839e54a50eec4","mounarea_3","1","[0.05, null, 0.18, 1.45]","5axles","five_axis","6e898ff7ac46a2787fb81ecea16e0e5ca585cf290cccb00a7656cb178eb56053","5.0","","","7955","1588.301982222156"
"4621aef849adc1c206ea506ea28921ea1515a1c1f54cb45001a32ab25d967c64","6881d5f3111be9a2fb110a007de16cf2df24a0cdeb29815ff76bf6b259e4ba90","mounarea_3","1","[0.05, null, 0.18, 1.45]","5axles","five_axis","c55daff1b698d1f4e5430ac09daa62a4231411205564f579dcecdbf8da0aaefb","5.0","","","7955","1588.301982222156"
"49ca6e2aca9ffb83ba8c33b0eb7923adc5e0935d1d5c505fec89c3eb101276a6","b818df47fa34788182098451d1ec0b949c7b4ce0392ae86107afe41842a4e35e","mounarea_3","1","[0.05, null, 0.18, 1.45]","5axles","five_axis","6e898ff7ac46a2787fb81ecea16e0e5ca585cf290cccb00a7656cb178eb56053","5.0","","","7955","1588.301982222156"
"5d4147004143bf3c0e570d8a0dbef872662b436ea68c4da5aedbfecdca8c3028","c3073787beaafc37f3311df18036e8c7ec09970a8c1ba316afb17c0c3f3003d4","mounarea_3","1","[0.05, null, 0.18, 1.45]","5axles","five_axis","6e898ff7ac46a2787fb81ecea16e0e5ca585cf290cccb00a7656cb178eb56053","5.0","","","7955","1588.301982222156"
"68fd2b29cdc8fb4c1e9d7dfb84febaf4469c2a3379e2da63c7a9485e0f1d9862","d938c18d0a9c2bf66c7debb8a445017faad4e8e0854b4cc014f3a5bd945a83a9","mounarea_3","1","[0.05, null, 0.18, 1.45]","5axles","five_axis","c55daff1b698d1f4e5430ac09daa62a4231411205564f579dcecdbf8da0aaefb","5.0","","","7955","1588.301982222156"
"68ff7fcecc2334421c2666b11e1639e347b21997031d1328f8cc561e778bf58a","49721f24ad44940506ab6e76725b1746ed5eb4312376fb8a299ffe0b01c76d8b","mounarea_3","1","[0.05, null, 0.18, 1.45]","5axles","five_axis","6e898ff7ac46a2787fb81ecea16e0e5ca585cf290cccb00a7656cb178eb56053","5.0","","","7955","1588.301982222156"
"6b7e7df7135a8609daf2b1717c41206f9d03a1b301f1354481ddca826a9760d5","7e4e7f351e7253f1484779fc17bf14a5bca9a24b01c143e7757ef2ed1e56cc12","mounarea_3","1","[0.05, null, 0.18, 1.45]","5axles","five_axis","c55daff1b698d1f4e5430ac09daa62a4231411205564f579dcecdbf8da0aaefb","5.0","","","7955","1588.301982222156"
"9fbdf0e790882cd87ec40f1e4ba8924314a0b49b813d0f23c74203f9a3f10889","22f5d4c2dc4637e7b637852c460dd1c619d9676c3b291f2b12411e5a00ecdc35","mounarea_3","1","[0.05, null, 0.18, 1.3]","5axles","five_axis","ee1b968983f0d0d8305b5afc24afd9ea65d17027e1bebdab5f8bd2dae19edfc5","5.0","","","7943","1588.3013898303477"
"a03678ea1ac3544b9d8505a6906de6e7933eba1c6961720929525d4a972eeffe","7df3bd48cd8589ea742247649b801794ea107b98c6e7887ff0d893cdcaecb630","mounarea_3","1","[0.05, null, 0.18, 1.45]","5axles","five_axis","6e898ff7ac46a2787fb81ecea16e0e5ca585cf290cccb00a7656cb178eb56053","5.0","","","7955","1588.301982222156"
"a2c41b73e975b3c78a124032597df0856b7033908231faf6188d4d4f16a787ce","6cad8e548a598e2456cd902c84e72275b0b4a9ee4957670cfd202e5aa4f4ebd3","mounarea_3","1","[0.05, null, 0.18, 1.45]","5axles","five_axis","6e898ff7ac46a2787fb81ecea16e0e5ca585cf290cccb00a7656cb178eb56053","5.0","","","7955","1588.301982222156"
"f6bea21cddf31970a20093957173375e5d295e054f9c6feebb61fb58eccc7aa6","9ad48b1d987d8e3def47fd3c3acb596ed88c6e8a9085fc473274fa4810c2fb7f","mounarea_3","1","[0.05, null, 0.18, 1.45]","5axles","five_axis","c55daff1b698d1f4e5430ac09daa62a4231411205564f579dcecdbf8da0aaefb","5.0","","","7955","1588.301982222156"
"85eda4a064d764084ab48b4d8067f304d81bf07d7aa4b79073af682f6ab769c1","86c4abbb8f8a8538286f7598df7fe3a8b708e82d452239786f27a7fdfa78cc3a","mounarea_3","0","[0.05, null, 0.18, 1.02]","6axles","six_axis","2e3182561ba5e89c98d721a253abf5be43e49567568c38d74246acf3ab860f79","6.0","closed_loop_pcd_clearance","closed_loop_pcd_clearance","7951","1589.8616902147528"
"ab35c86cf29cc6908704b3b7e8246e2d4732893863b57cfb7dc0c784b5a8a166","0612666358035b0f27fc0fd5abfc4ca7893a478cf2c5b5fa41e9d8e9addde0c2","mounarea_3","0","[0.05, null, 0.18, 1.02]","6axles","six_axis","2e3182561ba5e89c98d721a253abf5be43e49567568c38d74246acf3ab860f79","6.0","closed_loop_pcd_clearance","closed_loop_pcd_clearance","7951","1589.8609026036997"
"c4fa99951133e9f6e280cdfa71ec9c92caf6d1657c775803f9db262b547e5898","15d6514caf429b0e6d11af7096884dc5a924958aec6d6a3d32d0e02b1dc85fb5","mounarea_3","0","[0.05, null, 0.18, 1.02]","6axles","six_axis","2e3182561ba5e89c98d721a253abf5be43e49567568c38d74246acf3ab860f79","6.0","closed_loop_pcd_clearance","closed_loop_pcd_clearance","7951","1589.8468561318384"
"3260ac3fec7c606f5a76a95b36c1c85c42bd325e5cedd670c383985a8851e026","96f134a56abe5ef03b0965a619199b3b085fb1489ee3168c5329a0e45a7eb302","mounarea_3","1","[0.05, null, 0.18, 1.02]","6axles","six_axis","2e3182561ba5e89c98d721a253abf5be43e49567568c38d74246acf3ab860f79","6.0","","","7951","1589.8609026036997"
"87267a2c93089946080a4bcbc89925be4bfc37368db68156203f02771a539740","5a4fe3eadde57a8c79f40e99a41fe2afe099ce7f132cc284c22ad21f33d475df","mounarea_3","1","[0.05, null, 0.18, 1.02]","6axles","six_axis","2e3182561ba5e89c98d721a253abf5be43e49567568c38d74246acf3ab860f79","6.0","","","7949","1589.5057005465721"
"d1ecf397fbae90f8153f3b6ae41a81161b6363ea040c4bfea1d71476344a8467","e46183cc70ffb5bd2d70160f3d79dd6582372543e316cd33eef22914e909cf5a","mounarea_3","1","[0.05, null, 0.18, 1.02]","6axles","six_axis","2e3182561ba5e89c98d721a253abf5be43e49567568c38d74246acf3ab860f79","6.0","","","7952","1590.1634689726864"
"eab75a9a389358673ab37a5d65e7e30fc900dd76398ea75d94e6c54bb90bff57","a000af9f26d629f2ff831d48eca19db38a0ebe9370523fd03d538fcebbd973c5","mounarea_3","1","[0.05, null, 0.18, 1.02]","6axles","six_axis","2e3182561ba5e89c98d721a253abf5be43e49567568c38d74246acf3ab860f79","6.0","","","7951","1589.8609026036997"
"77ace61acae492fa178e1b03b81fdced8505713232ba2792d5b449cf103284dc","c6c188f4a04cc0d66869c9c618ff5f2b5a6b2cf28e319121595bdbd5dd48e0bd","mounarea_6","0","[0.05, null, 0.18, 1.3]","5axles","five_axis","6e898ff7ac46a2787fb81ecea16e0e5ca585cf290cccb00a7656cb178eb56053","5.0","maximum_slip_ratio|maximum_tire_utilization","maximum_slip_ratio|maximum_tire_utilization","5424","1083.530896404707"
"85ed1de9cc50f2e962afdc761244b2b8413a4cef61b4571164b9cd4ec0169634","5ac0e374a0a4908619797cb71b3d30455293298886b46b2dc23fc24f80d92738","mounarea_6","0","[0.05, 0.005, 0.18, 1.02]","5axles","five_axis","caa95ee3926759a8683c3b411a8906a8616c324b897b12ecdaa577de4dfc1302","5.0","closed_loop_pcd_clearance","closed_loop_pcd_clearance","5422","1084.1008725224704"
"89bf014c8d8fe7c6e8982f7a73e9006bdc2ed29315f77a35f58d052dcbe9f5f4","0dd0ad564cc7ec07abfe748a1a04a4e9db1023e19561382d933a17ac10eebc99","mounarea_6","0","[0.05, null, 0.18, 1.02]","5axles","five_axis","4ec13c407273a370c01747c10ca81942fa98caab38073946be123042e1dd02b7","5.0","maximum_slip_ratio|maximum_tire_utilization","maximum_slip_ratio|maximum_tire_utilization","5424","1083.530896404707"
"9cf0052388776b22193d5e189c3a874d7070bf1350c2aee74324f2dbfa7e8579","303c90c7c6c9b183423d07600425fccf002622f7b365a47e9bf7adbf563ed490","mounarea_6","0","[0.05, null, 0.18, 1.45]","5axles","five_axis","6e898ff7ac46a2787fb81ecea16e0e5ca585cf290cccb00a7656cb178eb56053","5.0","maximum_slip_ratio|maximum_tire_utilization","maximum_slip_ratio|maximum_tire_utilization","5424","1083.530896404707"
"abdef1fa3c48c9d109454b734f2d1f649dc2db2d614472d7350ec10212ad2a84","4310d41861e18d628fb65f7055996dc67b975426ea215e7a17f1a1fd6b152bf6","mounarea_6","0","[0.05, null, 0.18, 1.3]","5axles","five_axis","6e898ff7ac46a2787fb81ecea16e0e5ca585cf290cccb00a7656cb178eb56053","5.0","maximum_slip_ratio|maximum_tire_utilization","maximum_slip_ratio|maximum_tire_utilization","5424","1083.530896404707"
"d99ebdec90627bd95bb6aa5f0b2919db4658639323b8d2549e3069cc578d7b04","af9c20361f5297b9a37c199de9ba9e844357ec5bd810c7dd9f09311192983a3d","mounarea_6","0","[0.05, null, 0.18, 1.3]","5axles","five_axis","6e898ff7ac46a2787fb81ecea16e0e5ca585cf290cccb00a7656cb178eb56053","5.0","maximum_slip_ratio|maximum_tire_utilization","maximum_slip_ratio|maximum_tire_utilization","5424","1083.530896404707"
"e337b22b8398ecf62b687f9077111eec0ef3d5e7a1ba325f888573810e84aaf1","b8fb665cce079b4be288cb3f69b1f3e80678b7aec61b3d3d8de10725783f4c7e","mounarea_6","0","[0.05, null, 0.18, 1.45]","5axles","five_axis","6e898ff7ac46a2787fb81ecea16e0e5ca585cf290cccb00a7656cb178eb56053","5.0","maximum_slip_ratio|maximum_tire_utilization","maximum_slip_ratio|maximum_tire_utilization","5424","1083.530896404707"
"f01244c02e27c2798881b826c33117eef080bc05c0db182ea0977d83481323e8","f2ffa6c8bcba5790afefe518da1111ff4a8f0e846514406e9ca9d35e95522fa3","mounarea_6","0","[0.05, null, 0.18, 1.45]","5axles","five_axis","6e898ff7ac46a2787fb81ecea16e0e5ca585cf290cccb00a7656cb178eb56053","5.0","maximum_slip_ratio|maximum_tire_utilization","maximum_slip_ratio|maximum_tire_utilization","5424","1083.530896404707"
"3940194ac89d9a9aa09fb49194fad1f05345241550d27e78b1740c40e67ab8e2","80f3a93e01edb568e878caad4c81863f89a82d9ab01ff45f79adf3a1c0cff333","mounarea_6","1","[0.05, null, 0.18, 1.02]","6axles","six_axis","2e3182561ba5e89c98d721a253abf5be43e49567568c38d74246acf3ab860f79","6.0","","","5418","1083.2610079908802"
"0aee9783b6cc92daa7581e2f1d46d8d1c55416ce8530b1dd0cd4adee2a4a38a1","533c5b03eeac21c5dd8257a41b49acf9b8b7da7da42ca5e797f2f16801d54eb7","narrow_1","1","[0.05, 0.005, 0.18, 1.02]","5axles","five_axis","ee1b968983f0d0d8305b5afc24afd9ea65d17027e1bebdab5f8bd2dae19edfc5","5.0","","","251","49.939360621637654"
"2b27e9507f8e582160efd93f0f0de6068ec6d4256b4a1c53e81595ecbfeed758","48d13159987ef10ba4b23c9e3c2c3b92750e37b3cdf3e3744465c8be37f96fa2","narrow_1","1","[0.05, null, 0.18, 1.02]","B_cold_start_relaxed_remaining4_20260815","","","","","","251","49.85578107795215"
"89cee14bb6b9edc6960428ea707355a47f0d3ada39971d8543bde3b2c51bbb34","c31856d0bd88f30c1d3e39eb457267913b23ee202971f81f276d37bbf7e75a0f","narrow_1","1","[0.05, null, 0.18, 1.02]","B_cold_start_relaxed_remaining4_20260815","","","","","","251","49.85466355569337"
"9741e04c278c3ab05deff0e4d4a4aa51069876248370aa7d12f4bb81e6071e80","98e4050cc786b3f58f99c773c7795a80be690562c321996b2ca733d4e522a2c1","narrow_1","1","[0.05, null, 0.18, 1.02]","B_cold_start_relaxed_remaining4_20260815","","","","","","251","49.86566304476828"
"f2f35d09a23ccba860a20fed00b64c710eba46d19341da00bdee97a803ca0a34","263e3bf9cb766ff35f2748689ff883e96186b62d8c8f3a6df32d205f0d27ec90","narrow_1","1","[0.05, null, 0.18, 1.02]","official_physics_p4_cross_narrow_releasegate_20260816","","","","","","251","49.85616641098335"
"f619a540a446f9f96fa13b0ba50bda24d63b66d0e366db8ce2a7df6454d7b56e","fad0c45d63853060ba2c3ede40dfa6d6f70b614f26b3cc9f2e71d85ed028dd81","narrow_1","1","[0.05, null, 0.18, 1.02]","official_physics_p4_cross_narrow_releasegate_20260816","","","","","","251","49.939360621637654"
"35fbc9e893e02678d39237c1f6e5bc9fce8e9a07c696adf0ef66f4fee406514c","01ceb4d030f51a16958b5ef781e78538e8d5f7d20d5443d4c36e4728a46c573a","narrow_4","0","[0.05, null, 0.18, 1.02]","5axles","five_axis","4ec13c407273a370c01747c10ca81942fa98caab38073946be123042e1dd02b7","5.0","closed_loop_pcd_clearance","closed_loop_pcd_clearance","1148","228.0047672835792"
"4b2b36fe4b0ce7ef39d5a5177e1200ac722fd0b4dcfa84876788ab0e14fcb82a","461b7fd375f1f42f261ddbe9d1c2a743704b4e3d9006601f4f1bb5d732dd4e25","narrow_4","0","[0.05, 0.005, 0.18, 1.02]","5axles","five_axis","c55daff1b698d1f4e5430ac09daa62a4231411205564f579dcecdbf8da0aaefb","5.0","closed_loop_pcd_clearance","closed_loop_pcd_clearance","1148","229.25979663264934"
"8666443d4cf7f9b535c32ae2788a040f5af6d03a8b8698a9cf9ddc684b16f8d3","a36640d007f51382ea90ce225e5c38997288910ffcdb20925eacd4b0c78f58b9","narrow_4","0","[0.05, null, 0.18, 1.02]","5axles","five_axis","ee1b968983f0d0d8305b5afc24afd9ea65d17027e1bebdab5f8bd2dae19edfc5","5.0","closed_loop_pcd_clearance|maximum_tire_utilization","closed_loop_pcd_clearance|maximum_tire_utilization","1148","229.25979663264934"
"092a2d7121e34bed610f78d80f2f008199534575c00ceade5696e2bbdeb5d0c6","c6f5ebee8d04a7e0ca35f9c591a8fcdbc7bed1d36198c6b7b3303f2d2b9302a4","narrow_4","0","[0.05, null, 0.18, 1.02]","6axles","six_axis","2e3182561ba5e89c98d721a253abf5be43e49567568c38d74246acf3ab860f79","6.0","closed_loop_pcd_clearance","closed_loop_pcd_clearance","1148","229.263481163718"
"febcc6aff92fd7087b40542e0fe040d515ad226e72a049b0d6cd06a1a5a65568","594613fd9fc16817a6d74ec6e3984c6e0b65fb8c69e31883aeb025c499f358f1","narrow_4","0","[0.05, 0.005, 0.18, 1.02]","6axles","six_axis","d46c9e86aea3de5c8e980dc8c9c47b3c646827643d17e3495dd2c25c5ef1f91a","6.0","closed_loop_pcd_clearance","closed_loop_pcd_clearance","1148","229.25903748129323"
"b36d926051c434fe1f7cc4eb1fe0cee23bd24794938e50fb1f8b99d11680391d","a3f278e7374afbc051a3202cc2f6eedf5f5a495021a7f4de1e617fe9f10a3327","overpass_1","1","[0.05, 0.005, 0.18, 1.02]","5axles","five_axis","ee1b968983f0d0d8305b5afc24afd9ea65d17027e1bebdab5f8bd2dae19edfc5","5.0","","","10274","2054.5953306917904"
"43a76052adde31726cf272499065d935a10ebacd30a982b2723c846b1ecf9b57","105cfd63bb37490af24f8c2d568b9d4d7174afebe2939052ef7c3938ec350c63","overpass_1","1","[0.05, null, 0.18, 1.02]","A_hybrid_telemetry_refine_20260816_v1","","","6.0","","","10273","2054.3092237106835"
"143326ab2c1056d70b1543618343aee0be5a294aa52a5a1bd6ad91b184801de6","81dbf850ba8b71fd728c6e9957f217161d9a766b95d3587ac0c03e7eece65c48","overpass_1","0","[0.05, null, 0.18, 1.02]","official_physics_p4_overpass1_feedback4_timeout600_20260816","","","","closed_loop_heightmap_footprint|closed_loop_pcd_clearance","closed_loop_heightmap_footprint|closed_loop_pcd_clearance","10274","2054.5974462678037"
"1c3857029c396a38fa9b4cb2a78de599518732b9dd3a7cb54e31caf12bcf4575","0629f9ab70bd62fc9df747f4d57856bfbbc8ea4a983d4b8f0d31ebd98cf5f60c","overpass_1","0","[0.05, null, 0.18, 1.02]","B_cold_start_relaxed_12maps_20260815","","","","closed_loop_heightmap_footprint","closed_loop_heightmap_footprint","10264","2052.59438934204"
"1d779c074458a48c3621b17d646cb9d8da59321552fcbcdbcabc850cc764d52b","1a68cea7f43bd20e14687d9226b55d3677b04542f75008722d4ad3c37806b4f0","overpass_1","0","[0.05, null, 0.18, 1.02]","B_cold_start_relaxed_12maps_20260815","","","","closed_loop_heightmap_footprint","closed_loop_heightmap_footprint","10274","2054.5953306917904"
"42dc7e108c25cdf378f20110c461927fb86d9ee9d9ceeb7be057680d09b40b3a","2847e9873d309951291ffe601b54bba5e1e2292804bd964c28e97f911d510a61","overpass_1","0","[0.05, null, 0.18, 1.02]","B_cold_start_relaxed_12maps_20260815","","","","closed_loop_heightmap_footprint","closed_loop_heightmap_footprint","10274","2054.5911313276874"
"4b445adb691e78ac74f1236692d399bbb68ca9b8f739c4d1b203d2e59230901a","48acb78304ac7c38dd3f9b650a7eb6242c8f8be7d6f05803f189efcbfc10c71c","overpass_1","0","[0.05, null, 0.18, 1.02]","B_cold_start_relaxed_12maps_20260815","","","","closed_loop_heightmap_footprint","closed_loop_heightmap_footprint","10265","2052.681185628014"
"857689a2ff321e379577ce9bf9c223ce7e3f4e8f9238ab2d8dcf4631a6726832","e00adacfdaf52506d591a13939ebefc60120c97ef6b4ab9c71ce02ddb45689b5","overpass_1","0","[0.05, null, 0.18, 1.02]","A_hybrid_telemetry_refine_20260816_v1","","","","closed_loop_heightmap_footprint|closed_loop_pcd_clearance","closed_loop_heightmap_footprint|closed_loop_pcd_clearance","10274","2054.5911313276874"
"8fa22d1c0ff20b5b7149d58a7075cb44c228d8e49a6232094054d34e1ef1d310","bb1de2a827373ecad26084111b37afc495616e19d58e53ab5671f9fa5f1881db","overpass_1","0","[0.05, null, 0.18, 1.02]","official_physics_p4_overpass1_feedback4_timeout600_20260816","","","","closed_loop_pcd_clearance","closed_loop_pcd_clearance","10274","2054.5953306917904"
"a6ada6dcbd169cc2205a9ef369391ade691713e071e2b9218a2334338dc301c3","41ed48c9db4ba8632ffa08c59eae7d01f337c4a7e5eed331f6c8a99e29bc5e49","overpass_1","0","[0.05, null, 0.18, 1.02]","B_cold_start_relaxed_12maps_20260815","","","","closed_loop_heightmap_footprint","closed_loop_heightmap_footprint","10274","2054.5974462678037"
"bf2abc48f2c6fca3b42fb199412fe8b6b1019c14b120d58c69abb5b8b07118a4","9717f0459ab25c0809c48eaa8e726959fcfb457ecd45e7d2e218c20d76bb774d","overpass_1","0","[0.05, null, 0.18, 1.02]","A_hybrid_telemetry_refine_20260816_v1","","","","closed_loop_pcd_clearance","closed_loop_pcd_clearance","10274","2054.5849035098468"
"12786a73d68bf75a796a69b8a0b3b95ef779a858d8dd4cf390611c1bf49232b8","b41e512f7f5aabd390e27cedf75bd5e4e3ad05a065e89c5a326763e5c2e4f0b1","overpass_1","1","[0.05, null, 0.18, 1.02]","official_physics_p4_overpass1_feedback4_timeout600_20260816","","","","","","10274","2054.5911313276874"
"41d8a11bf95e8aa60e426dd46d215cbbd086296a85dc998dcf529c1dd150de0a","f73f4480938fa4842419aa075aeb031988b7b848f1c487cad25ccefe9b3b8ff8","overpass_1","1","[0.05, null, 0.18, 1.02]","B_cold_start_relaxed_12maps_20260815","","","","","","10274","2054.599583094765"
"66bb2bc267e99b35c83dd3a8620902a000e22fe817e7925eb4a1fe6494a21db8","c0308dacbf7d63da9af0675eeab724fb42c0cc5cf71a9df6b98ee6180c138f53","overpass_1","1","[0.05, null, 0.18, 1.02]","B_cold_start_relaxed_12maps_20260815","","","","","","10270","2053.7939481004196"
"b59ac99b75378a45f452869851c3e99ed1c297f539bf64690b971389350b6f4b","3fd59a02cbba42f3f91b5bec1857d9bbdcf095a3b5d9b8c8cd584b2cbcf3364a","overpass_2","0","[0.05, 0.005, 0.18, 1.02]","5axles","five_axis","ee1b968983f0d0d8305b5afc24afd9ea65d17027e1bebdab5f8bd2dae19edfc5","5.0","closed_loop_pcd_clearance","closed_loop_pcd_clearance","12943","2588.345667058092"
"4829f81bd12505f3482c8edb9335c1e4f126e77a1c87d2513481cdf5bc75cfdc","231c899c22289962ba58b1e846fae8cce8abb91b5a4f765e6f2bebf0987f2aaf","overpass_2","0","[0.05, 0.005, 0.18, 1.02]","6axles","six_axis","d46c9e86aea3de5c8e980dc8c9c47b3c646827643d17e3495dd2c25c5ef1f91a","6.0","closed_loop_pcd_clearance","closed_loop_pcd_clearance","12936","2586.8489758883934"
"50cf26cc314566b647c77032e60e061a246d0caa7371147cd799126afa730d50","8120b1c063a6d261a0fe74ed29f5f2c6633b65bce029a895ba3dfdc57fc0b1e3","overpass_2","0","[0.05, null, 0.18, 1.02]","B_overpass2_auto_turn_v8_20260818","six_axis","62e09ce1c354da04844bfb936547ff8d53f08d0cfe2f2f513ceefe715e12ef97","6.0","maximum_tire_utilization|route_not_completed","closed_loop_pcd_clearance|maximum_tire_utilization|route_not_completed","13076","2614.9843573250737"
"5da992947c9bf36219322cdd70bb52419b3b9c7ae650a9f25e747c6189444047","86f4153ad566e50294f0b88953c97ab9064ea1dfbbafc8a2cc24b76b0d1f5837","overpass_2","0","[0.05, null, 0.18, 1.02]","B_overpass2_closed_loop_v13_20260818","six_axis","62e09ce1c354da04844bfb936547ff8d53f08d0cfe2f2f513ceefe715e12ef97","6.0","closed_loop_pcd_clearance","closed_loop_pcd_clearance","13076","2614.9843573250737"
"cbd6060ed4602866420600f24be778c83303bf9c380c66183967c6bd4e3136a5","8007a657b6bc3ada345257d7659ed3a2d2a3af01b9ea42c4f420262a11880cca","overpass_2","0","[0.05, null, 0.18, 1.02]","A_hybrid_telemetry_refine_20260816_v1","","","6.0","maximum_slip_ratio|maximum_tire_utilization","maximum_slip_ratio|maximum_tire_utilization","12949","2589.5839335437927"
"3832ad34ff81f7168a326c4d66ad8526b4b1900e8853c4fb5c67f9714e9987dc","c217509986928904f68bbe6f174932625460d69e9f06163a8b95c966462620f6","overpass_2","0","[0.05, null, 0.18, 1.02]","p5_overpass2_v3_replay_v11_20260812","","","","closed_loop_pcd_clearance|closed_loop_txt_clearance|maximum_tire_utilization","closed_loop_pcd_clearance|closed_loop_txt_clearance|maximum_tire_utilization","13076","2614.9843573250737"
"68231c597eb0bfc5c1621e812b6f7ab1769d592594bbaa85319e4dbf30242b3d","ab50ed709714226881d1dc25d51ae28dad380f65bea6fefa757f0907d01113ea","overpass_2","0","[0.05, null, 0.18, 1.02]","overpass2_spin_entry_reprop_20260816_v2","","","","closed_loop_pcd_clearance|maximum_slip_ratio","closed_loop_pcd_clearance|maximum_slip_ratio|maximum_tire_utilization","12949","2589.5839335437927"
"79b3dce1af70f3ffe5de5ec6ec9fabf7465b6997cbbf7fc8f8f65a1f4fa5de57","e34d5a61ac08ef54c76b88a583f78251aa3b8404a90511278c1e2d334f2f6de9","overpass_2","0","[0.05, null, 0.18, 1.02]","overpass2_external_boundary_fix_20260816","","","","maximum_slip_ratio|maximum_tire_utilization","maximum_slip_ratio|maximum_tire_utilization","12949","2589.5839335437927"
"9f2d7b07e18e825af8429b6630b715d5404b1efd84c9366241732a13df4ba0b8","5dfa3339a607fa8b74e805d3ef81eae95dcd8a48488b99ef59a4ac5df8659e53","overpass_2","0","[0.05, null, 0.18, 1.02]","A_hybrid_telemetry_refine_20260816_v1","","","","closed_loop_heightmap_footprint|closed_loop_pcd_clearance|maximum_slip_ratio|maximum_tire_utilization","closed_loop_heightmap_footprint|closed_loop_pcd_clearance|maximum_slip_ratio|maximum_tire_utilization","12949","2589.5839335437927"
"dad6588b5f84374d26c17361d297a63967a7d6e83097dccea862c8a1700f8847","d385ea8074824d3e5b7cfe1aeb885e709912bb5b297f0deb1f81740d892f101e","overpass_2","0","[0.05, null, 0.18, 1.02]","overpass2_external_boundary_fix_20260816","","","","closed_loop_pcd_clearance|maximum_slip_ratio","closed_loop_pcd_clearance|maximum_slip_ratio|maximum_tire_utilization","12949","2589.5839335437927"
"e44ffa1047d6c8e283851f52a9f685dbbc7202b7f76a5cde16bdde7729c45754","90265baeb2b39036b4bddcde3dd5005e7f45c2321af37fd64d33215efcc29e19","overpass_2","0","[0.05, null, 0.18, 1.02]","A_hybrid_telemetry_refine_20260816_v1","","","","maximum_slip_ratio|maximum_tire_utilization","maximum_slip_ratio|maximum_tire_utilization","12949","2589.5839335437927"
"f30da9a40927628a2f4ead854a8c2638849fd3a3c943fcc740edec5fcca389b0","3dc6a30cbd27805a4892f18b265d2c11325d5c4dda7ce186f9981de8b653fc97","overpass_2","0","[0.05, null, 0.18, 1.02]","overpass2_external_boundary_fix_20260816","","","","maximum_slip_ratio|maximum_tire_utilization","maximum_slip_ratio|maximum_tire_utilization","12949","2589.5839335437927"
"e88e4e030e3144626d81d3df824836c8e8195b6bdf92b16de4bd978edcded49b","7c686c52f9fed517c8011f2a6307b4dd2c5d639eb53996ee81a81a9b6b6d31a7","ramp_1","1","[0.05, 0.005, 0.18, 1.02]","5axles","five_axis","ee1b968983f0d0d8305b5afc24afd9ea65d17027e1bebdab5f8bd2dae19edfc5","5.0","","","4294","858.4949647485784"
"2b83f4214c59a5c736b2365d1ab87cac77aaf21e68ef10a55d67f985321bf0f3","54adbad1a64a2e3a016bb1170f5f8ffabfa1f46815621b78fec20c2c6c524c44","ramp_1","0","[0.05, null, 0.18, 1.02]","B_cold_start_closed_loop_v1_20260814","","","","closed_loop_pcd_clearance","closed_loop_pcd_clearance","4294","858.5693164360785"
"3531d6568879d291304f48376d49badeb3d81662f8baef073e668bc71cf41a76","23cdb2655c227f50efb95ff7766eece12dcee5c09b55ab59788fb22b068a22be","ramp_1","0","[0.05, null, 0.18, 1.02]","B_cold_start_closed_loop_v1_20260814","","","","closed_loop_pcd_clearance","closed_loop_pcd_clearance","4294","858.5395056654886"
"58038e4a76a35e376aed5c54979e77e114b230c7e2e7babc2ebaf800c04725a4","d23005fb17443dfa55a012da2c215c43dde93954a23232740ff7162e841b1e6b","ramp_1","0","[0.05, null, 0.18, 1.02]","B_cold_start_closed_loop_v1_20260814","","","","closed_loop_pcd_clearance","closed_loop_pcd_clearance","4294","858.540215628534"
"aa4344491e0f228508a07bd69adb8b93b3732a4c01cc1489c63833063ff3ceb0","d2cefec96df7b01bf5c082fbd68ddaf79fe6bbd5376b48327bdd29b3aa1a3a0e","ramp_1","0","[0.05, null, 0.18, 1.02]","B_cold_start_closed_loop_v1_20260814","","","","closed_loop_pcd_clearance","closed_loop_pcd_clearance","4294","858.5933077741987"
"d03095f2d4b2a9d3d3ec154eacea25cf6c64500fb11c8b7fc5f67b59677158df","201cb2e937e9761bc9f55c22c79f885233342db4e0152128fb71ba155e51b111","ramp_1","0","[0.05, null, 0.18, 1.02]","B_cold_start_closed_loop_v1_20260814","","","","closed_loop_pcd_clearance","closed_loop_pcd_clearance","4295","858.7028123319183"
"d3ff13fbbd16ca86a3a3387f25f23beef58f2a527816a84f1014c4ac8d92bac2","b5ccc37f2a02b461f9e049414aa94f02f37b7906ddb1e8f469baf95f49376f1e","ramp_1","0","[0.05, null, 0.18, 1.02]","B_cold_start_closed_loop_v1_20260814","","","","closed_loop_pcd_clearance","closed_loop_pcd_clearance","4294","858.5261671452043"
"d92ee38bdb25431166f4edb2819afa27815e5c98a9fd72c6bb505f3719748c9e","7cb9deda8777e980f6fc1eeac763ce72648d2d17da33308b5e558c8ced09118b","ramp_1","0","[0.05, null, 0.18, 1.02]","B_cold_start_closed_loop_v1_20260814","","","","closed_loop_pcd_clearance","closed_loop_pcd_clearance","4296","858.9620436770472"
"e621cbb963206d83755bf7a73c86cc55d27b53b919f5ad1734806a9186957542","f38b21e1c91d792aa1b3ef9173dcea5874fc5c9f7abf3847abbb8bdfcdcb56e1","ramp_1","0","[0.05, null, 0.18, 1.02]","B_cold_start_closed_loop_v1_20260814","","","","closed_loop_pcd_clearance","closed_loop_pcd_clearance","4294","858.5066507903998"
"03275d984d37662d7c6f24edae4e6c5eb336c1cff768d10811b8673af64002dc","36477e70f411058be03ea4aa7f316b5d716baa80d0967794bd82d40424432bc5","ramp_1","1","[0.05, null, 0.18, 1.02]","B_cold_start_closed_loop_v1_20260814","","","","","","4296","858.8595657356339"
"18b53b8d0ed700e10b620a4740e4e1317cf0db5dc7e95036d3fa0eea897605c8","f68e290c27526c75cf69b8cc690cf0d521babe8d407711909d55202c32b7d6a4","ramp_1","1","[0.05, null, 0.18, 1.02]","B_cold_start_closed_loop_v1_20260814","","","","","","4296","858.9620436770472"
"3c408bd2357d74315161f761a8aaa4faca288cec21a8fbac96accec3a11e08fc","bf244b2011e38b9c58999ef924bcfd715e33b36706a3bda677e748f4c1a010d0","ramp_1","1","[0.05, null, 0.18, 1.02]","B_cold_start_closed_loop_v1_20260814","","","","","","4293","858.3512229784395"
"6b895babc0525dd7137b6c74dbfe60e665e459cefddfb362949337172ac190dc","1cfa1c2ea70382a9130886510d2137bbde59df5b7e89e9626b1ca9a35473917e","ramp_1","1","[0.05, null, 0.18, 1.02]","B_cold_start_closed_loop_v1_20260814","","","","","","4294","858.5574828056159"
"715fb1d506b17b29e72214f6285c6739ad7471d13c484fdfab6b17dd2186ceb8","8d4664a4e178bbaadadb9ccb33e3feb03dfbf7b0d3c671460d032330798a85dc","ramp_1","1","[0.05, null, 0.18, 1.02]","B_cold_start_closed_loop_v1_20260814","","","","","","4298","859.2496081926707"
"99097aea6aa8d7a7364600c9b023269b8b6e075a3a9a332e02e2c13de1d93150","9c4a9dab4a8e8ebe2b6568f6a3c5d313e25e98682e41cee07e8df5c13f3a10e5","ramp_1","1","[0.05, null, 0.18, 1.02]","B_cold_start_closed_loop_v1_20260814","","","","","","4296","858.811487866954"
"abca40c07591cdd7f7f7996170a8afee0a16f92546231fe68f982171fa4c6a7f","aaae096b83438dc385e4b41edff046d507ccf7378e5e2ac65fbedc5b8cd4bb52","ramp_1","1","[0.05, null, 0.18, 1.02]","B_cold_start_closed_loop_v1_20260814","","","","","","4293","858.3136931573858"
"e927367149f3ef9fac32925803bd34b12ff806674476628713ce154800773df0","3465a6dfcad8052639150653edc03085a4e8f223b361daa89c530ac5f8be384a","ramp_1","1","[0.05, null, 0.18, 1.02]","B_cold_start_closed_loop_v1_20260814","","","","","","4294","858.5454279631281"
"f12a68fb13a8d4d2a39323c5784475cd46d3ba96353d76a472d5183838b2c95c","fc54c19af312a068ce91180536645d386a8d6289117a94c022621f18061c1444","ramp_1","1","[0.05, null, 0.18, 1.02]","official_physics_p4_remaining8_releasegate_20260816","","","","","","4295","858.675886370966"
"95cc9036662523a819799b7831bb1da4151c339a1c5cf69a8c6e41cd79bb4103","ebbb1631562f1299498de518037fa315ee6a00b69f90bed3b3b9087862ee3700","ramp_2","1","[0.05, 0.005, 0.18, 1.02]","5axles","five_axis","ee1b968983f0d0d8305b5afc24afd9ea65d17027e1bebdab5f8bd2dae19edfc5","5.0","","","5846","1168.9636531017607"
"054f2b13e0c176f270ba8c19ac7acb00d8c4c59fdb871cda2839a84ddb06bebb","610054daf5eee27d297495b30949daac8cce160cbb15cc392232f7272e8fc7e1","ramp_2","1","[0.05, null, 0.18, 1.02]","B_cold_start_closed_loop_v1_20260814","","","","","","5843","1168.242506767903"
"0a71bae7fdc093025039c8a70c060a75a373b3b122f44789e703507d091dabf0","49b86ca25f9b5a00cb66c5d584252ba5f6335f574f4399fe2a5363a528431c32","ramp_2","1","[0.05, null, 0.18, 1.02]","B_cold_start_closed_loop_v1_20260814","","","","","","5846","1168.9633942597081"
"362136e17a5e48254d5b32e91639f5a18c4a6751b56d77055a096058ade51ee7","7658b1e2052737ce4aa3ccf3c704a5aba700d0bad6c9eb5b504b2e7908993513","ramp_2","1","[0.05, null, 0.18, 1.02]","B_cold_start_closed_loop_v1_20260814","","","","","","5847","1169.0815361107664"
"3789372405ea08ff9d56b089a0aaf8e52ce8187d10e51fd6f0e12efd7ef05d53","4984451bc690c8ae5b527ea86cef18f2287fc68477e16dfdb85dbf15b25bccd1","ramp_2","1","[0.05, null, 0.18, 1.02]","B_cold_start_closed_loop_v1_20260814","","","","","","5847","1169.0825378221302"
"a00eee3e3a35c744fbbf411d3bfc3a030d61185b10ee41c0072049c701306c55","6327f27d232f5d1553e4acbe3d083f899d65c0d20034c6354fcf985534f825c2","ramp_2","1","[0.05, null, 0.18, 1.02]","official_physics_p4_remaining8_releasegate_20260816","","","","","","5847","1169.0815361107664"
"a64b12be833fedf7a726755c636a71cd2da892f55fbbc8f172fa8e5dc270aefb","05ce837e0984f4188a8f6422e21873becc7e2011b60b4b2fd89f4764b9be8b61","ramp_2","1","[0.05, null, 0.18, 1.02]","B_cold_start_closed_loop_v1_20260814","","","","","","5847","1169.0806023399764"
"e368582b7d13a683193cc6fb24b17a985eaeff1ddc9fae60fc83b680029700cf","70f2b43a6b1991e441efee302b9af596125669b79ed9908a19210f4886e912df","ramp_2","1","[0.05, null, 0.18, 1.02]","official_physics_p4_remaining8_releasegate_20260816","","","","","","5847","1169.0806023399764"
"f6e475b80073f786418bdc59bdb64560c802eddb720e564932b6da3b04f9acbe","bf1ad070068839dec5410aaee93bc5acf28f4dff136efee6bdb73e4a79e35624","ramp_2","1","[0.05, null, 0.18, 1.02]","B_cold_start_closed_loop_v1_20260814","","","","","","5843","1168.322044079426"
"bb20bac18eb6c9ea4e39ee01729c1bd64ba6a270c0dd61a4060a9c45a3d38f8f","47337a4cbe4c489ac0bab62fa5231fb33339394684af4b0050934f925d17193f","ramp_3","1","[0.05, 0.005, 0.18, 1.02]","5axles","five_axis","caa95ee3926759a8683c3b411a8906a8616c324b897b12ecdaa577de4dfc1302","5.0","","","5938","1187.2101565541088"
"07bba5ceba5e2d380a17d2b6064807212a6193945446b58058538334882afeca","4578c1b337c332d53e887dd6196aba7f3069f769e4fe9987c58b54cabe333a1a","ramp_3","0","[0.05, null, 0.18, 1.02]","6axles","six_axis","2e3182561ba5e89c98d721a253abf5be43e49567568c38d74246acf3ab860f79","6.0","closed_loop_pcd_clearance","closed_loop_pcd_clearance","5937","1187.147594985416"
"450f7f92ac70148ccb7b428acd734beab02ffe036a66440046c2bd8cb8beadd5","11da1340b6d0c7d64e5e091431810d5d195a488d270270ee2b7aa71b0a0f3fff","ramp_3","1","[0.05, null, 0.18, 1.02]","6axles","six_axis","d46c9e86aea3de5c8e980dc8c9c47b3c646827643d17e3495dd2c25c5ef1f91a","6.0","","","5938","1187.2086411548203"
"46d11fc1b7cb1895b4ad884b5cd9f59fb212490262b89162830a030b148cd19c","bdbfd3974b302da3d3aebb4799edb19eb5015b911e5b5e3f23322de01a5dfeaa","ramp_3","1","[0.05, null, 0.18, 1.02]","6axles","six_axis","2e3182561ba5e89c98d721a253abf5be43e49567568c38d74246acf3ab860f79","6.0","","","5937","1187.1471151451985"
"0c0fe11a828b35ea8564c16e27e384d28657aabfce026ec0e16ee77425f1e117","4d5ee882d6ebb62e9cf79e8402015d22c05c1121311316d51d1c0802f2da9a73","ramp_6","1","[0.05, null, 0.18, 1.45]","5axles","five_axis","ee1b968983f0d0d8305b5afc24afd9ea65d17027e1bebdab5f8bd2dae19edfc5","5.0","","","6734","1344.7376956598873"
"3f80cb17e1243bd786fbc435193ba76e6ace832a4ee09304cd09ae80de1a0aa8","057b45599d96b806346a2ac7b7f99d134ec978bd804815f10f7d2648b04d73c2","ramp_6","1","[0.05, 0.005, 0.18, 1.02]","5axles","five_axis","caa95ee3926759a8683c3b411a8906a8616c324b897b12ecdaa577de4dfc1302","5.0","","","6978","1395.3343409146994"
"6d5e599d3f1ac4859818a2807d7b233bf82b25fab31412face1c7b95237584d7","424da108a340d342ec52cfad334948f2966db80efc6975349a336a50facb4198","ramp_6","1","[0.05, null, 0.18, 1.3]","5axles","five_axis","ee1b968983f0d0d8305b5afc24afd9ea65d17027e1bebdab5f8bd2dae19edfc5","5.0","","","6734","1344.7376956598873"
"7ac9c4b1eef73b88404b8a57ddfe21ad4b53f8233197d3cc9e5dfd2c8dee76d8","28e7fd2d424eab8dff0c4734524eae10bc8ee7dd77a1252d1c685806cf9e6d2c","ramp_6","1","[0.05, null, 0.18, 1.45]","5axles","five_axis","ee1b968983f0d0d8305b5afc24afd9ea65d17027e1bebdab5f8bd2dae19edfc5","5.0","","","6734","1344.7376956598873"
"83968b2eeeaee3d5c103a1e0bed3242bff7d80f8901f7ca4766bbe42dce0f636","a1ca1518a98c9ccb9bba4a672d005b34d0409a54fe490d877bf348454d524c3d","ramp_6","1","[0.05, null, 0.18, 1.3]","5axles","five_axis","ee1b968983f0d0d8305b5afc24afd9ea65d17027e1bebdab5f8bd2dae19edfc5","5.0","","","6734","1344.7376956598873"
"8c349b1ac516d2daa76e46a7e46b93bfe1e4ad9d67707ea01fe6e6209ce12a83","122615e49b1413c708f4a8d525d7cda22ac5731f25f839cdb85be93cc668b8bd","ramp_6","1","[0.05, null, 0.18, 1.45]","5axles","five_axis","c55daff1b698d1f4e5430ac09daa62a4231411205564f579dcecdbf8da0aaefb","5.0","","","6734","1344.7376956598873"
"a9c1c69f5da32e0b203fa9f11fb60ab415beb6a36581c1f481ad98c27450e3dc","2eb31e0b5622141e01c7bc3d05fda39f309da9240d10b477c27d41fb55ec0320","ramp_6","1","[0.05, null, 0.18, 1.3]","5axles","five_axis","ee1b968983f0d0d8305b5afc24afd9ea65d17027e1bebdab5f8bd2dae19edfc5","5.0","","","6734","1344.7376956598873"
"b86e2819cfb4bb021d0721558fc006279198c114eb1bb0178f8cd3e55b29a0a5","1351391af47909b222ab1606b102d1d3a611dfd61147a8630da1516f9ddc11da","ramp_6","1","[0.05, null, 0.18, 1.45]","5axles","five_axis","ee1b968983f0d0d8305b5afc24afd9ea65d17027e1bebdab5f8bd2dae19edfc5","5.0","","","6734","1344.7376956598873"
"ccb3dce9fa9c1d20c97dd219e6097d0e324f8ac173a1cc0edb083dded8f22536","28a49dcc44fe58f8f784f1913b4e10ee78fa9a8474a6658a078cfb14d04ed15d","ramp_6","1","[0.05, null, 0.18, 1.45]","5axles","five_axis","c55daff1b698d1f4e5430ac09daa62a4231411205564f579dcecdbf8da0aaefb","5.0","","","6734","1344.7376956598873"
"dcc2377cb13ca44d0881854607e9f87c56f7fca52f061908a8b5747dca965b22","9e440014634d9e0ea182cf53e1ea46629dc8e579d850868525e0d993c0188ef6","ramp_6","1","[0.05, null, 0.18, 1.45]","5axles","five_axis","c55daff1b698d1f4e5430ac09daa62a4231411205564f579dcecdbf8da0aaefb","5.0","","","6734","1344.7376956598873"
"e28716bc92178fa2797881f3161701adc6019420a49255abba5fb57cc82ce554","2ff816aef27f164f1b9897966d2196682bbd857aefcf6a099cbc4363b4fdc03e","ramp_6","1","[0.05, null, 0.18, 1.45]","5axles","five_axis","ee1b968983f0d0d8305b5afc24afd9ea65d17027e1bebdab5f8bd2dae19edfc5","5.0","","","6734","1344.7376956598873"
"e390e161ab04bccfd1e12f8c92e78c8de32e58a665de3425062d44b93bd1857b","13f927bc52a67533741d8f5aa8d442298e6767f1deb766368b2beccc4cc38de4","ramp_6","1","[0.05, null, 0.18, 1.45]","5axles","five_axis","c55daff1b698d1f4e5430ac09daa62a4231411205564f579dcecdbf8da0aaefb","5.0","","","6734","1344.7376956598873"
"e7a19d8bc7cef4fc0dd439593982e3d05cd1908e50ec825a7ebdf221fab23efa","d8c9a2835f44a261d1f19fffd184f0df7b4520090599873743fca6d16abf50e8","ramp_6","1","[0.05, null, 0.18, 1.45]","5axles","five_axis","ee1b968983f0d0d8305b5afc24afd9ea65d17027e1bebdab5f8bd2dae19edfc5","5.0","","","6734","1344.7376956598873"
"12931bb3212fd0f37e728381fd10dcc66bdf9b80a3acc7eb23084bff5e60788c","a02e20065e96312ce82a9907df17d3db71abae5b3ae02d6b7349cd3c0c6f27c3","ramp_6","0","[0.05, null, 0.18, 1.02]","6axles","six_axis","2e3182561ba5e89c98d721a253abf5be43e49567568c38d74246acf3ab860f79","6.0","closed_loop_heightmap_footprint|closed_loop_pcd_clearance|maximum_tire_utilization","closed_loop_heightmap_footprint|closed_loop_pcd_clearance|maximum_tire_utilization","6731","1345.984781938301"
"65c3b39a8f9fdf5b1e120230ea7a548824c0cf0537eb813a6f97aa608bc826d8","4536dc3b64a7287ab977ee7216de6460c92c84f00cd9154b8b561823c2d343a4","ramp_6","0","[0.05, null, 0.18, 1.02]","6axles","six_axis","2e3182561ba5e89c98d721a253abf5be43e49567568c38d74246acf3ab860f79","6.0","closed_loop_heightmap_footprint|closed_loop_pcd_clearance","closed_loop_heightmap_footprint|closed_loop_pcd_clearance","6731","1345.9948946150007"
"694acd852705a1ceb42ffe77566baff923cc49655d9344e148a602a7ba02148d","03f5da8000b5c2884c0445dc5bf20570e4cc93fa7cfe0eba713601f45fd8a731","ramp_6","0","[0.05, null, 0.18, 1.02]","6axles","six_axis","2e3182561ba5e89c98d721a253abf5be43e49567568c38d74246acf3ab860f79","6.0","closed_loop_heightmap_footprint|closed_loop_pcd_clearance","closed_loop_heightmap_footprint|closed_loop_pcd_clearance","6732","1345.9953223013763"
"85be2be31e759c185b4ff76bc6c6336fa6b2de5ffbf4683caa71010e27ed299d","082133098d6e24647289f56c6e937b90c71c855ce9d303ff18777eeb0e8cf38d","ramp_6","0","[0.05, null, 0.18, 1.02]","6axles","six_axis","2e3182561ba5e89c98d721a253abf5be43e49567568c38d74246acf3ab860f79","6.0","closed_loop_heightmap_footprint|closed_loop_pcd_clearance|maximum_slip_ratio|maximum_tire_utilization","closed_loop_heightmap_footprint|closed_loop_pcd_clearance|maximum_slip_ratio|maximum_tire_utilization","6732","1346.0019030964897"
"8851e0c175705c19768ef208de57c24bb387a098e8fd6ff4da755c098af6b34d","549db2302f894a57243b0bf91a7c59b73163a6f2778d9a45397ce6514be46927","ramp_6","0","[0.05, null, 0.18, 1.02]","6axles","six_axis","2e3182561ba5e89c98d721a253abf5be43e49567568c38d74246acf3ab860f79","6.0","closed_loop_heightmap_footprint|closed_loop_pcd_clearance","closed_loop_heightmap_footprint|closed_loop_pcd_clearance","6727","1345.1973130578283"
"8b99d47b4e2a0a953250277c58931b43e4517736c275968268accf9f18bfe708","aaac3382a0880116bc4c5b137001147b07638023b2bb112ffb858704f7daeab9","ramp_6","0","[0.05, null, 0.18, 1.02]","6axles","six_axis","2e3182561ba5e89c98d721a253abf5be43e49567568c38d74246acf3ab860f79","6.0","closed_loop_heightmap_footprint|closed_loop_pcd_clearance|route_not_completed","closed_loop_heightmap_footprint|closed_loop_pcd_clearance|route_not_completed","6732","1345.9953223013763"
"c016ff7be1771d0717c1762d7dfc66c8af515442abe67da285989f9a699d1b5a","a6836feea756762c24051279a7e480339c68267298bd04da00e11f15298e9b99","ramp_6","0","[0.05, null, 0.18, 1.02]","6axles","six_axis","2e3182561ba5e89c98d721a253abf5be43e49567568c38d74246acf3ab860f79","6.0","closed_loop_heightmap_footprint|maximum_tire_utilization","closed_loop_heightmap_footprint|maximum_tire_utilization","6727","1345.173760777447"
"c7100f4a7cf541c2286dc03f31cd0b594f36139fb1c113cc18592a9151fa7869","905c666012ed2148d86170025659973ad9d19b93cdd4352f936aa5c37928bc53","ramp_6","0","[0.05, null, 0.18, 1.02]","6axles","six_axis","2e3182561ba5e89c98d721a253abf5be43e49567568c38d74246acf3ab860f79","6.0","closed_loop_heightmap_footprint|maximum_tire_utilization","closed_loop_heightmap_footprint|maximum_tire_utilization","6727","1345.173760777447"
"de03bccba49e65a90d6bcc661359230ad0d731cd7cde48296f7b5fb7defb0e24","2ddcb9b9f90149b9afd1786e80807443bf6adf74a00e08d02e1c072e72ce909e","ramp_6","0","[0.05, null, 0.18, 1.02]","6axles","six_axis","2e3182561ba5e89c98d721a253abf5be43e49567568c38d74246acf3ab860f79","6.0","maximum_tire_utilization","maximum_tire_utilization","6727","1345.173760777447"
"dd7c3970d4b93e88778d68f5182795b4de768034a51ccccbc32178eb472c80ac","f758d7365c1774f0d1f21b93dfc397df3a4ce00b63a13f414c178ff8efde29ba","ramp_6","1","[0.05, null, 0.18, 1.02]","6axles","six_axis","2e3182561ba5e89c98d721a253abf5be43e49567568c38d74246acf3ab860f79","6.0","","","6727","1345.173760777447"
"ed82490b23ad0991f92ca16ce47c7c40b1f2bc24b0620228840f16e4ef537a9e","bb63ebbc287741cad16ef76768c38b8b3a3d9a5d3057d7c0fa3b24f3069ff64a","ramp_6","1","[0.05, 0.005, 0.18, 1.02]","6axles","six_axis","d46c9e86aea3de5c8e980dc8c9c47b3c646827643d17e3495dd2c25c5ef1f91a","6.0","","","6964","1392.4221014560371"
"2e5ad28ad354997f24cdce860f77c11badb90b41f9805be345265d26fedd5a91","cbb060bebfa0a7731d6a28170db85f052f1cd836ab20bda090dc998bb13ddcab","turnaround_1","0","[0.05, null, 0.18, 1.02]","5axles","five_axis","ee1b968983f0d0d8305b5afc24afd9ea65d17027e1bebdab5f8bd2dae19edfc5","5.0","maximum_slip_ratio","maximum_slip_ratio|maximum_tire_utilization","1228","245.30488462385864"
"696439d90733d10738fe5aed6ce54d0bf8f778cc9f6dd9971ec2f3443cdfa6fa","3b962d37397eaed8b311725730c799cb94a5724989e58194ad54414404033e8d","turnaround_1","0","[0.05, null, 0.18, 1.02]","6axles","six_axis","2e3182561ba5e89c98d721a253abf5be43e49567568c38d74246acf3ab860f79","6.0","closed_loop_pcd_clearance","closed_loop_pcd_clearance","1375","274.6656011571941"
"a55dd0d77d46d978d1e5b6d7f0094f8c0304df964d2fd44f76c2706f67a6ff68","3b4532d13b947aee15a15d3f0a1e03b1f6b2c53d4a5dce6f68296645041d665f","turnaround_1","0","[0.05, null, 0.18, 1.02]","6axles","six_axis","2e3182561ba5e89c98d721a253abf5be43e49567568c38d74246acf3ab860f79","6.0","closed_loop_pcd_clearance","closed_loop_pcd_clearance","1375","274.6656011571941"
"cc79f4560be9d2783c29ea77cd2f4412a01763ccead4d0d7b0f86960ccdfe692","f8dca3febaa45fd33f0213cc3e775550cb87d9d89a03ab3cedc9c4ea130d333e","turnaround_1","0","[0.05, null, 0.18, 1.02]","6axles","six_axis","2e3182561ba5e89c98d721a253abf5be43e49567568c38d74246acf3ab860f79","6.0","closed_loop_pcd_clearance","closed_loop_pcd_clearance","1406","280.82383718695104"
"02bb119ad1bc39f2ab6039ec75d859ad39bd23e6be4ac8d8e1a0a016398e4b1f","02b7162d8d8bab7a8047ddd01d15cdbc93f995b22d64d3379a67772d2de8fc0a","turnaround_1","0","[0.05, null, 0.18, 1.02]","official_physics_p5_turnaround1_recalibrated_icr_20260816","","","","closed_loop_pcd_clearance|maximum_slip_ratio","closed_loop_pcd_clearance|maximum_slip_ratio","1228","245.30488462385864"
"03899cb43920e5c0741968572fca0fb438a7da2139b4813e6abf6122f05ba172","f90456e58f4d322e53152aa32c921f5ee21170c22d35e70981ff4ff5e254e35d","turnaround_1","0","[0.05, null, 0.18, 1.02]","unified_special_turnaround_cert_v6_20260815","","","","closed_loop_pcd_clearance|maximum_slip_ratio","closed_loop_pcd_clearance|maximum_slip_ratio","1228","245.30488462385864"
"0b4e01483d06080e4afc2c23f0a7ab0c65694ac5f4798e7c5f0bc8fe1d39a22d","798490c1f403ede4605a085636c2e1d6936e727087d2ecabd477dc639452c7da","turnaround_1","0","[0.05, null, 0.18, 1.02]","official_physics_p5_turnaround1_icr_action_scan_20260816","","","","closed_loop_pcd_clearance","closed_loop_pcd_clearance","1228","245.30488462385864"
"1b1af284fdd2960c5fb9f097650581384602685971b9f14fcb34dbff1b237b64","0bb4fa05e0a68ab9b2ab9faf133c7a23520e342890b0c3fb6e0689b5597017ca","turnaround_1","0","[0.05, null, 0.18, 1.02]","p5_turnaround1_unfrozen_body_v9_20260812","","","","closed_loop_heightmap_footprint|closed_loop_pcd_clearance|closed_loop_txt_clearance","closed_loop_heightmap_footprint|closed_loop_pcd_clearance|closed_loop_txt_clearance","1228","245.30488462385864"
"1bdcf34233f7c4095b7541f16f80a671d9efc53905abbeb6a7b29b9008d0afec","7b58c2a607ae880004e1f45eef7feee4c46cb710aec725f56d175453864d8cd6","turnaround_1","0","[0.05, null, 0.18, 1.02]","p5_turnaround1_unfrozen_body_v9_20260812","","","","closed_loop_heightmap_footprint|closed_loop_pcd_clearance|closed_loop_txt_clearance","closed_loop_heightmap_footprint|closed_loop_pcd_clearance|closed_loop_txt_clearance","1228","245.30488462385864"
"1c7fe2ada7e0b8d3fd5b1a0144fb110c732a26de7493f07f58840effce35972c","2628fb85cf98f50c5b255f093df9298dfe2b5704933074afc204f796c34d9504","turnaround_1","0","[0.05, null, 0.18, 1.02]","B_cold_start_relaxed_remaining4_20260815","","","","closed_loop_heightmap_footprint|closed_loop_pcd_clearance|maximum_slip_ratio|maximum_tire_utilization","closed_loop_heightmap_footprint|closed_loop_pcd_clearance|maximum_slip_ratio|maximum_tire_utilization","1296","258.88716774686895"
"247f70233a1c0d1ed4a522ee5ac79811c1f5ae6e03420668e37f5fa8c1e29e7e","40c66d0233c173c9ecaea23574da03b2be10116c85c207bf6f95f5a395a3355c","turnaround_1","0","[0.05, null, 0.18, 1.02]","unified_special_turnaround_cert_v7_20260815","","","","closed_loop_pcd_clearance|maximum_slip_ratio","closed_loop_pcd_clearance|maximum_slip_ratio","1228","245.30488462385864"
"2de3736d4ae7932557d2e8f4a437522fd971275e7a46993c690e1dd64898a01f","9b071aec1ca86e08e3dbc5129798d38259d1dbe832fa00ab6b7d6e572e57f510","turnaround_1","0","[0.05, null, 0.18, 1.02]","turnaround_rank2_speed080_v11_20260815","","","","closed_loop_pcd_clearance","closed_loop_pcd_clearance","1228","245.30488462385864"
"2e6c3f99a68b009f33b82bc16d78178669e6f34fcb6acbb6869b5e406a12d1bc","4a51eecb0f1eded2e9dda908dbb14bf0254a0e01fa511dff7d9aec9db32fe2a6","turnaround_1","0","[0.05, null, 0.18, 1.02]","B_cold_start_relaxed_remaining4_20260815","","","","closed_loop_heightmap_footprint|closed_loop_pcd_clearance","closed_loop_heightmap_footprint|closed_loop_pcd_clearance","1228","245.30488462385864"
"2ee6c57b0458119e383a968c87ffa60bed1559b95ee5e2faa78b429fe8be3e3e","30ad97898b042f695f255614b60f9fe4aef0b9cb94ee5bc51703a77b7a50c546","turnaround_1","0","[0.05, null, 0.18, 1.02]","unified_special_turnaround_cert_v4_20260815","","","","closed_loop_pcd_clearance|maximum_slip_ratio","closed_loop_pcd_clearance|maximum_slip_ratio","1228","245.30488462385864"
"2f53779524678f0132f6912cebdfd504e51eac6faab7e08c6aee9e00606ace29","d4bfd07fa51f9f2faebef4f51b360e383132d854d92bcde4f3294a6f439c1edc","turnaround_1","0","[0.05, null, 0.18, 1.02]","unified_special_turnaround_multirank_v9_20260815","","","","closed_loop_pcd_clearance|maximum_slip_ratio","closed_loop_pcd_clearance|maximum_slip_ratio","1228","245.30488462385864"
"3636e9c055fabb2c207be039cdd8d134c19d9712af5161203ad082b332235759","205528f5d0480445eaf42ece744ab92c0744487723cc744783a9b2ca421cd3a8","turnaround_1","0","[0.05, null, 0.18, 1.02]","turnaround_rank2_speed080_feedback_cert_v13_20260815","","","","closed_loop_pcd_clearance","closed_loop_pcd_clearance","1228","245.30488462385864"
"3a4e5adf8061bf5c0853a21ffce320904f0f5b8c524caf369bd00af7cb861ad5","6cda67d8aaf12fbf3190dc64f9e4d8e287d1ac69d1924ea7304bb344110979bf","turnaround_1","0","[0.05, null, 0.18, 1.02]","official_physics_p5_turnaround1_icr_action_scan_20260816","","","","closed_loop_pcd_clearance|maximum_slip_ratio","closed_loop_pcd_clearance|maximum_slip_ratio","1228","245.30488462385864"
"3d69946896afaacc47bc707452581974d73dc97576e0b1389c66e22443b40d04","4ae586eae8575ec5329a22e3af64455bbccf94d81f9a87faaf25c8a397951cb8","turnaround_1","0","[0.05, null, 0.18, 1.02]","turnaround_rank2_speed080_feedback_cert_v12_20260815","","","","closed_loop_pcd_clearance","closed_loop_pcd_clearance","1228","245.30488462385864"
"3e22052326e8e6c0fd2dde537ff7855b59e2d783a1d158c5826d1d957842a3cc","8419bd0d77b7744bc87330a3a2a649ad246853c4bd8ecf14ff2382246a7a1ffd","turnaround_1","0","[0.05, null, 0.18, 1.02]","official_physics_p5_turnaround1_icr_20260816","","","","closed_loop_pcd_clearance|maximum_slip_ratio","closed_loop_pcd_clearance|maximum_slip_ratio","1228","245.30488462385864"
"45eac818c0247c5a1f9c987b8e7bf3679f26d236295596fa9020b5fb31e95d3b","e8e8bed80d684ca64e0352dbc90cd6b214f421a6a1e7724b3a01ffd0e8fa8cf3","turnaround_1","0","[0.05, null, 0.18, 1.02]","official_physics_p5_turnaround1_hybridA_icr08_20260816","","","","closed_loop_pcd_clearance","closed_loop_pcd_clearance","1228","245.30488462385864"
"463216be8bba872e9705c501309fdbe9b71949dbc097d5176690df066fef57b7","8b00c3cec7f9d6a9dfaa1a4f10cc4ba93e97f8b923b730f15e4faf73e59b1e81","turnaround_1","0","[0.05, null, 0.18, 1.02]","p5_turnaround1_icr_phase_feedback_v8_20260812","","","","closed_loop_heightmap_footprint|closed_loop_pcd_clearance","closed_loop_heightmap_footprint|closed_loop_pcd_clearance","1228","245.30488462385864"
"50ab5c4c2e2dc94be0f0b7886899f0d9cd9eb87346dfadf7b1a5209dae3aec67","76b3d19c3af9c40d08c22c28c6e04c1af9129923662e7fdd1d34e0787d2610f4","turnaround_1","0","[0.05, null, 0.18, 1.02]","official_physics_p5_turnaround1_recalibrated_icr_20260816","","","","closed_loop_pcd_clearance","closed_loop_pcd_clearance","1228","245.30488462385864"
"5e5d2f42e12fdba8506f25eb86fb57650e8302e88bbab0b59ad13c8bae2e4b33","bcc0cb594a68f9ba496fe98ad11b4c2a643f397e3efdbdfb18a19e12b3ba6917","turnaround_1","0","[0.05, null, 0.18, 1.02]","unified_special_turnaround_multirank_v9_20260815","","","","closed_loop_pcd_clearance|maximum_slip_ratio","closed_loop_pcd_clearance|maximum_slip_ratio","1228","245.30488462385864"
"5f1f4f33b30609b47f898953f6b85bf603b3511333b109e63ce7ed7b03945c2e","8b30292c25cf886ee0bf8f5f1c7802e2a533388f289f1c01ad1dde5e3945923e","turnaround_1","0","[0.05, null, 0.18, 1.02]","official_physics_p5_turnaround1_icr_action_scan_20260816","","","","closed_loop_pcd_clearance|maximum_slip_ratio","closed_loop_pcd_clearance|maximum_slip_ratio","1228","245.30488462385864"
"7a3a0279d64e6bc1971b4327867ea6ce279386cfd1566167734ac93231439b1c","fbf75fa10d5fedef4d0bb7beca8ea6d7f12717880020a7fa19b25b09e1a5667d","turnaround_1","0","[0.05, null, 0.18, 1.02]","unified_special_turnaround_cert_v2_20260815","","","","closed_loop_heightmap_footprint|closed_loop_pcd_clearance|maximum_slip_ratio|maximum_tire_utilization","closed_loop_heightmap_footprint|closed_loop_pcd_clearance|maximum_slip_ratio|maximum_tire_utilization","1228","245.30488462385864"
"84fcf66870aedbf4fd376805fa4c8bd22b9fff4349a425be491b454fd8aaece6","7be60ab698aec6120e862ed8e1b7bb5e6f62f9ecc1b0bf2a30b3260b0854b591","turnaround_1","0","[0.05, null, 0.18, 1.02]","unified_special_turnaround_cert_v8_20260815","","","","closed_loop_pcd_clearance|maximum_slip_ratio","closed_loop_pcd_clearance|maximum_slip_ratio","1228","245.30488462385864"
"89cf8ceb4adb848659879bd38d4d6d68485c681b925c9ffa0db19ba156331a91","a1e270f96f7ed143c0cdb0ffacff7e1ebd9947975c92db3522ee77fc271efb27","turnaround_1","0","[0.05, null, 0.18, 1.02]","A_hybrid_telemetry_refine_20260816_v1","","","","closed_loop_pcd_clearance|maximum_slip_ratio","closed_loop_pcd_clearance|maximum_slip_ratio","2035","244.6421827189667"
"8a48bcd4bec2fb6d0346fb54dfe21749b63906df641abadd45d4b6027fec2e9d","06176e09de4e7b2a0c6cda4412dd9e9344a95bb53e1faecee5359256d50519ce","turnaround_1","0","[0.05, null, 0.18, 1.02]","p5_turnaround1_closed_loop_feedback_v6_20260812","","","","closed_loop_heightmap_footprint|closed_loop_pcd_clearance|closed_loop_txt_clearance|maximum_slip_ratio","closed_loop_heightmap_footprint|closed_loop_pcd_clearance|closed_loop_txt_clearance|maximum_slip_ratio","1228","245.30488462385864"
"8adc7300bad934c5e2b490b5a9584a23c3f046cc31f2dedc8dcafa01f0fd1931","eef4b10756319e13f847235c9805dfc052ec240c3be965e8e24dbc6188549d3c","turnaround_1","0","[0.05, null, 0.18, 1.02]","p5_turnaround1_icr_phase_feedback_v8_20260812","","","","closed_loop_heightmap_footprint|closed_loop_pcd_clearance|closed_loop_txt_clearance|maximum_slip_ratio","closed_loop_heightmap_footprint|closed_loop_pcd_clearance|closed_loop_txt_clearance|maximum_slip_ratio","1228","245.30488462385864"
"900a3e1d8475bc53933af084f2e2e7fdfc3bf2dcb7f65380eb26ce1eb023f204","9bf82bdc04524e226cebe10e4eddc3a41b69e6f22f13747cacd970a123d82391","turnaround_1","0","[0.05, null, 0.18, 1.02]","B_cold_start_relaxed_remaining4_20260815","","","","closed_loop_heightmap_footprint|closed_loop_pcd_clearance|maximum_slip_ratio|maximum_tire_utilization","closed_loop_heightmap_footprint|closed_loop_pcd_clearance|maximum_slip_ratio|maximum_tire_utilization","1296","258.84340871236475"
"9a64633f99c37efe0641d82ffb672b080d5b50d60837a1e96881833bc028ab77","70b4bfd6edec4e8e246824a6ab9098c818ae1fd4803116136cfbeb839a909aa6","turnaround_1","0","[0.05, null, 0.18, 1.02]","unified_special_turnaround_cert_v3_20260815","","","","closed_loop_heightmap_footprint|closed_loop_pcd_clearance|maximum_slip_ratio|maximum_tire_utilization","closed_loop_heightmap_footprint|closed_loop_pcd_clearance|maximum_slip_ratio|maximum_tire_utilization","1228","245.30488462385864"
"9b2ec79a18825aafbcc7251d77ce96b472f7115b438644e3364d53b85bee8271","77fe46f8949569936cb0037f45b619abc16cd4f04b079de009fba720e3dcf8ad","turnaround_1","0","[0.05, null, 0.18, 1.02]","official_physics_p5_turnaround1_icr_action_scan_20260816","","","","closed_loop_pcd_clearance","closed_loop_pcd_clearance","1228","245.30488462385864"
"a6da5054b9f0daacdcfbba132f1ac655c25bbb39984f243a02f69589507f9980","426d781efb370bf1833b4baa2c783ba0d7a4a18de342359b1641e7c1f401a948","turnaround_1","0","[0.05, null, 0.18, 1.02]","p5_turnaround1_closed_loop_feedback_v6_20260812","","","","closed_loop_heightmap_footprint|closed_loop_pcd_clearance|closed_loop_txt_clearance","closed_loop_heightmap_footprint|closed_loop_pcd_clearance|closed_loop_txt_clearance","1228","245.30488462385864"
"a7a90e9228e327e2f309c3124f9fd61747bb5a0518aeb646dbea97792472811c","e0c7998863d57a7f11c43707a6c1269cbc47ea15a0ff64fcf2da8e1e73a93789","turnaround_1","0","[0.05, null, 0.18, 1.02]","official_physics_p5_turnaround1_hybridA_icr08_20260816","","","","closed_loop_pcd_clearance","closed_loop_pcd_clearance","1228","245.30488462385864"
"b1e5e7fb5b745bfa5634c4d3b7810b526de302eb535ed9f31fe5905ce9926561","7e70a2f64ce1e91c9bf2b67689560d8f59daf9bf4b301c6af45f5da1ddb06d6c","turnaround_1","0","[0.05, null, 0.18, 1.02]","official_physics_p5_turnaround1_icr_20260816","","","","closed_loop_heightmap_footprint|closed_loop_pcd_clearance|maximum_slip_ratio","closed_loop_heightmap_footprint|closed_loop_pcd_clearance|maximum_slip_ratio","1293","258.25464421326933"
"d0157bc88f023fe2fd3412c6605c0f245af6854fccd2fa30049b04b3f8393cbc","5166786141a44f611d4c1f70cf1aedf0c109dea0d9c137904d49f99bdb6b687d","turnaround_1","0","[0.05, null, 0.18, 1.02]","official_physics_p5_turnaround1_icr_action_scan_20260816","","","","closed_loop_pcd_clearance|maximum_slip_ratio","closed_loop_pcd_clearance|maximum_slip_ratio","1228","245.30488462385864"
"daee42ce796986cd2d9de454d44b505b0aba615e552ae4b390d72ac9073327ec","6405378b4c9b9caa6d2436f1badceccae582ed58d8bd7cf4e10ca664ea024240","turnaround_1","0","[0.05, null, 0.18, 1.02]","B_cold_start_relaxed_remaining4_20260815","","","","closed_loop_heightmap_footprint|closed_loop_pcd_clearance","closed_loop_heightmap_footprint|closed_loop_pcd_clearance","1228","245.30488462385864"
"dbc6e772cd4c41ba908b39b05d6f9f2c7e1f0bfa4e947967f7d6fc865515ae8e","29b7a8e03ac4bb406923ad073c40898b3f290f746829f2e40c89e3202dc11fe2","turnaround_1","0","[0.05, null, 0.18, 1.02]","unified_special_turnaround_multirank_v9_20260815","","","","closed_loop_pcd_clearance|maximum_slip_ratio","closed_loop_pcd_clearance|maximum_slip_ratio","1228","245.30488462385864"
"e75eeb05d1ebe81296a26b20a7042768831f96519057c6d6eaf0dcdfd53ec980","1943a50fd3753a5f8d0e675bc10f2d73d39a5b5549a23536e3b487739af21342","turnaround_1","0","[0.05, null, 0.18, 1.02]","official_physics_p5_turnaround1_icr_action_scan_20260816","","","","closed_loop_pcd_clearance","closed_loop_pcd_clearance","1228","245.30488462385864"
"e78513dd75040a0d7b5adfec5968adcadbbe8c0cf12cb3eaaa0680bed8963d1c","8db451f0c6ee47ad713218a7c25c462e66b151d26976834d51747785fd100d18","turnaround_1","0","[0.05, null, 0.18, 1.02]","official_physics_p5_turnaround1_recalibrated_icr_20260816","","","","closed_loop_pcd_clearance","closed_loop_pcd_clearance","1228","245.30488462385864"
"f487c956a8e28a7b92445b8f395a7ba6f83b9dd95457275b15883cc02862195f","e196a395d962ef1a14922ba18fac288bfe9a07988ae7fb9f77f01b1e809df9e5","turnaround_1","0","[0.05, null, 0.18, 1.02]","B_cold_start_relaxed_remaining4_20260815","","","","closed_loop_heightmap_footprint|closed_loop_pcd_clearance|maximum_slip_ratio|maximum_tire_utilization","closed_loop_heightmap_footprint|closed_loop_pcd_clearance|maximum_slip_ratio|maximum_tire_utilization","1296","258.8651994719391"
"f869a16f49b7ecc82d42af9a7e526894788ebbf634b4a9689b35e9b2edf142f6","e7d8b77616fac7d0c879d11e944e954b434431907e2a878a2b7e181d43f91de6","turnaround_1","0","[0.05, null, 0.18, 1.02]","B_cold_start_relaxed_remaining4_20260815","","","","closed_loop_pcd_clearance|maximum_slip_ratio","closed_loop_pcd_clearance|closed_loop_txt_clearance|maximum_slip_ratio","1228","245.30488462385864"
"f90d7b7f026335e8a803ed5e021a2df1aa946a93bd67efeaa65b4b460198e4c2","000c51e3ec65f9d3393ece78aea53303c6a9fe3dd65175ae49d254b0d5034b22","turnaround_1","0","[0.05, null, 0.18, 1.02]","official_physics_p5_turnaround1_hybridA_icr08_20260816","","","","closed_loop_pcd_clearance|maximum_slip_ratio","closed_loop_pcd_clearance|maximum_slip_ratio","1228","245.30488462385864"
"473cb8c6e4ede5cbd1f2893d9da3e0260076caf3df976ad72bd31d55b8b5baa1","8c71cf17530bb6a31bc561fb701f29709d7fdab434f7eedda6515335d74eb2c5","turnaround_1","1","[0.05, null, 0.18, 1.02]","official_physics_p5_turnaround1_hybridA_icr08_20260816","","","","","","1228","245.30488462385864"
"4f5ab84c2bb8f482cd6d42a025f18d1c6c859987642c7b50ff78b327b1f9a8d1","4446d5e79893a9e873b38ea0367743422b26e73bac28fd62cb651c84367d1955","turnaround_1","1","[0.05, null, 0.18, 1.02]","official_physics_p5_turnaround1_hybridA_icr08_20260816","","","","","","1228","245.30488462385864"
"98c1469eb2dfa5da347bedf90c0a8ed7ac7ceded32b591afd4f25a0bb0197a20","844fae11f616c76ca7a7abd944293e8a9692f895bfff8fb4f3cf14311332cf7a","turnaround_1","1","[0.05, null, 0.18, 1.02]","official_physics_p5_turnaround1_recalibrated_icr_20260816","","","","","","1228","245.30488462385864"
"9c1d7eada9e35b26125bcd4fa0bf8da459589496f7dfad61c5128d58ac33c158","85a1621a0c08daec63dea8f3efd80364018291b702b03fb943ccfa252cc48e88","turnaround_1","1","[0.05, null, 0.18, 1.02]","turnaround_rank2_speed080_feedback_cert_v14_20260815","","","","","","1228","245.30488462385864"
"b48d2b1ca623a491806a2783615d3f3e31193f32da1f0490cd87e5e92fa350f2","a991b979d5fc5ce1a6b300e55ae9ecd84bc1f5f7bd00e6f5b061ec99f7c096a8","turnaround_1","1","[0.05, null, 0.18, 1.02]","official_physics_p5_turnaround1_hybridA_icr08_20260816","","","","","","1228","245.30488462385864"
"d8315a7dbd3f476e43d115f6637876e3e9452a90f3dc22de7bd1f83929f6a259","d4c8838889ce4c97aeb0f49fe10101fae279354eeb96386c9b9b2949b423658c","turnaround_1","1","[0.05, null, 0.18, 1.02]","official_physics_p5_turnaround1_hybridA_icr08_20260816","","","","","","1228","245.30488462385864"
"e2dfedfbb78e9d87026acd15efe44cd6946df6e027c97d0b68810ee75d291749","95098683941f080f2ef324067cb6548718139bf4533a654b1c7a4b0916641d19","turnaround_1","1","[0.05, null, 0.18, 1.02]","official_physics_p5_turnaround1_hybridA_icr08_20260816","","","","","","1228","245.30488462385864"
"55dab23a7cddbd3440ccb55908674cbbf750baab14ac4c2346afc8b669563b8a","93f2c0a7451d8347048851b86fe8a3b03cef51f5255a7cec1508f4fee0ba03cb","turnaround_2","0","[0.05, null, 0.18, 1.3]","5axles","five_axis","c55daff1b698d1f4e5430ac09daa62a4231411205564f579dcecdbf8da0aaefb","5.0","maximum_slip_ratio","maximum_slip_ratio","1769","370.69820983688857"
"be50638558fb5a7421da14ceeda6cc68bedafbfec12f96fe664b3274e685d515","38d63e87c04dae192233fe7baf2b155153eab26c45e7f16e60010bf7e1f507c5","turnaround_2","0","[0.05, 0.005, 0.18, 1.02]","5axles","five_axis","c55daff1b698d1f4e5430ac09daa62a4231411205564f579dcecdbf8da0aaefb","5.0","closed_loop_pcd_clearance","closed_loop_pcd_clearance","1818","363.2787242362103"
"d50387adba20e0fde0b1b38f2a1a9ac12d3e0bea053d0380b39335866019e204","4b4b33e8cf2d545b3917a47263dcafd392cc873f231ec3e1d4b29fa8675a1b1b","turnaround_2","0","[0.05, null, 0.18, 1.3]","5axles","five_axis","c55daff1b698d1f4e5430ac09daa62a4231411205564f579dcecdbf8da0aaefb","5.0","maximum_slip_ratio","maximum_slip_ratio","1769","370.69820983688857"
"e7c075441d782900d2867d5a7f13c11dcb80e75fd82928f0b393d6b0b4776864","f26444143e33f5b97c7d8562b90b45f8b75b7170282e1b8f9c646223e5486743","turnaround_2","1","[0.05, null, 0.18, 1.3]","5axles","five_axis","c55daff1b698d1f4e5430ac09daa62a4231411205564f579dcecdbf8da0aaefb","5.0","","","1769","370.69820983688857"
"cd3d7ad5a5a0455c3366104dc282c9f33088c4c0c1eae0e5151a76c4534fbe8d","d0f4f44f862e2a7a0a000f4d517a639050f1b2ec0e648c3af1047c2a9c9264ff","turnaround_2","0","[0.05, null, 0.18, 1.02]","6axles","six_axis","d46c9e86aea3de5c8e980dc8c9c47b3c646827643d17e3495dd2c25c5ef1f91a","6.0","closed_loop_pcd_clearance","closed_loop_pcd_clearance","1869","373.5801759478122"
"d94a8833054f2c954daa9a4ef6de0fd538cd5cfe74b40e3a36893e3cedeb50d2","0ebee5aa5b5e7bba2a55ddd20f74bac278f680e573c7416afbda024864d74b7f","turnaround_2","0","[0.05, null, 0.18, 1.02]","6axles","six_axis","2e3182561ba5e89c98d721a253abf5be43e49567568c38d74246acf3ab860f79","6.0","closed_loop_pcd_clearance","closed_loop_pcd_clearance","1769","370.69820983688857"
"d61cd86de757d36d10ca5c9ce6af9ba0ea9331fd544b9e19e7063adaba3ce0fc","02418651cc82e3112b0696f6f3d2d6393f194357ecb2fe754f18e09c6264fc96","turnaround_4","0","[0.05, null, 0.18, 1.02]","5axles","five_axis","c55daff1b698d1f4e5430ac09daa62a4231411205564f579dcecdbf8da0aaefb","5.0","closed_loop_pcd_clearance|maximum_slip_ratio|maximum_tire_utilization","closed_loop_pcd_clearance|maximum_slip_ratio|maximum_tire_utilization","1374","274.4746743758184"
"58a52134a260d41486b20613859a86c8d1a2ee041657c5df6c306e24088f2e18","c7f235ee350b47ec267f4996b20b8cfa9a9000f98de4cc0097d8f7b4cbbe198c","turnaround_4","0","[0.05, 0.005, 0.18, 1.02]","6axles","six_axis","d46c9e86aea3de5c8e980dc8c9c47b3c646827643d17e3495dd2c25c5ef1f91a","6.0","closed_loop_pcd_clearance|maximum_slip_ratio","closed_loop_pcd_clearance|maximum_slip_ratio","1374","274.4746743758184"
"ae77d3828164ad453f62b1a022770d78e36c36f42595f7bebf8ccea749eda7d5","48fdec32acd1d807b6f11e5a4dc2332da26dd5b6d78c872a4acced8b9a72d530","turnaround_4","0","[0.05, null, 0.18, 1.02]","6axles","six_axis","2e3182561ba5e89c98d721a253abf5be43e49567568c38d74246acf3ab860f79","6.0","closed_loop_pcd_clearance","closed_loop_pcd_clearance","1761","351.88217565839005"
