sample_id,route_file_sha256,map_id,route_id,label_status,true_label,vehicle_structure,vehicle_structure_evidence,vehicle_axis_count,source_machine,match_status,vehicle_configuration_fingerprint_summary,feature_version,feature_source,feature_missing_reason,route_length_m,point_count,sampling_spacing_mean_m,sampling_spacing_median_m,sampling_spacing_p95_m,curvature_mean_1pm,curvature_abs_mean_1pm,curvature_abs_max_1pm,curvature_abs_p50_1pm,curvature_abs_p90_1pm,curvature_abs_p95_1pm,curvature_abs_p99_1pm,curvature_change_abs_mean_1pm2,curvature_change_abs_max_1pm2,curvature_change_abs_p95_1pm2,slope_mean,slope_abs_mean,slope_abs_max,slope_abs_p95,slope_change_abs_mean_1pm,slope_change_abs_max_1pm,slope_change_abs_p95_1pm,speed_mean_mps,speed_max_mps,speed_p50_mps,speed_p90_mps,speed_p95_mps,speed_abs_curvature_product_mean_mpspm,speed_abs_curvature_product_p95_mpspm,lateral_accel_proxy_mean_mps2,lateral_accel_proxy_max_mps2,lateral_accel_proxy_p95_mps2,speed_abs_curvature_correlation,steer_abs_mean_rad,steer_abs_max_rad,steer_abs_p50_rad,steer_abs_p90_rad,steer_abs_p95_rad,steer_change_abs_mean_radpm,steer_change_abs_max_radpm,steer_change_abs_p95_radpm,yaw_rate_abs_mean_radps,yaw_rate_abs_max_radps,yaw_rate_abs_p95_radps,yaw_rate_change_abs_mean_radps_per_m,yaw_rate_change_abs_max_radps_per_m,yaw_rate_change_abs_p95_radps_per_m,static_left_clearance_min_m,static_right_clearance_min_m,static_boundary_clearance_min_m,window10m_max_mean_abs_curvature_1pm,window10m_max_mean_abs_steer_change_radpm,window10m_min_mean_left_clearance_m,window10m_min_mean_right_clearance_m,steering_source_dim
sample_00b5e5f5e994f4be2f62,76b3d19c3af9c40d08c22c28c6e04c1af9129923662e7fdd1d34e0787d2610f4,map_023,map_023,final,0,unknown,unknown,,RECOVERED_LOCAL_local,v3_exact_match,derived-1c6f954ff7dc8568,pathguard_preexec_v2.0.0,npz_pre_execution_arrays_only,,245.30488462385864,1228,0.19992248135603802,0.20000000000000107,0.20000000000001705,0.012791501032531693,0.01309276139734424,0.18507027037037282,3.398910693244688e-14,0.008714254235033254,0.17523277891285743,0.18235484243355737,0.0017595663868015304,0.038117719492128666,0.01317690503993074,0.0,0.0,0.0,0.0,0.0,0.0,0.0,19.151289672974713,36.847020580876176,20.395157266233767,33.94944489847378,36.33585614649373,0.03841976715288596,0.4745059044111624,0.11656044573810834,2.26496149758766,1.2730682905380788,-0.459872877666709,0.08661773085733031,0.984,3.547649100818716e-13,0.27929480215756775,0.9764496925711724,0.00802301884437251,0.2651788369481234,0.0754390438203768,0.037927236625083405,0.576304564468528,0.37326336716570707,0.0048224508626581505,0.10971061982446906,0.0292899003292542,2.4,2.4,2.4,0.17716936339773262,0.09452777119624269,2.3999999999999773,2.3999999999999773,12
sample_00bae321675e8f0241ef,cf26adb4025a77b6536fab9dbd27ae4295ccf2d6ade07ba84e6c7cb080dd2b28,map_011,map_011,final,0,unknown,unknown,,RECOVERED_LOCAL_local,v3_exact_match,derived-1c6f954ff7dc8568,pathguard_preexec_v2.0.0,npz_pre_execution_arrays_only,,923.821839348233,4621,0.19996143708836212,0.19999999999999574,0.20000000000004547,0.005580523556096282,0.009435797801707623,0.04396801234164937,0.005703646597801049,0.024970314266618995,0.03479314402896409,0.04140630572027259,0.0004672755813144426,0.004493954571230432,0.0017502840338707581,0.05112170274307129,0.05532287604005374,0.15686240410923347,0.0772639594947293,0.0010493533879983212,1.1938418609503758,0.0020478866566975007,21.673434056352832,35.26024264117308,20.517462784326607,30.15417387321776,32.054687850445966,0.16035523409795618,0.4781104306402311,2.833970522183024,7.000000470225751,6.8492640329957775,-0.6984335690908564,0.0,0.0,0.0,0.0,0.0,0.0,0.0,0.0,0.16035547832406485,0.5388223451261239,0.4781104306402311,0.007101583254533018,0.055548837550226215,0.02446072095925156,3.5414305886302233,3.7803552249739187,3.5414305886302233,0.041896573199209225,0.0,3.6430784900335045,3.829935178763734,12
sample_00dfaf0f03ccde511f8a,a1ca1518a98c9ccb9bba4a672d005b34d0409a54fe490d877bf348454d524c3d,map_022,map_022,final,1,five_axis,explicit,5,RECOVERED_LOCAL_local,v3_exact_match,ee1b968983f0d0d8,pathguard_preexec_v2.0.0,npz_pre_execution_arrays_only,,1344.7376956598873,6734,0.19972340645475825,0.1999999999999318,0.20004304934850553,-0.0008980841277320832,0.002582208504819935,0.02117193459994155,0.0010764654181746251,0.006508132258454825,0.008574908519494977,0.019523370161726377,0.00012037555026306421,0.014389321670352742,0.0005029964753419668,0.0,0.0,0.0,0.0,0.0,0.0,0.0,32.76451136626808,48.27027025239632,32.54515258960383,43.60980174978646,45.08422243308528,0.061912707061097534,0.18042472630106787,1.643559779316513,5.505637397122071,4.862933527654192,-0.6046741781661009,0.01581603653452226,0.1312248095408543,0.006534908404177723,0.03976992345735869,0.05252133564745249,0.0007286235550769719,0.08908572558052792,0.003074474389612847,0.061912707061097534,0.34104732123605597,0.18042472630106787,0.002860895149215225,0.23366759125355846,0.013552061749988659,2.5659917217651325,3.0150886339267657,2.5659917217651325,0.02000438759322287,0.021714211916375355,2.58179712666746,3.0230564537794136,10
sample_04121811e20e5ffb78ed,82f89a016233732642e20d176156567e404a1715f3e869e885e36789cdf5dbac,map_006,map_006,final,1,five_axis,explicit,5,RECOVERED_LOCAL_local,v3_exact_match,caa95ee3926759a8,pathguard_preexec_v2.0.0,npz_pre_execution_arrays_only,,273.6878654450602,1370,0.19991809017170212,0.19999999999999996,0.20000000000001705,-0.00018053158182630867,0.002133328274046004,0.01472324162058695,3.695903644235643e-07,0.0082894516376579,0.011567294345686341,0.013674125316513339,0.00016373839174027582,0.0049999976564836105,0.0007191198504769899,0.0,0.0,0.0,0.0,0.0,0.0,0.0,17.80610710373724,35.63130450412668,15.703221356565436,32.219679610498275,34.6497219447704,0.02301790638536907,0.11227919016050526,0.27531202821789774,2.551376980536258,1.4138079999368893,-0.48021624362692217,0.013060763159501445,0.09074850047933028,2.240568743127163e-06,0.05075695232037811,0.07107508502986985,0.000998237719059476,0.030389004224045765,0.004458296642030418,0.02301790638536907,0.17593406346086812,0.11227919016050526,0.002427405297115035,0.14043961521330778,0.011613353236094354,2.5172412003262066,4.815919737569256,2.5172412003262066,0.0144195120728172,0.006674297252002866,2.776665795862612,4.815919737569256,10
sample_045965030b29bcde16b6,86c4abbb8f8a8538286f7598df7fe3a8b708e82d452239786f27a7fdfa78cc3a,map_013,map_013,final,0,six_axis,explicit,6,RECOVERED_LOCAL_local,v3_exact_match,2e3182561ba5e89c,pathguard_preexec_v2.0.0,npz_pre_execution_arrays_only,,1589.8616902147528,7951,0.1999826025427362,0.20000000000004547,0.20000000000004547,0.003958632728728817,0.004026255232133926,0.02508044809691213,0.002478438050697871,0.009066852993203757,0.010426336753300729,0.02190984410882031,0.00019688964902216374,0.028319500875145846,0.0006795008084030498,0.013585412972473166,0.020131586170394396,0.05366343991086353,0.052971977800901016,0.00033262966079696075,0.07023242930969631,0.0015623836563705695,27.980241080162514,49.50912181050166,27.408251536544707,37.52906843866128,43.86003255803193,0.09182942299058602,0.22099284531385946,2.203105212011114,6.97712090085881,5.019704278005846,-0.6028437655774517,0.030777093480297505,0.1938497307349818,0.018825667208814494,0.06936346169475997,0.079864884521725,0.001496817655992407,0.21804973761252466,0.00519865547292981,0.09182942299058602,0.41742933047583036,0.22099284531385946,0.0040571448151467595,0.5472061476053004,0.013624357732525436,3.989411819651389,3.9727861141052756,3.9727861141052756,0.02437327624047581,0.015519803405429734,4.103895814508267,4.267358801845451,12
sample_05c14460cb0a7cb1884f,f9d677626097dfafe832619cf5c76ed687154b65ac340fa50d1c052626ed72e9,map_011,map_011,final,0,unknown,unknown,,RECOVERED_LOCAL_local,v3_exact_match,derived-1c6f954ff7dc8568,pathguard_preexec_v2.0.0,npz_pre_execution_arrays_only,,924.1576151576916,4622,0.19999082777703778,0.19999999999999574,0.20000000000004547,0.0055793342401621124,0.009434304014786564,0.04439953716957298,0.005662556279207268,0.025001703631043887,0.034979219614925186,0.041148930760251105,0.00046921798325270654,0.00475190643006753,0.0017862669082821928,0.051165750342507636,0.05525579845818911,0.08651477610263925,0.07724985517983354,0.00048727523192635574,0.019760575370922864,0.0020553661872596616,21.615762426720316,35.29821713867658,20.496854763256014,30.1505404889594,32.05711724057814,0.15996233285109238,0.4801143449990261,2.819964982015234,7.000000470055206,6.867391635126403,-0.6950525890860252,0.0,0.0,0.0,0.0,0.0,0.0,0.0,0.0,0.15996257968514493,0.5396878826298637,0.4801143449990261,0.007134177678201059,0.058222858520278864,0.02423600842871369,3.644999376971323,3.8954398188649173,3.644999376971323,0.042229831894358166,0.0,3.738476119680105,3.989557525853004,12
sample_069bb619f3629f725d8d,a6836feea756762c24051279a7e480339c68267298bd04da00e11f15298e9b99,map_022,map_022,final,0,six_axis,explicit,6,RECOVERED_LOCAL_local,v3_exact_match,2e3182561ba5e89c,pathguard_preexec_v2.0.0,npz_pre_execution_arrays_only,,1345.173760777447,6727,0.199996098836968,0.20000000000000284,0.20000000000004547,-0.0009093375801182221,0.0028122159134935003,0.022619567427212064,0.0016449554384566226,0.0064043366933685475,0.009975183242593836,0.022003971094189636,0.00016235665082043986,0.0015188712693333835,0.0006390948314912838,2.0359378918505557e-05,0.0009698981901472322,0.4108726259551183,0.0019021880831255333,0.004590757176981089,1.1270464392513198,0.004755470207815425,29.83942937545115,48.02020411062811,29.227540254720004,39.0,43.39722098412577,0.07051920789424769,0.21975136423783706,1.8659442380093263,6.200000016815511,5.247705733229615,-0.48187643821872844,0.0,0.0,0.0,0.0,0.0,0.0,0.0,0.0,0.07051920789424769,0.3743436030042213,0.21975136423783706,0.004185806876183434,0.04077049195613866,0.013625321787734358,2.4015343379378624,3.7842594440317368,2.4015343379378624,0.022506226626897625,0.0,2.4872656057258626,3.8369118496855252,12
sample_0759268263cdc5ce10c7,33c4a3207aea977608fa50f4787598ead9f0d25e14cbff1688796b2a6650b489,map_025,map_025,final,1,five_axis,explicit,5,RECOVERED_LOCAL_local,v3_exact_match,derived-668819143a39da03,pathguard_preexec_v2.0.0,npz_pre_execution_arrays_only,steer_ff_rad:used_beta_ref_rad;yaw_rate_ref_radps:derived_from_yaw_per_m_and_speed,344.8260487351796,1761,0.1959238913268066,0.19994279810545024,0.20617652355021504,0.000713865799280404,0.028376019322063992,0.16356104133964983,0.012536248215089014,0.08791772494516069,0.11212175581167293,0.15321125276468084,0.006961322186513384,0.05428749330279985,0.03129899295786298,0.00010991102156166741,0.0010417058502315722,0.49983445401437326,0.0,0.004958519809183294,1.6438476910307613,0.0,7.994398207857155,15.0,7.249121929436684,13.387265085319857,15.0,0.14379463144133342,0.44303021369737094,0.9744815828612847,3.5256238656285057,2.3856664768333213,-0.5214829483634856,0.019490482078083994,0.25156317586889054,0.0,0.08099066732310822,0.11220084032524946,0.006662171882558679,0.06925991133366594,0.03857093183768989,0.1395184497890072,0.6709445638940468,0.40369992124609666,0.037355228918264254,0.9077043199025867,0.15523164451690763,2.310450594327653,2.3080931279796983,2.3080931279796983,0.15284230067726245,0.04033359421491812,2.322870828005431,2.3460275110601287,1
sample_08791d869a1dcd8084bc,08a5cefdbe0cd5db3438f98e0b70eed36057749e0b4387e726779c446dca1dfd,map_002,map_002,final,0,six_axis,explicit,6,RECOVERED_LOCAL_local,v3_exact_match,d46c9e86aea3de5c,pathguard_preexec_v2.0.0,npz_pre_execution_arrays_only,,215.24718946308448,1078,0.19985811463610445,0.20000000000000284,0.20000000000001705,-3.388961311121146e-05,0.014211269868459586,0.0850514553387196,0.009687019213671669,0.034483490289534756,0.06140753056612967,0.08304995367050105,0.00168698290131785,0.01196328807419686,0.008984892707393055,-6.838479483776474e-17,0.027582839981266146,0.704617138205204,0.06670931485966472,0.020409300162942658,1.3063907493351086,0.048642208751840124,16.330027422942464,26.71651481540253,19.21703263026506,24.174598454303577,26.432761205652444,0.17792963187538305,0.4770306464306981,2.706388840902701,6.03755518638007,5.898394175779597,-0.4619999897249896,0.13263531153927904,0.8897700838922014,0.0855393865323398,0.3436196201088747,0.5504579447332946,0.027956374957065867,0.5219180019319734,0.16455063081147037,0.1725390158415458,0.740211762025771,0.3443166644833626,0.030822362035556394,0.383919737197141,0.16098680374264374,2.5109482862687296,2.6176908253164766,2.5109482862687296,0.07300681686977618,0.18359345056454385,2.5134859031890615,2.8501183110683552,12
sample_0958e812dab6701413f5,000c51e3ec65f9d3393ece78aea53303c6a9fe3dd65175ae49d254b0d5034b22,map_023,map_023,final,0,unknown,unknown,,RECOVERED_LOCAL_local,v3_exact_match,derived-1c6f954ff7dc8568,pathguard_preexec_v2.0.0,npz_pre_execution_arrays_only,,245.30488462385864,1228,0.19992248135603802,0.20000000000000107,0.20000000000001705,0.012791501032531693,0.01309276139734424,0.18507027037037282,3.398910693244688e-14,0.008714254235033254,0.17523277891285743,0.18235484243355737,0.0017524664844034313,0.03804326045121212,0.01313486417753658,0.0,0.0,0.0,0.0,0.0,0.0,0.0,19.357217544155464,35.904088556240666,20.177421190690005,33.08686762518465,35.40648674270736,0.06294707392013253,0.7597994758536784,0.312795772452599,5.7167802185520005,3.2808389750199622,-0.4555718813076169,0.08661773085733031,0.984,3.547649100818716e-13,0.27929480215756775,0.9764496925711724,0.00802301884437251,0.2651788369481234,0.0754390438203768,0.06214284160107739,0.9605076074475468,0.5970508359768805,0.007946038326368723,0.15298516060065537,0.048301927292483296,2.4,2.4,2.4,0.17716936339773262,0.09452777119624269,2.3999999999999773,2.3999999999999773,12
sample_0983369b67c524609f37,899b285ad34ff053e7995889208126e976d7a69e8b1fc54bcefb56ec0ecea150,map_007,map_007,final,1,unknown,unknown,,RECOVERED_LOCAL_local,v3_exact_match,derived-1c6f954ff7dc8568,pathguard_preexec_v2.0.0,npz_pre_execution_arrays_only,,341.656042112576,1710,0.1999157648405945,0.19999999999999574,0.2000000000000341,-0.0030615739380954327,0.003287040467463123,0.05306895612010468,0.00011497941425173846,0.007414742966913943,0.031364579226998784,0.04957258700988932,0.00036430518402242825,0.012542174504846126,0.0021477218688963984,0.0,0.0,0.0,0.0,0.0,0.0,0.0,25.440457357603112,42.79764651934444,25.925519297039582,38.79139222598973,41.60616927360843,0.04097159840157921,0.40855569584326196,0.5482298427375784,5.559663854466664,5.0315986287626275,-0.46391484974471603,0.0,0.0,0.0,0.0,0.0,0.0,0.0,0.0,0.040971720448905825,0.5402585013730811,0.40855569584326196,0.0044636498338428195,0.12923355446188345,0.024924886481396406,4.207023395810924,3.448834865026527,3.448834865026527,0.04597587695346651,0.0,4.224700652081698,3.6936098907209254,12
sample_0a9bce7c46fa4314c4be,10e82220a1ab7f522f2facc5b8e8a1a6b691c220075e30fca48484927e03e049,map_001,map_001,final,0,five_axis,explicit,5,RECOVERED_LOCAL_local,v3_exact_match,c55daff1b698d1f4,pathguard_preexec_v2.0.0,npz_pre_execution_arrays_only,,9738.268221182434,48693,0.19999729362487542,0.1999999999998181,0.2000000000007276,0.0006450231777007025,0.00293162295562018,0.1454124445343561,2.271091460652387e-05,0.0017209963974407678,0.007275242383163355,0.09592975645869731,0.0005953063145617049,0.029928087503043543,0.0023363523575288775,-8.906431499275086e-24,1.3832148360825162e-07,7.950671901257059e-05,2.710505431213761e-20,8.593381592537731e-08,4.066717977662552e-05,6.77626357798664e-20,20.122109196825985,22.0,22.0,22.0,22.0,0.022035369789201585,0.08248135017836589,0.201963704734703,3.500000000000001,0.9695396733182589,-0.6288009954038217,0.0,0.0,0.0,0.0,0.0,0.0,0.0,0.0,0.0,0.0,0.0,0.0,0.0,0.0,2.3047770174431874,2.307323940253377,2.3047770174431874,0.12248925203058626,0.0,2.331353696949401,2.352191001446187,10
sample_0b19151f31026086fe37,bcc0cb594a68f9ba496fe98ad11b4c2a643f397e3efdbdfb18a19e12b3ba6917,map_023,map_023,final,0,unknown,unknown,,RECOVERED_LOCAL_local,v3_exact_match,derived-1c6f954ff7dc8568,pathguard_preexec_v2.0.0,npz_pre_execution_arrays_only,,245.30488462385864,1228,0.19992248135603802,0.20000000000000107,0.20000000000001705,0.012791501032531693,0.01309276139734424,0.18507027037037282,3.398910693244688e-14,0.008714254235033254,0.17523277891285743,0.18235484243355737,0.0017595663868015304,0.038117719492128666,0.01317690503993074,0.0,0.0,0.0,0.0,0.0,0.0,0.0,19.364872607927527,35.9131389545358,20.177421190690005,33.08686762518465,35.40648674270736,0.0642585226977437,0.7965468403307823,0.32625999151155805,6.5527746188964,3.6412192254638835,-0.45316193788973236,0.08661773085733031,0.984,3.547649100818716e-13,0.27929480215756775,0.9764496925711724,0.00802301884437251,0.2651788369481234,0.0754390438203768,0.06322923255908314,0.9605076074475467,0.6270058974530094,0.008055369792934168,0.2282653775159218,0.04555808443701765,2.4,2.4,2.4,0.17716936339773262,0.09452777119624269,2.3999999999999773,2.3999999999999773,12
sample_0bcfcda9f72a5ab3c3f7,f969b9e5d62aa715904fda0e396bc8b96adc52a3e55639bf6153b2e1ced56a4b,map_011,map_011,final,0,unknown,unknown,,RECOVERED_LOCAL_local,v3_exact_match,derived-1c6f954ff7dc8568,pathguard_preexec_v2.0.0,npz_pre_execution_arrays_only,,925.5035211251198,4629,0.19997915322496107,0.19999999999999574,0.20000000000004547,0.005570929904426073,0.009422713140550352,0.045771418263528964,0.005482553164398197,0.024417197348985346,0.03656873409156554,0.04120109684747363,0.0004940336612929967,0.0068208952267985665,0.0017924940448964589,0.05108352227648068,0.055177347212126276,0.085083390020813,0.07712994165263039,0.0005203693950899828,0.10391443714182869,0.002033327852082066,21.211373858998062,35.27239619713693,19.935878262183667,30.05243574472611,31.967445044793887,0.15619140788216496,0.4805613775783651,2.6953103918896475,7.000000459657236,6.719888509655247,-0.6742405379970803,0.0,0.0,0.0,0.0,0.0,0.0,0.0,0.0,0.1561834655140498,0.5454486283414428,0.4805613775783651,0.007473858754055045,0.08088107865656513,0.02617096679492209,4.305571235685468,4.227503922816046,4.227503922816046,0.04322714563231155,0.0,4.316410490046216,4.247537881360301,12
sample_0c85bc0bf316e8c49c2f,db9e18bff31bdd315242e9644a0ecec180dc15d33d516721c81ff51efa75e103,map_013,map_013,final,0,five_axis,explicit,5,RECOVERED_LOCAL_local,v3_exact_match,6e898ff7ac46a278,pathguard_preexec_v2.0.0,npz_pre_execution_arrays_only,,1588.301982222156,7955,0.1996859419439472,0.19990559538780417,0.20014542830176368,0.004123142918719618,0.004144934695167942,0.058904087508338684,0.0026778073799914614,0.00915759950449931,0.013451009326526295,0.025424355204796058,0.00017119005928257298,0.02264752409284143,0.0005499028891357327,0.00016153302096591704,0.16242874954369116,355.4364450518538,0.0,1.5282774856242487,4247.644436615567,0.0,29.68882255302831,51.35114690916324,28.95939372302999,40.782965797101376,46.36761864615515,0.09527586210840397,0.2280238763620215,2.3568636808321095,5.59288969048366,4.814164089243247,-0.658240859582887,0.0,0.0,0.0,0.0,0.0,0.0,0.0,0.0,0.09585038869640804,0.550869089470545,0.2281994694788449,0.002870996599735572,0.2222117246044384,0.010052869583346478,3.300928325746873,4.033093585113818,3.300928325746873,0.02846391075796766,0.0,3.3030914419840722,4.0350854399630585,10
sample_0ed9d035567e03f364a6,f726011063b74917eff3c330bfcaaed377ed86440d32947a9935950ca50e4e71,map_011,map_011,final,0,unknown,unknown,,RECOVERED_LOCAL_local,v3_exact_match,derived-1c6f954ff7dc8568,pathguard_preexec_v2.0.0,npz_pre_execution_arrays_only,,926.0689021047625,4632,0.19997169123402342,0.19999999999999574,0.20000000000004547,0.005567720954229919,0.009529752337507195,0.04819055503727143,0.005501376285055152,0.02541687658307511,0.037487333367628085,0.041980898518604655,0.0005928635441905477,0.007092754127596065,0.0021695933099285664,0.05104289932832176,0.055149148353621495,0.08463336605501581,0.07736035612748732,0.0005742376173200591,0.23216817245069787,0.002059504539816192,20.27241671312058,35.23188682958181,19.148542,29.912898227929862,31.84102392762241,0.15419594878880746,0.4850928715976427,2.5827344411088466,7.000000468968023,6.652295420939938,-0.587079038284219,0.0,0.0,0.0,0.0,0.0,0.0,0.0,0.0,0.15418209785901804,0.5596772232251431,0.4850928715976427,0.00869579124072313,0.08061034375256437,0.030015845904981776,4.247092772629372,4.3024497699168425,4.247092772629372,0.04525574484296341,0.0,4.275115301372602,4.307549143882651,12
sample_0f956988a5cf3f126c0d,3b962d37397eaed8b311725730c799cb94a5724989e58194ad54414404033e8d,map_023,map_023,final,0,six_axis,explicit,6,RECOVERED_LOCAL_local,v3_exact_match,2e3182561ba5e89c,pathguard_preexec_v2.0.0,npz_pre_execution_arrays_only,,274.6656011571941,1375,0.19990218424832176,0.19999999999999996,0.20000000000001705,0.011402397030451197,0.016750297705463265,0.1075438031678555,0.0019339684826057994,0.07178197235032618,0.08702621198989959,0.10236292284022461,0.0015202433330457374,0.06808423597972613,0.006576816273268233,0.0,0.0,0.0,0.0,0.0,0.0,0.0,16.503466979872325,34.18710029036471,16.51011863893857,28.354649161614553,31.40759654161359,0.1417808610300002,0.6651321951815707,1.350994389226454,5.467696359766471,5.10188382954163,-0.613363111541114,0.13573485550935427,0.7975355052476958,0.014794940750318336,0.6249962653252461,0.7285097512943172,0.010601709639354754,0.5465656375262639,0.04241628336997872,0.1417198965738115,0.6944694761006914,0.666988451327729,0.012685191386649457,0.21311746987911462,0.0482335357323139,3.056795164797987,2.305544825547027,2.305544825547027,0.09355757492863834,0.07211145739711737,3.0809995214113814,2.3115476591427995,12
sample_0fb98d53ec7070ae8d88,2dad3655798a4362f04bdf78d37693687014c5379127c7f4de8cbd69ad77c91d,map_002,map_002,final,0,six_axis,explicit,6,RECOVERED_LOCAL_local,v3_exact_match,d46c9e86aea3de5c,pathguard_preexec_v2.0.0,npz_pre_execution_arrays_only,,215.24718946308448,1078,0.19985811463610445,0.20000000000000284,0.20000000000001705,-3.388961311121146e-05,0.014211269868459586,0.0850514553387196,0.009687019213671669,0.034483490289534756,0.06140753056612967,0.08304995367050105,0.00168698290131785,0.01196328807419686,0.008984892707393055,-6.838479483776474e-17,0.027582839981266146,0.704617138205204,0.06670931485966472,0.020409300162942658,1.3063907493351086,0.048642208751840124,16.330027422942464,26.71651481540253,19.21703263026506,24.174598454303577,26.432761205652444,0.17792963187538305,0.4770306464306981,2.706388840902701,6.03755518638007,5.898394175779597,-0.4619999897249896,0.13263531153927904,0.8897700838922014,0.0855393865323398,0.3436196201088747,0.5504579447332946,0.027956374957065867,0.5219180019319734,0.16455063081147037,0.1725390158415458,0.740211762025771,0.3443166644833626,0.030822362035556394,0.383919737197141,0.16098680374264374,2.5109482862687296,2.6176908253164766,2.5109482862687296,0.07300681686977618,0.18359345056454385,2.5134859031890615,2.8501183110683552,12
sample_0fdb7f02649516a671f4,e7d8b77616fac7d0c879d11e944e954b434431907e2a878a2b7e181d43f91de6,map_023,map_023,final,0,unknown,unknown,,RECOVERED_LOCAL_local,v3_exact_match,derived-1c6f954ff7dc8568,pathguard_preexec_v2.0.0,npz_pre_execution_arrays_only,,245.30488462385864,1228,0.19992248135603802,0.20000000000000107,0.20000000000001705,0.012790864611415206,0.013096166428223779,0.1853086655636826,3.976054972796479e-14,0.008924800034419669,0.17522049819663316,0.18244658038240272,0.0017595663868015304,0.038117719492128666,0.01317690503993074,0.0,0.0,0.0,0.0,0.0,0.0,0.0,18.65197251282885,35.91190793842461,20.17298220524139,33.08554654363899,35.40524070329157,0.06821684564765712,0.7956824805456507,0.3750121341568607,7.427130768281008,3.628369538718027,-0.39580337710265867,0.10030481031802736,0.984,3.7025371900989045e-13,0.5036793878629062,0.896528568737643,0.03696651540186517,1.2865753722544602,0.15902064360466225,0.059822141825297215,0.7650883571116713,0.6027249759973073,0.019224519888732614,0.611667602138699,0.14522589987443169,2.4,2.4,2.4,0.17717080545882297,0.3949959556154075,2.3999999999999773,2.3999999999999773,12
sample_127164b491800b0969ff,48fdec32acd1d807b6f11e5a4dc2332da26dd5b6d78c872a4acced8b9a72d530,map_025,map_025,final,0,six_axis,explicit,6,RECOVERED_LOCAL_local,v3_exact_match,2e3182561ba5e89c,pathguard_preexec_v2.0.0,npz_pre_execution_arrays_only,,351.88217565839005,1761,0.199933054351358,0.19999903684730924,0.19999999979396002,0.0005071539429383814,0.029417281259565654,0.19179814860621638,0.012461796446058439,0.09377252398749951,0.1182336053408784,0.17579005455971244,0.004747692565089883,0.06466540642526483,0.02092845772173522,0.0,0.0,0.0,0.0,0.0,0.0,0.0,7.2647289231834575,15.0,7.122706638898067,11.611886111870952,12.331024017727815,0.13792083681653106,0.5460623853334626,0.8457177516090945,2.90977149516174,2.33746763458824,-0.49847917504897093,0.2046873898723156,0.984,0.09617821767888354,0.643839963602346,0.7923215284806255,0.052784409624089035,1.4845490195638569,0.2226961029743002,0.13621164382912987,0.6470080306473752,0.5008423608045931,0.04103271082312622,0.795945089468697,0.19318944474119032,2.310450594327653,2.3080931279796983,2.3080931279796983,0.1663915443262708,0.3697000743459558,2.3214520150141458,2.316749881307456,12
sample_13587dd289b5b88b6136,c103f6caacbed62915448a8f0f4bd684603a95b4fc887261dc05d31021099baa,map_001,map_001,final,1,six_axis,explicit,6,RECOVERED_LOCAL_local,v3_exact_match,d46c9e86aea3de5c,pathguard_preexec_v2.0.0,npz_pre_execution_arrays_only,,9729.672293738553,48650,0.19999737494580677,0.1999999999998181,0.2000000000007276,0.0006449397772180292,0.003080897846181902,0.10205382473672404,1.8598147231795105e-05,0.002015810872066505,0.018253004413866177,0.07387358504505685,0.0003548188572310671,0.011938403113880211,0.0029361761831924443,8.374988210073023e-21,1.6744919317764763e-07,0.00017079635831482537,2.710505431213761e-20,3.0258823117203165e-07,0.00038768668419964425,6.162975822039155e-31,35.487527561081144,50.0,38.31819070072903,50.0,50.0,0.021532544441734358,0.16180663013894572,0.26477089008658194,5.059374211647871,1.5899811998419866,-0.5098706649475526,0.0,0.0,0.0,0.0,0.0,0.0,0.0,0.0,0.021532544441734358,0.3987330572696783,0.16180663013894572,0.002196887523454369,0.07009800238922559,0.016380605280566556,2.3004564780742225,2.314875641495392,2.3004564780742225,0.09248140628603714,0.0,2.3149981861256403,2.329308323186506,12
sample_13589813c5db8870c072,798490c1f403ede4605a085636c2e1d6936e727087d2ecabd477dc639452c7da,map_023,map_023,final,0,unknown,unknown,,RECOVERED_LOCAL_local,v3_exact_match,derived-1c6f954ff7dc8568,pathguard_preexec_v2.0.0,npz_pre_execution_arrays_only,,245.30488462385864,1228,0.19992248135603802,0.20000000000000107,0.20000000000001705,0.012791501032531693,0.01309276139734424,0.18507027037037282,3.398910693244688e-14,0.008714254235033254,0.17523277891285743,0.18235484243355737,0.0017595663868015304,0.038117719492128666,0.01317690503993074,0.0,0.0,0.0,0.0,0.0,0.0,0.0,19.423229827611376,36.85631450585138,20.395157266233767,33.94944489847378,36.33585614649373,0.051226356203041876,0.6326745392148833,0.20721857015823006,4.026598217933619,2.26323251651214,-0.4562609375363164,0.08661773085733031,0.984,3.547649100818716e-13,0.27929480215756775,0.9764496925711724,0.00802301884437251,0.2651788369481234,0.0754390438203768,0.050569648832662815,0.7684060859580374,0.49768448955427613,0.0064299344805949146,0.1462808264326253,0.03905320043900564,2.4,2.4,2.4,0.17716936339773262,0.09452777119624269,2.3999999999999773,2.3999999999999773,12
sample_1423e790f382fb0210c2,22765232d1153a62bd412d3303edfeda13253e51d078ad3fbc254ea6a146b201,map_010,map_010,final,0,six_axis,explicit,6,RECOVERED_LOCAL_local,v3_exact_match,d46c9e86aea3de5c,pathguard_preexec_v2.0.0,npz_pre_execution_arrays_only,,316.1767787816113,1582,0.19998531232233477,0.1999999999999993,0.20000000000001705,-0.00512921203699157,0.006576898554388795,0.3496768004428305,2.0303264556660872e-21,0.01262214509211729,0.03142703261991427,0.1586583900633932,0.003322459367043852,0.7487321467224937,0.007134966008519105,0.0,0.0,0.0,0.0,0.0,0.0,0.0,15.52563071522659,22.0,16.26181841998142,21.94557628596979,22.0,0.04092806456473711,0.31273671363315775,0.3129609587965224,3.500000000000001,2.8413394670272423,-0.4401097193909243,0.0,0.0,0.0,0.0,0.0,0.0,0.0,0.0,0.0,0.0,0.0,0.0,0.0,0.0,4.530454046042843,4.4500574071510055,4.4500574071510055,0.13669720353551304,0.0,4.584991043633631,4.593153416151542,12
sample_1457c0c45167b411e8ed,fa249b831899f60110cb3136b4b57fad69fa5567bfbb61c50985e041286a732a,map_002,map_002,final,0,six_axis,explicit,6,RECOVERED_LOCAL_local,v3_exact_match,d46c9e86aea3de5c,pathguard_preexec_v2.0.0,npz_pre_execution_arrays_only,,212.38138547425845,1063,0.19998247219798349,0.20000000000000284,0.20000000000001705,0.0004229310486121319,0.01849782652940104,0.13024872529324494,0.012446842032902647,0.05018133878570362,0.06965354962168321,0.10072072545049476,0.006191037869824306,0.08855695178403054,0.035089981147186436,-1.6710788705552686e-18,0.02438363125897335,0.23138450436374736,0.05942219829543562,0.00462358185958849,0.1666726301658342,0.021684305578361894,15.986126236888131,26.712399712447937,19.23472427071429,24.202548054323373,26.305198640850033,0.18596891582794567,0.38653325978977054,2.6927643151978202,6.039940639159516,5.901282800143996,-0.6716661051276063,0.1215641533234718,0.9236579289217026,0.08755883366305228,0.32813626645157135,0.4457447117762133,0.027197907334237624,1.9908007351173218,0.09978296351112276,0.15451931262777593,0.4039797011033215,0.30601241117311123,0.01996684221091198,1.095394068812505,0.07757995492965311,2.4,2.4,2.4,0.07396829620749333,1.2502509822202261,2.3999999999999773,2.3999999999999773,12
sample_16c0894584c58a10e3b1,41ed48c9db4ba8632ffa08c59eae7d01f337c4a7e5eed331f6c8a99e29bc5e49,map_017,map_017,final,0,unknown,unknown,,RECOVERED_LOCAL_local,v3_exact_match,derived-1c6f954ff7dc8568,pathguard_preexec_v2.0.0,npz_pre_execution_arrays_only,,2054.5974462678037,10274,0.1999997514132,0.20000000000004547,0.20000000000004547,-0.0013110627116084807,0.004734601640364482,0.04773567032833164,0.0017859537344428983,0.012237048058045838,0.013616056184107892,0.047205924410890956,0.00018998045902663568,0.004515253714710815,0.0007896455232603445,0.00361975641125665,0.01040291300576111,0.0423732515600177,0.041651973825778475,0.0001646605576486115,0.009692922381133055,0.0010884912255263897,27.40703284360453,50.0,26.397387935608542,38.01371773287502,43.547236812074125,0.09407526309259344,0.2817335597894306,2.0611144709707494,6.300000208476755,5.905690962570165,-0.5540234479972205,0.0,0.0,0.0,0.0,0.0,0.0,0.0,0.0,0.09402369434462951,0.5123925978215075,0.2817335597894306,0.003650108908919197,0.0694985915027092,0.01735869115692965,3.9943611804059227,3.995684016453229,3.9943611804059227,0.04735391080626305,0.0,3.997597988866248,3.9977617385022097,12
sample_16e26f444f951c39f6e0,7be60ab698aec6120e862ed8e1b7bb5e6f62f9ecc1b0bf2a30b3260b0854b591,map_023,map_023,final,0,unknown,unknown,,RECOVERED_LOCAL_local,v3_exact_match,derived-1c6f954ff7dc8568,pathguard_preexec_v2.0.0,npz_pre_execution_arrays_only,,245.30488462385864,1228,0.19992248135603802,0.20000000000000107,0.20000000000001705,0.012790023430496506,0.01279002343066062,0.17145411414045775,4.6850969346009084e-14,0.02453962806327231,0.1379913612215614,0.17122997421423425,0.0017595663868015304,0.038117719492128666,0.01317690503993074,0.0,0.0,0.0,0.0,0.0,0.0,0.0,19.524639327463603,35.94286022974496,20.137044370392918,33.11876127874505,35.43657041757262,0.07850753950095891,0.896943847940149,0.4845421346021341,6.155763248697113,5.662267547903445,-0.46379116917659224,0.09294843543892248,0.984,3.547649100818716e-13,0.3815937216445652,0.921207196478416,0.008139375736941823,0.1926226869289156,0.07024396581850718,0.07971288411666237,0.9599886562970441,0.8074687447398431,0.00803733509506221,0.14515951617907974,0.054214097003926764,2.4,2.4,2.4,0.16701419150479954,0.08099826452853993,2.3999999999999773,2.3999999999999773,12
sample_175e5e09d41901110265,fbf75fa10d5fedef4d0bb7beca8ea6d7f12717880020a7fa19b25b09e1a5667d,map_023,map_023,final,0,unknown,unknown,,RECOVERED_LOCAL_local,v3_exact_match,derived-1c6f954ff7dc8568,pathguard_preexec_v2.0.0,npz_pre_execution_arrays_only,,245.30488462385864,1228,0.19992248135603802,0.20000000000000107,0.20000000000001705,0.012779789632335918,0.013065065062696578,0.21683435746587154,4.6850969346009084e-14,0.028163762757242326,0.10226774516149266,0.20188528759061836,0.0017595663868015304,0.038117719492128666,0.01317690503993074,0.0,0.0,0.0,0.0,0.0,0.0,0.0,16.03704704248734,32.769593004631616,16.322245689915427,29.687716571958322,32.22060584140095,0.044580805548950296,0.327317755826932,0.18517982577849595,3.1540988628999522,1.1945545859703124,-0.473316732947526,0.11332529081530884,0.9284693346252958,3.547649100818716e-13,0.43130979177632445,0.8648573049548788,0.01007610014130655,0.7251654295993024,0.06380394420105148,0.04769850966161493,0.6548695974858662,0.27280509104175676,0.008261935094738928,0.27696785574553984,0.062485063146898064,2.4,2.4,2.4,0.13017874896193582,0.06720092481571416,2.3999999999999773,2.3999999999999773,12
sample_181e099d2dd8d7219d27,c7f235ee350b47ec267f4996b20b8cfa9a9000f98de4cc0097d8f7b4cbbe198c,map_025,map_025,final,0,six_axis,explicit,6,RECOVERED_LOCAL_local,v3_exact_match,d46c9e86aea3de5c,pathguard_preexec_v2.0.0,npz_pre_execution_arrays_only,,274.4746743758184,1374,0.19990872132251886,0.19999999999999996,0.20000000000001705,0.0010040164176430152,0.023364086477109004,0.2302781601233828,0.012120537268394946,0.06165325468596899,0.08513065782902891,0.1742838056722885,0.004567501829254754,0.06768680843919933,0.02651141126943274,-1.0100282247317653e-18,0.001065733086421798,0.060078753271913365,0.0,0.000874434706608998,0.0373559585409539,0.0,11.998814079952181,18.34027911172735,11.938858237692864,16.949925460773205,17.225478183062354,0.2042651234258504,0.5418419255911825,2.1973230594571977,3.500000000000001,3.5000000000000004,-0.5381182435253588,0.0,0.0,0.0,0.0,0.0,0.0,0.0,0.0,0.0,0.0,0.0,0.0,0.0,0.0,2.2446832490672946,2.383885304885597,2.2446832490672946,0.1234771028033838,0.0,2.3717108836964482,2.387197388697863,12
sample_182fdf2a794196bf15b9,d2cefec96df7b01bf5c082fbd68ddaf79fe6bbd5376b48327bdd29b3aa1a3a0e,map_019,map_019,final,0,unknown,unknown,,RECOVERED_LOCAL_local,v3_exact_match,derived-1c6f954ff7dc8568,pathguard_preexec_v2.0.0,npz_pre_execution_arrays_only,,858.5933077741987,4294,0.19999844113072412,0.19999999999998863,0.20000000000004547,0.0006586550748539916,0.0019195149543572926,0.020703761517277004,0.0004921713348953288,0.005428930087235149,0.010612688085397151,0.020365795115683715,0.00014682782447772018,0.0015069802118564124,0.0006583262301566486,0.0,0.0,0.0,0.0,0.0,0.0,0.0,28.369309599807515,38.39742463663908,30.03799208405218,35.19289020796004,36.531109555155915,0.04028784190052639,0.23308496717542865,0.8849972083282457,6.200000096432691,4.901947479005311,-0.5393874566092011,0.0,0.0,0.0,0.0,0.0,0.0,0.0,0.0,0.040274738392683584,0.3582782749311355,0.23308496717542865,0.003384137169612638,0.027540175398294814,0.012501612278327709,3.4234551408751086,2.678849950242638,2.678849950242638,0.02053427889257603,0.0,3.5063954922799323,2.6851339811525032,12
sample_1953faa47e9e86fef6e9,fad0c45d63853060ba2c3ede40dfa6d6f70b614f26b3cc9f2e71d85ed028dd81,map_015,map_015,final,1,unknown,unknown,,RECOVERED_LOCAL_local,v3_exact_match,derived-1c6f954ff7dc8568,pathguard_preexec_v2.0.0,npz_pre_execution_arrays_only,,49.939360621637654,251,0.1997574424865506,0.1999999999999993,0.20000000000000284,-2.754816754739138e-05,0.008900572925683756,0.03825836137608866,0.0011112769047904928,0.03374715803360952,0.03648797354838348,0.038034219806797026,0.003242869632067244,0.014563409315926432,0.012622683957902593,0.0,0.0,0.0,0.0,0.0,0.0,0.0,10.503949403377016,13.945085630670404,11.029528040198285,12.884180988531305,13.420674606132671,0.09023369398948078,0.36793480512014753,0.9211841406228061,3.853774118011761,3.723418423742364,-0.1025967243390149,0.0,0.0,0.0,0.0,0.0,0.0,0.0,0.0,0.09048976421789458,0.38203952622875037,0.36793480512014753,0.03333123051626478,0.12598612518508442,0.12058746567969435,2.3002377169625468,2.301551219893494,2.3002377169625468,0.02652419071772095,0.0,2.300237716962556,2.3135485415777977,12
sample_19a054c6550d83191bfa,205528f5d0480445eaf42ece744ab92c0744487723cc744783a9b2ca421cd3a8,map_023,map_023,final,0,unknown,unknown,,RECOVERED_LOCAL_local,v3_exact_match,derived-1c6f954ff7dc8568,pathguard_preexec_v2.0.0,npz_pre_execution_arrays_only,,245.30488462385864,1228,0.19992248135603802,0.20000000000000107,0.20000000000001705,0.012791501032531693,0.01309276139734424,0.18507027037037282,3.398910693244688e-14,0.008714254235033254,0.17523277891285743,0.18235484243355737,0.0017595663868015304,0.038117719492128666,0.01317690503993074,0.0,0.0,0.0,0.0,0.0,0.0,0.0,19.09470970656789,35.904088556240666,20.177421190690005,33.08686762518465,35.40648674270736,0.05140681815866962,0.6372374722646258,0.20880639458642275,4.1937757560936975,2.330380304296886,-0.45802352863366236,0.08661773085733031,0.984,3.547649100818716e-13,0.27929480215756775,0.9764496925711724,0.00802301884437251,0.2651788369481234,0.0754390438203768,0.05058338604772529,0.7684060859580374,0.5016047179624075,0.006444295836077934,0.18261230201273748,0.0364464675496141,2.4,2.4,2.4,0.17716936339773262,0.09452777119624269,2.3999999999999773,2.3999999999999773,12
sample_19ebf4ad89de459fdeaf,9717f0459ab25c0809c48eaa8e726959fcfb457ecd45e7d2e218c20d76bb774d,map_017,map_017,final,0,unknown,unknown,,RECOVERED_LOCAL_local,v3_exact_match,derived-1c6f954ff7dc8568,pathguard_preexec_v2.0.0,npz_pre_execution_arrays_only,,2054.5849035098468,10274,0.19999853046917618,0.20000000000004547,0.20000000000004547,-0.001301227372576906,0.004738119797709238,0.04796597601119378,0.0017308064231733521,0.012351884631243053,0.013616531926597402,0.04720072243350277,0.00019028997792802833,0.004374075575388686,0.0008158558719936049,0.003619776109432797,0.010402835757972542,0.042303735017045874,0.04163573096876165,0.00016221505423264846,0.009624795538197783,0.0010883623239919314,28.31619688668653,50.0,27.315292470876845,39.460541312211284,45.42297127536592,0.09662022984124069,0.28217164623417273,2.1557566489476763,6.999999919746224,6.192340922233525,-0.5572654557862241,0.0,0.0,0.0,0.0,0.0,0.0,0.0,0.0,0.09662070948359619,0.5583715883002741,0.28217164623417273,0.0037765917894705923,0.055788655290404776,0.0173719297346735,3.943864873559455,3.9762888974264845,3.943864873559455,0.04752241903709529,0.0,3.9678674172417447,3.977395540318171,12
sample_1bafe73d4bdad6cd06c4,d8c9a2835f44a261d1f19fffd184f0df7b4520090599873743fca6d16abf50e8,map_022,map_022,final,1,five_axis,explicit,5,RECOVERED_LOCAL_local,v3_exact_match,ee1b968983f0d0d8,pathguard_preexec_v2.0.0,npz_pre_execution_arrays_only,,1344.7376956598873,6734,0.19972340645475825,0.1999999999999318,0.20004304934850553,-0.0008980841277320832,0.002582208504819935,0.02117193459994155,0.0010764654181746251,0.006508132258454825,0.008574908519494977,0.019523370161726377,0.00012037555026306421,0.014389321670352742,0.0005029964753419668,0.0,0.0,0.0,0.0,0.0,0.0,0.0,32.601334112731124,48.27027025239632,32.07221154338655,43.634923767873545,45.11810955382518,0.06128027124274877,0.18042472630106787,1.6200421406910899,5.505637397122071,4.862933527654192,-0.6018254204079678,0.01581603653452226,0.1312248095408543,0.006534908404177723,0.03976992345735869,0.05252133564745249,0.0007286235550769719,0.08908572558052792,0.003074474389612847,0.06128027124274877,0.34104732123605597,0.18042472630106787,0.002861719132047547,0.23340798453037542,0.013481069166835101,2.5659917217651325,3.0150886339267657,2.5659917217651325,0.02000438759322287,0.021714211916375355,2.58179712666746,3.0230564537794136,10
sample_1bfa575c956e846150e9,81f9127e737619c562b2aa10feed4de41424a670bc76eaa4b5a5ce9c8b66e407,map_009,map_009,final,1,five_axis,explicit,5,RECOVERED_LOCAL_local,v3_exact_match,6e898ff7ac46a278,pathguard_preexec_v2.0.0,npz_pre_execution_arrays_only,,383.9628677347831,1946,0.1974102147736674,0.20081307089417066,0.21223588154423395,-0.003729017722199455,0.0046192408585061595,0.06397061207183596,3.597122599785507e-14,0.010734104930793978,0.034825207853278584,0.06217557197011596,0.0004526673894205892,0.013093658612091844,0.003027010411604681,0.0,0.0,0.0,0.0,0.0,0.0,0.0,24.371961656046157,43.78467824963056,23.812150557489716,38.60677161335946,41.50782818630343,0.05523947559789993,0.37928537883993385,0.7333251995713785,5.089793195119616,4.2539147163469275,-0.4945655777037432,0.0,0.0,0.0,0.0,0.0,0.0,0.0,0.0,0.05523947559789993,0.5700717066867561,0.37928537883993385,0.005560531545921705,0.2985357071029169,0.026376423177182334,3.180225920195502,4.451219178340059,3.180225920195502,0.06105592439179891,0.0,3.1992478933512536,4.803127504564893,10
sample_1c1379c6246d13cd9b25,426d781efb370bf1833b4baa2c783ba0d7a4a18de342359b1641e7c1f401a948,map_023,map_023,final,0,unknown,unknown,,RECOVERED_LOCAL_local,v3_exact_match,derived-1c6f954ff7dc8568,pathguard_preexec_v2.0.0,npz_pre_execution_arrays_only,,245.30488462385864,1228,0.19992248135603802,0.20000000000000107,0.20000000000001705,0.012790864611415206,0.013096166428223779,0.1853086655636826,3.976054972796479e-14,0.008924800034419669,0.17522049819663316,0.18244658038240272,0.0017595663868015304,0.038117719492128666,0.01317690503993074,0.0,0.0,0.0,0.0,0.0,0.0,0.0,18.26948320756353,35.90285487629606,19.72851267384026,33.08554654363899,35.40524070329157,0.05798433041464988,0.6763301084638031,0.2709463313367889,5.3661019800830285,2.6214969917237747,-0.39743721837901186,0.10030481031802736,0.984,3.7025371900989045e-13,0.5036793878629062,0.896528568737643,0.03696651540186517,1.2865753722544602,0.15902064360466225,0.059822141825297215,0.7650883571116713,0.6027249759973073,0.019224519888732614,0.611667602138699,0.14522589987443169,2.4,2.4,2.4,0.17717080545882297,0.3949959556154075,2.3999999999999773,2.3999999999999773,12
sample_1c57e87162ea166611f8,c0308dacbf7d63da9af0675eeab724fb42c0cc5cf71a9df6b98ee6180c138f53,map_017,map_017,final,1,unknown,unknown,,RECOVERED_LOCAL_local,v3_exact_match,derived-1c6f954ff7dc8568,pathguard_preexec_v2.0.0,npz_pre_execution_arrays_only,,2053.7939481004196,10270,0.19999941066320182,0.20000000000004547,0.20000000000004547,-0.0013115777164120256,0.004753286009504691,0.04798907126069632,0.0017707996739933164,0.012361070570303825,0.013616199620237942,0.0469929820970442,0.00019323014008556196,0.004369200621394148,0.0008129859736047304,0.00362098434623675,0.010407112133025666,0.042394561011832366,0.041636469408647424,0.00016321885630775842,0.009661850028184114,0.0010866165968852215,27.140155044095664,50.0,26.193241307151702,38.220094449559724,43.865803671582725,0.09057609059176494,0.2798939579755143,1.9891546332484442,5.950270904051279,5.813458346356205,-0.5749496876196412,0.0,0.0,0.0,0.0,0.0,0.0,0.0,0.0,0.09520904891538953,0.5137507937291995,0.2822535345919704,0.0037244180200819077,0.05382079980787691,0.01705370800171215,3.9954922133881285,3.5730248763282773,3.5730248763282773,0.04752175480812452,0.0,3.997448796047298,3.577802704635913,12
sample_1e753e5655ce526ebdab,533c5b03eeac21c5dd8257a41b49acf9b8b7da7da42ca5e797f2f16801d54eb7,map_015,map_015,final,1,five_axis,explicit,5,RECOVERED_LOCAL_local,v3_exact_match,ee1b968983f0d0d8,pathguard_preexec_v2.0.0,npz_pre_execution_arrays_only,,49.939360621637654,251,0.1997574424865506,0.1999999999999993,0.20000000000000284,-2.754816754739138e-05,0.008900572925683756,0.03825836137608866,0.0011112769047904928,0.03374715803360952,0.03648797354838348,0.038034219806797026,0.003242869632067244,0.014563409315926432,0.012622683957902593,0.0,0.0,0.0,0.0,0.0,0.0,0.0,5.920845709574411,10.10395207161538,5.695384189535536,8.581041030556865,9.350211907832044,0.047142695599430136,0.2073310480235555,0.2513790271278824,1.399649968812305,1.1704658787350084,-0.27639341973894743,0.05535021559072688,0.23939242608087688,0.00674653822169134,0.2107939996645068,0.22817208734316885,0.019663188556626788,0.0887343023356922,0.07558888243616277,0.047142695599430136,0.2294653530794559,0.2073310480235555,0.019438826825119774,0.0929809810101905,0.060409622329732515,2.3002377169625468,2.301551219893494,2.3002377169625468,0.02652419071772095,0.055593670370632856,2.300237716962556,2.3135485415777977,10
sample_1f31e4204a2260fc6406,3246e67e7fa623dd289ab7e776fcc9f07e35fbf851e8f0bd500ea6fb9f8f5568,map_008,map_008,final,0,unknown,unknown,,RECOVERED_LOCAL_local,v3_exact_match,derived-1c6f954ff7dc8568,pathguard_preexec_v2.0.0,npz_pre_execution_arrays_only,,344.89538935570437,1726,0.1999393561482344,0.19999999999999574,0.20000000000004547,0.00455055610464778,0.0047864381976591135,0.09473348520956085,0.00014465817771724612,0.006248471969527464,0.03461291821358585,0.09341653726709975,0.0006460761660265376,0.017600335629932518,0.003524934181273345,0.0,0.0,0.0,0.0,0.0,0.0,0.0,24.90947756908623,43.636342648433846,25.450628192375262,39.667985340394324,42.439799474599695,0.04020706855461539,0.2566716368659215,0.39496523200260125,5.186676638309357,1.9034341701387976,-0.438048805335009,0.0,0.0,0.0,0.0,0.0,0.0,0.0,0.0,0.04019868602054922,0.6988665961188275,0.2566716368659215,0.005630960268367865,0.15222740389151346,0.02617087614726086,4.875439361297101,4.724651415513414,4.724651415513414,0.0912827405735311,0.0,4.969770565163183,4.760698758611477,12
sample_213d618838a6e60b1980,15d6514caf429b0e6d11af7096884dc5a924958aec6d6a3d32d0e02b1dc85fb5,map_013,map_013,final,0,six_axis,explicit,6,RECOVERED_LOCAL_local,v3_exact_match,2e3182561ba5e89c,pathguard_preexec_v2.0.0,npz_pre_execution_arrays_only,,1589.8468561318384,7951,0.19998073662035704,0.20000000000004547,0.20000000000004547,0.00395915010008355,0.0040178200047626894,0.024049378621557316,0.002526122634334953,0.009010426680345225,0.010444530108865145,0.02284776267153492,0.00014433045944462663,0.002648946067599172,0.0005794528612507242,0.01359277952360621,0.020143635828236264,0.06808773781919797,0.05237518293782273,0.010000398255480181,0.09292195975971485,0.026187591468983903,30.59960035751924,50.0,29.58349266227979,42.61931964154735,47.52055006313977,0.09872919007667284,0.2276493205361983,2.5604775047304775,6.20000005759706,5.5252482396010505,-0.6355173454950163,0.0,0.0,0.0,0.0,0.0,0.0,0.0,0.0,0.09872919007667284,0.3825448930221637,0.2276493205361983,0.0031202255252504693,0.04717376714240601,0.01102718373579073,3.9977823552298206,3.9732519929424472,3.9732519929424472,0.023916019524587367,0.0,4.067955931411501,4.253038740650179,12
sample_2507ffa758689cdaace7,378a39c5a493d510d720c4db1b2c35162d250bbd6c095c71d377c50a3c08143b,map_011,map_011,final,1,five_axis,explicit,5,RECOVERED_LOCAL_local,v3_exact_match,ee1b968983f0d0d8,pathguard_preexec_v2.0.0,npz_pre_execution_arrays_only,,925.6655016376296,4630,0.1999709444021667,0.19999999999999574,0.20000000000004547,0.005569965779177178,0.009401883595894344,0.047055968186450324,0.005251025985857938,0.024963980171549386,0.03722605990780813,0.041914400414769966,0.0005112345293009214,0.0068803526666527115,0.0019070649016075096,0.05106392140123351,0.05517399757560466,0.08497756977641302,0.07729647428702754,0.0005833891132762674,0.2541903353340004,0.0019804362201777444,13.966517034120406,29.099974386175735,13.638150487448474,20.92852853959488,23.414976162565242,0.1067510124500587,0.340751094103895,1.3171700509687243,4.786590769438808,4.291387307510675,-0.43243727310002517,0.058224873566789376,0.2949897719423549,0.03204112379173646,0.15515810854997364,0.23285060241584177,0.0031882119534518746,0.043370995167277215,0.012006777172769751,0.1067510124500587,0.4410058502945155,0.340751094103895,0.005953328217729432,0.057443491490631715,0.021783515830364735,4.36934065793436,4.31664016784192,4.31664016784192,0.044280312432835894,0.023023920705402424,4.377022404063984,4.3307832787433265,10
sample_272e441757622ccaa47d,aa9a907087f438a43f484576a6bba005a4088ec6887f9a3c38a6e5509d1f5b76,map_011,map_011,final,0,unknown,unknown,,RECOVERED_LOCAL_local,v3_exact_match,derived-1c6f954ff7dc8568,pathguard_preexec_v2.0.0,npz_pre_execution_arrays_only,,926.0161088059396,4632,0.1999602912558712,0.19999999999999574,0.20000000000004547,0.005568049874665394,0.009384099886973453,0.05007983790014439,0.0049374101190486725,0.025908028885022326,0.03857613194008183,0.04348293067982093,0.0005831813147391373,0.008875932185491507,0.0022891121926522026,0.0509781130236766,0.05521394788088733,0.20906136775965933,0.07730406354727375,0.0012800554006165204,1.70464852802691,0.001998280016252436,20.465703627139316,34.50096503381137,19.568048311253907,29.785798192402172,31.683290052863445,0.14613653297935694,0.4565448057917077,2.401391814969019,6.3000002100102686,5.998765999616208,-0.6417331922770723,0.0,0.0,0.0,0.0,0.0,0.0,0.0,0.0,0.1461365331519848,0.5248229068493623,0.4565448057917077,0.008202658664900353,0.09003387600465806,0.02759057620297971,2.4,2.4,2.4,0.04642678749291186,0.0,2.399999999999636,2.399999999999636,12
sample_276a67c2e91aad3d1841,2ff816aef27f164f1b9897966d2196682bbd857aefcf6a099cbc4363b4fdc03e,map_022,map_022,final,1,five_axis,explicit,5,RECOVERED_LOCAL_local,v3_exact_match,ee1b968983f0d0d8,pathguard_preexec_v2.0.0,npz_pre_execution_arrays_only,,1344.7376956598873,6734,0.19972340645475825,0.1999999999999318,0.20004304934850553,-0.0008980841277320832,0.002582208504819935,0.02117193459994155,0.0010764654181746251,0.006508132258454825,0.008574908519494977,0.019523370161726377,0.00012037555026306421,0.014389321670352742,0.0005029964753419668,0.0,0.0,0.0,0.0,0.0,0.0,0.0,32.48742812822177,48.26155809329438,31.914120394438974,43.43870561904071,44.94905128598974,0.06112653422826835,0.17736475173606125,1.6110167476973194,5.468190060847277,4.703362831644781,-0.6017539570321793,0.01581603653452226,0.1312248095408543,0.006534908404177723,0.03976992345735869,0.05252133564745249,0.0007286235550769719,0.08908572558052792,0.003074474389612847,0.06112653422826835,0.3402109843010467,0.17736475173606125,0.0028466156043211615,0.2332270127121817,0.013410667259620465,2.5659917217651325,3.0150886339267657,2.5659917217651325,0.02000438759322287,0.021714211916375355,2.58179712666746,3.0230564537794136,10
sample_27bb95f5902eb0b6f32f,98e4050cc786b3f58f99c773c7795a80be690562c321996b2ca733d4e522a2c1,map_015,map_015,final,1,unknown,unknown,,RECOVERED_LOCAL_local,v3_exact_match,derived-1c6f954ff7dc8568,pathguard_preexec_v2.0.0,npz_pre_execution_arrays_only,,49.86566304476828,251,0.19946265217907314,0.1999999999999993,0.20000000000000284,0.0011428845642127516,0.0022397910663599354,0.0038037306068133755,0.002333967984024379,0.003453927364013054,0.0035808690909898497,0.0037803745497375597,0.0005714145596412192,0.007324573089021228,0.001333225433302774,0.0,0.0,0.0,0.0,0.0,0.0,0.0,13.754346219181055,17.13455291402446,15.430633112652053,17.13455291402446,17.13455291402446,0.031233670909883757,0.053750949047802206,0.46214033603500176,0.9178675237544482,0.8866467540119929,0.11405770628465785,0.0,0.0,0.0,0.0,0.0,0.0,0.0,0.0,0.030003495072753503,0.0564448431078555,0.053750949047802206,0.008372302757458573,0.09283842445583582,0.020353981608453545,2.3000613558212306,2.304479289079416,2.3000613558212306,0.0034222755026972716,0.0,2.302481916783933,2.3208049905148656,12
sample_28a59c1806b6039cab0e,1de3b7f0248b94ac4799db6c9144c59507dedcec8e47efdaaad2c228e8e0c04f,map_013,map_013,final,0,five_axis,explicit,5,RECOVERED_LOCAL_local,v3_exact_match,ee1b968983f0d0d8,pathguard_preexec_v2.0.0,npz_pre_execution_arrays_only,,1588.3013898303477,7943,0.199987583710696,0.20000000000004547,0.20000000000004547,0.004070917739970783,0.004093159557098166,0.029480977842695617,0.002670986461066952,0.009150136811824269,0.013396615465344675,0.02457210642130687,0.0001375702419777697,0.004836378816954465,0.0005544860231643772,0.013597852136165836,0.02015028881718938,0.05396170243741949,0.05302830108700078,0.0003247859946147383,0.02572356913787023,0.0015477324282322145,31.79345191705475,51.00731220592815,30.247443711353494,42.3176163561424,47.195543512250104,0.11251178287436917,0.34516540461853934,3.1494410871041314,15.322638715035719,8.623492930371166,-0.5140639539091236,0.025087019456982267,0.18374877196056683,0.01624731166210631,0.05607979037129032,0.08246631428118821,0.0008495044289120537,0.03036699537823584,0.0034398632473276454,0.11251178287436917,0.672098772957186,0.34516540461853934,0.0033949858386585832,0.09558081957471254,0.014588841625890171,3.300934759188085,4.033165480309744,3.300934759188085,0.02845638514759411,0.006897261990472898,3.3031375624947636,4.035174159508803,10
sample_28f42be1e2161d010dcc,c1f8fcd5a448e140374b12167f78a23db9f4948fc798c5b606eb02057d19e685,map_005,map_005,final,0,five_axis,explicit,5,RECOVERED_LOCAL_local,v3_exact_match,ee1b968983f0d0d8,pathguard_preexec_v2.0.0,npz_pre_execution_arrays_only,,230.37828662321922,1152,0.20015489715310097,0.1999999999944535,0.20108645377094092,0.003701629198381781,0.005686052214764701,0.021877941108225274,0.005096359468973466,0.006806458623311597,0.01552729222553888,0.020512136969751862,0.00036296974830149394,0.005640333783657563,0.0018263860169094957,0.0,0.0,0.0,0.0,0.0,0.0,0.0,23.401498268332958,29.83462760231322,25.21873402491189,29.303761073144855,29.50269243616818,0.12000114768567942,0.14989969482374088,2.933434998865748,4.500513567213891,4.406299376345714,-0.5839832135243471,0.037944380089597045,0.13654454251493417,0.031130644696140006,0.06702326316937897,0.10268907652183493,0.0032789246678140388,0.06081078711353036,0.019100826907474253,0.12000114768567942,0.22171582073469534,0.14989969482374088,0.006165249142886742,0.20185821020656283,0.024838504225646194,4.030647034392957,4.6984637439708905,4.030647034392957,0.021877941108225274,0.020303709142059083,4.203752257832826,4.988921808461746,10
sample_29f9e066efca11f2cdea,954d4af771261c3623ef5d34969a1d99460e3857d07f7a915b53ac8f297a8a68,map_002,map_002,final,0,six_axis,explicit,6,RECOVERED_LOCAL_local,v3_exact_match,d46c9e86aea3de5c,pathguard_preexec_v2.0.0,npz_pre_execution_arrays_only,,215.24718946308448,1078,0.19985811463610445,0.20000000000000284,0.20000000000001705,-6.571122221531896e-05,0.014179448259355477,0.0850514553387196,0.009687019213671669,0.03408414055878135,0.05997642857654131,0.08304995367050105,0.0018916695732439153,0.08677506882524888,0.009070696650045073,-1.235869786224664e-17,0.024540638496334345,0.1811304869354362,0.059401479332978055,0.004769000815088758,0.11939126028044542,0.024432291956913314,15.230495953886477,26.716507237904576,19.092538932539952,24.174598454303577,26.432761205652444,0.14347815946345688,0.29793123923578513,2.3565129606199924,6.03755518638007,5.898394175779597,-0.5059097014282238,0.14721266213643763,0.9839304355329885,0.08773408169578924,0.46703802560788577,0.6419540828817074,0.07193758292082193,1.6107187732282207,0.5027022246502396,0.14784789998730238,0.3110962889232994,0.2980268106957167,0.034190275731810986,0.8306824071126366,0.2130998831081645,2.5109482862687296,2.6176908253164766,2.5109482862687296,0.07300681686977618,0.43456022728576826,2.5134859031890615,2.8501183110683552,12
sample_2cc30094cb2741ad4d78,03f5da8000b5c2884c0445dc5bf20570e4cc93fa7cfe0eba713601f45fd8a731,map_022,map_022,final,0,six_axis,explicit,6,RECOVERED_LOCAL_local,v3_exact_match,2e3182561ba5e89c,pathguard_preexec_v2.0.0,npz_pre_execution_arrays_only,,1345.9953223013763,6732,0.19996959178448614,0.1999999999999318,0.2000052039877005,-0.0009081736617844167,0.0027991311540321528,0.022034431801172007,0.0016565196680465436,0.006339548607423416,0.010000958697753842,0.021542552926143328,0.00016587942144227142,0.00215124854180082,0.0006557440414760039,2.034796216615159e-05,0.0007819142825464231,0.062439253739705575,0.0003007649615735852,0.0006210401814111352,0.0388652378086847,0.00019058654072214143,30.81536687283046,48.37575252035976,29.961416040007155,39.8930700944144,44.89001057417249,0.07183159817141453,0.2217774761050794,1.9454267666924863,6.200000071336573,5.2610131887251175,-0.5414767750830864,0.02144645363258281,0.17076801820302412,0.01279442466449977,0.04826319641831616,0.07677593807525965,0.0013643755567235019,0.02010917535900618,0.00533293963147935,0.07213312088269311,0.37112842527745576,0.22271444525244938,0.004919973166315944,0.07683132449328844,0.017929632297271236,3.4539479751948976,3.622973792929273,3.4539479751948976,0.021970688545441267,0.008859381438864632,3.4876115432039203,3.6414805428869297,12
sample_2e80ef727ad48183e720,3fd59a02cbba42f3f91b5bec1857d9bbdcf095a3b5d9b8c8cd584b2cbcf3364a,map_018,map_018,final,0,five_axis,explicit,5,RECOVERED_LOCAL_local,v3_exact_match,ee1b968983f0d0d8,pathguard_preexec_v2.0.0,npz_pre_execution_arrays_only,,2588.345667058092,12943,0.1999958018125554,0.20000000000004547,0.20000000000027285,-0.0024884507491820173,0.0035593147023525265,0.11302507420617874,5.767069126233668e-05,0.008494704608925832,0.013017859240372114,0.03828819223895085,0.00023645997158168962,0.022774106996965776,0.0009829912027418562,-0.0040452508633992,0.01021639414296172,0.04566666737278435,0.03959355478502395,0.0001684408750136501,0.006002711501702496,0.0011211374428522025,22.98588055824064,40.0,22.478911238557146,36.692069515896954,39.70464011494558,0.05039970273580533,0.1934738560396585,0.8920936833048627,4.754430942079152,3.93651484239414,-0.3901974783440628,0.02184487941269353,0.6766949389077442,0.00034964323080958495,0.05202550110488403,0.08010492822509654,0.0014210401533445586,0.13540517939187668,0.005977387244431058,0.05039970273580533,0.5646300287066549,0.1934738560396585,0.0023346470799669914,0.15036879913962742,0.010336052308757395,2.517648256079614,3.9980037301070865,2.517648256079614,0.0862955815504289,0.08464083753690821,2.738750441419446,3.9989943162248642,10
sample_2fb32cb1660653204be8,30b44122235e8ac94c626861a175f4d3fea335995e2ce79ba0205e2cbcc6f312,map_005,map_005,final,1,five_axis,explicit,5,RECOVERED_LOCAL_local,v3_exact_match,caa95ee3926759a8,pathguard_preexec_v2.0.0,npz_pre_execution_arrays_only,,230.41241189707418,1154,0.19983730433397587,0.20000000000000107,0.20000000000001705,0.0043076493001164414,0.006185483493449958,0.03581443369860306,0.005139086788303026,0.0052021881218956905,0.015265040016433768,0.029766328772621958,0.0003074737352734046,0.004688206302744927,0.003227808740505887,0.0,0.0,0.0,0.0,0.0,0.0,0.0,23.16147006643093,27.838992188800958,27.83879427988395,27.838795481029173,27.838805714901874,0.12480571588301088,0.1430666358148731,3.0824463105074376,4.053623445024783,3.9827882728298145,-0.5788214911996965,0.037877756487281575,0.22390206704915777,0.03135394593345521,0.03174129454454143,0.09413582598477517,0.0018947577931164915,0.02972656300494636,0.020125712334615464,0.12480571588301088,0.1590350680183814,0.1430666358148731,0.003147085027786899,0.3285660580568812,0.01963543921369427,4.17818817509324,4.993571730265039,4.17818817509324,0.034691948608045295,0.020913527726373653,4.34454024356781,4.997689233248927,10
sample_300ee46505f6c29af942,5504959055d3df631f072a80b12a7881153978d48901c2155b384de341ac95bd,map_011,map_011,final,0,unknown,unknown,,RECOVERED_LOCAL_local,v3_exact_match,derived-1c6f954ff7dc8568,pathguard_preexec_v2.0.0,npz_pre_execution_arrays_only,,926.0049462874529,4632,0.19995788086535368,0.19999999999999574,0.20000000000004547,0.005568046181451536,0.009385703582332228,0.04922945644422937,0.005065930626095163,0.025754961797962175,0.0383120467609105,0.04311442655093778,0.0005528548254809736,0.007010446873712203,0.0022773258869579352,0.050787371291650146,0.05540468961291407,0.6525261143433454,0.07725613979777232,0.003414948166430915,6.116506803643347,0.0019513465226790813,21.17956738619107,35.32634293806725,19.90677970436907,30.101308205974448,32.02170160448884,0.15331424368971,0.4917130142157368,2.615425872375106,7.000000099934931,6.709537265157988,-0.6589110919022433,0.0,0.0,0.0,0.0,0.0,0.0,0.0,0.0,0.15331424369269872,0.5656778702637646,0.4917130142157368,0.008128698728713342,0.08383223534610718,0.02824568489063148,4.484915613252073,4.483673231718514,4.483673231718514,0.046276664207069516,0.0,4.494360309921581,4.494186739503051,12
sample_3074a5bc261ef55a80fc,df2d036bb9ca46e08431cdf6e69cab389a95e804d936853021b43c79d30d0c78,map_011,map_011,final,1,unknown,unknown,,RECOVERED_LOCAL_local,v3_exact_match,derived-1c6f954ff7dc8568,pathguard_preexec_v2.0.0,npz_pre_execution_arrays_only,,924.4862573114267,4624,0.19997539634683684,0.19999999999999574,0.20000000000004547,0.0055761900626396365,0.009488808321864831,0.04146984077924657,0.0056865999057533565,0.02354992274574982,0.03445459466213133,0.03933432649497404,0.00041444417994498245,0.00348844120727905,0.0014687642097248156,0.051135189332883274,0.05524058607952683,0.08606616424094682,0.07699061973563895,0.0005542756135666178,0.1487349871517672,0.0019431092544511272,20.753125892718295,34.60428412806697,20.187372124837523,29.683511167710826,31.553571304190854,0.15164038732749546,0.41526915909118983,2.5624102166836584,6.200000096586426,5.84832960541151,-0.7232402276425044,0.0,0.0,0.0,0.0,0.0,0.0,0.0,0.0,0.1615449708735328,0.4985774324140009,0.4587669580711653,0.006114949944692777,0.04143960920903367,0.020052116217518078,3.8988285181491977,3.932799463786702,3.8988285181491977,0.03980934830565367,0.0,3.971224998255339,4.064046189826513,12
sample_30e5deb5d00fd67a761c,f8b95cfec658b95414d4b38bbd0271935eaf9d6e11ee3f62640724182ce93af4,map_005,map_005,final,0,five_axis,explicit,5,RECOVERED_LOCAL_local,v3_exact_match,ee1b968983f0d0d8,pathguard_preexec_v2.0.0,npz_pre_execution_arrays_only,,230.07450975439608,1152,0.19989097285351526,0.20000000000000107,0.20000000000001705,0.004476129115192693,0.006197393763885338,0.02201590962233036,0.005102705672929698,0.010915218703075099,0.016631232772718586,0.02063952442544707,0.0005381915025466585,0.009853788629348409,0.003115934489508777,0.0,0.0,0.0,0.0,0.0,0.0,0.0,24.14424521033117,30.830917865342933,26.031142683081228,30.512389103270543,30.675474397036126,0.133633705476554,0.19306991953778965,3.317367891568064,8.075071354431447,4.849233144335435,-0.638128506448592,0.037944380089597045,0.13654454251493417,0.031130644696140006,0.06702326316937897,0.10268907652183493,0.003285989416800608,0.06111507355410212,0.01910082689834428,0.133633705476554,0.37818647696628416,0.19306991953778965,0.009560828467544476,0.1972878304511826,0.04877622782973514,4.030647034392957,4.6984637439708905,4.030647034392957,0.021531894215762765,0.02054438269271219,4.201826567349969,4.98600438057722,10
sample_3143a44e5b9881d1da3a,2eb31e0b5622141e01c7bc3d05fda39f309da9240d10b477c27d41fb55ec0320,map_022,map_022,final,1,five_axis,explicit,5,RECOVERED_LOCAL_local,v3_exact_match,ee1b968983f0d0d8,pathguard_preexec_v2.0.0,npz_pre_execution_arrays_only,,1344.7376956598873,6734,0.19972340645475825,0.1999999999999318,0.20004304934850553,-0.0008980841277320832,0.002582208504819935,0.02117193459994155,0.0010764654181746251,0.006508132258454825,0.008574908519494977,0.019523370161726377,0.00012037555026306421,0.014389321670352742,0.0005029964753419668,0.0,0.0,0.0,0.0,0.0,0.0,0.0,32.671201505843676,48.27027025239632,32.56244052987982,43.634923767873545,45.11810955382518,0.06132210145116594,0.18042472630106787,1.6227215773791888,5.505637397122071,4.862933527654192,-0.6055710578552912,0.01581603653452226,0.1312248095408543,0.006534908404177723,0.03976992345735869,0.05252133564745249,0.0007286235550769719,0.08908572558052792,0.003074474389612847,0.06132210145116594,0.34104732123605597,0.18042472630106787,0.0028617025022520345,0.23340798453037542,0.013496606082788841,2.5659917217651325,3.0150886339267657,2.5659917217651325,0.02000438759322287,0.021714211916375355,2.58179712666746,3.0230564537794136,10
sample_31858112ed60b1a4bbb0,29c01de1c67d56ac4e6488e97986d5343dd4eb647a655c1093d31cead92b7cfb,map_001,map_001,final,0,six_axis,explicit,6,RECOVERED_LOCAL_local,v3_exact_match,d46c9e86aea3de5c,pathguard_preexec_v2.0.0,npz_pre_execution_arrays_only,,9729.730653063041,48650,0.19999857454547967,0.1999999999998181,0.2000000000007276,0.0006449422435255539,0.0030871839332746696,0.10256907111515355,1.9023725020621258e-05,0.002013845724619962,0.018528191491780248,0.07389337489542275,0.00035898849988626983,0.012534035957755763,0.002962302490856878,8.914303576448136e-24,1.3862812038493934e-07,6.653079172852739e-05,2.710505431213761e-20,8.139528769536849e-08,3.287790599771907e-05,6.77626357798664e-20,35.37112142447984,50.0,38.427337310855215,50.0,50.0,0.018697649279794556,0.13781758337345756,0.2295646861883549,5.086054565129701,1.0825072700193663,-0.5149172174910295,0.0,0.0,0.0,0.0,0.0,0.0,0.0,0.0,0.034501403290255105,0.7253186895842921,0.2404553612794773,0.0035812139784522725,0.1310547125613012,0.02737513831743464,2.3004400456911256,2.312228603109861,2.3004400456911256,0.0927419014648863,0.0,2.3146784738052575,2.327032134996033,12
sample_31d03f5dc531baf0c45a,8cecba023f567c86631bb6efdec36aa8b7ce5efdf77e0b50be70e78e4ec06fce,map_003,map_003,final,1,unknown,unknown,,RECOVERED_LOCAL_local,v3_exact_match,derived-1c6f954ff7dc8568,pathguard_preexec_v2.0.0,npz_pre_execution_arrays_only,,135.01439021460007,677,0.19972542931153855,0.20000000000000284,0.20000000000000284,0.0006254146445513226,0.0022473414744414535,0.007757747363331579,0.0010788422489952493,0.006704513920463648,0.00728021992704785,0.0077252556318030815,0.0002616245615613924,0.0008163120650455033,0.0007615923865110183,0.0006008049821808771,0.0006008049821808771,0.0075407604556403385,0.0006240016444776231,0.0002262199836396177,0.06317967797544,5.0014956922694864e-05,22.367315853814453,28.845238527591167,24.7916602154136,27.89564978649814,28.09235073565695,0.052460362046883466,0.1732294278332694,1.2430997035998268,4.633259697547514,4.247344545554392,0.13769659304316542,0.0,0.0,0.0,0.0,0.0,0.0,0.0,0.0,0.05247097436085134,0.18948669821048497,0.1732294278332694,0.005878124909501945,0.016097254394696003,0.014927095218615832,4.999325355560487,4.998599419443416,4.998599419443416,0.007285345054613219,0.0,4.999495528081119,4.999295362067405,12
sample_323765edaaffdb457600,f6fffc637d19fa0b7ac0409a140853ced00b11f98b8da353a7830a2f2c2b43c5,map_004,map_004,final,1,unknown,unknown,,RECOVERED_LOCAL_local,v3_exact_match,derived-1c6f954ff7dc8568,pathguard_preexec_v2.0.0,npz_pre_execution_arrays_only,,578.5036824313657,2894,0.19996670668211744,0.19999999999998863,0.20000000000004547,0.006371696025879897,0.006371696025879897,0.006749808516235682,0.006372350782829249,0.006372351972028267,0.0063723529696366596,0.006410292356141801,3.924761201673841e-06,0.0006883387455498755,8.07039181519376e-08,0.0,0.0,0.0,0.0,0.0,0.0,0.0,27.904998654021014,29.37284416275476,29.36682958410211,29.36683184695591,29.366833935749575,0.17781917693789936,0.18713578397145056,5.0758461316489045,5.530196500192796,5.495585343468261,0.11083810148195324,0.0,0.0,0.0,0.0,0.0,0.0,0.0,0.0,0.1772696059922464,0.18713594153509291,0.18713578235078007,0.0003884940039871606,0.05897653492261599,0.0018466161424768944,4.999854185344884,4.997817524811881,4.997817524811881,0.006446011093309556,0.0,4.999854185344884,4.998628542902542,12
sample_32570f8d6d82727819e6,8ed919398079830cd43c51327d3947d619fd580b081133517feceb33a8c9fab5,map_004,map_004,final,1,unknown,unknown,,RECOVERED_LOCAL_local,v3_exact_match,derived-1c6f954ff7dc8568,pathguard_preexec_v2.0.0,npz_pre_execution_arrays_only,,578.5037345913842,2894,0.19996672471185073,0.19999999999998863,0.20000000000004547,0.006371699879230198,0.006371699879230198,0.006712373850462972,0.006372350144920233,0.006372351464955027,0.006372352533375289,0.006394470413041192,3.388129193716479e-06,0.0006610368136465705,1.1116626264483203e-08,0.0,0.0,0.0,0.0,0.0,0.0,0.0,26.972085510771183,28.31520700221987,28.314882470285212,28.314926818982844,28.314953397404487,0.1718738417658011,0.18043280609276888,4.737749755142172,5.142549443548329,5.108947002534896,0.14463828626654054,0.0,0.0,0.0,0.0,0.0,0.0,0.0,0.0,0.17129465170421826,0.18043427131268805,0.1804327771555475,0.0003816940119670947,0.05844490673141481,0.0018800757260742282,4.99981049052743,4.9986721474734415,4.9986721474734415,0.006415369378505645,0.0,4.99981049052743,4.999220297702423,12
sample_34053e38c8f01e3e774f,f2ffa6c8bcba5790afefe518da1111ff4a8f0e846514406e9ca9d35e95522fa3,map_014,map_014,final,0,five_axis,explicit,5,RECOVERED_LOCAL_local,v3_exact_match,6e898ff7ac46a278,pathguard_preexec_v2.0.0,npz_pre_execution_arrays_only,,1083.530896404707,5424,0.19980285753359892,0.19994455547009693,0.20006947659851448,-0.004180923296275599,0.006157851170942098,0.031626747211942,0.0033442736765011472,0.016660288978524763,0.018714518418411024,0.02985221595030877,0.00022488248132181648,0.0033221967073962496,0.0011511400771632018,-0.0467650918369683,0.21611552639167117,466.9988417051766,0.0,1.4187661593182181,2543.804238462322,0.0,23.112678181868848,44.16456371104626,20.056495920171777,38.798989292768944,40.990185560423484,0.10001001346227162,0.2952389031390317,1.8019982490997113,5.515136032065737,4.852170499399319,-0.6511395261719042,0.0,0.0,0.0,0.0,0.0,0.0,0.0,0.0,0.10001001346227162,0.41067673214944206,0.2952389031390317,0.003471936556387871,0.0821342187481791,0.015738179203370336,4.726559644358524,4.434850585763018,4.434850585763018,0.03041991306010845,0.0,4.726741221196208,4.438152842103163,10
sample_342efc6d323f47c27444,3465a6dfcad8052639150653edc03085a4e8f223b361daa89c530ac5f8be384a,map_019,map_019,final,1,unknown,unknown,,RECOVERED_LOCAL_local,v3_exact_match,derived-1c6f954ff7dc8568,pathguard_preexec_v2.0.0,npz_pre_execution_arrays_only,,858.5454279631281,4294,0.19998728813490055,0.19999999999998863,0.20000000000004547,0.0006567330688155273,0.002747354150153467,0.020657568881953636,0.0002913236421359346,0.010274936515300467,0.015792865202434177,0.02041365131589867,0.0003948827398218732,0.009787293571894302,0.002324373767000576,0.0,0.0,0.0,0.0,0.0,0.0,0.0,32.60866741775298,50.0,32.059725704586526,50.0,50.0,0.0503100579555422,0.2443199134664082,1.0164176664283662,6.2000000966296644,5.007221716904084,-0.585201605882774,0.0,0.0,0.0,0.0,0.0,0.0,0.0,0.0,0.0503106654325084,0.35787837042925696,0.2443199134664082,0.006317129698427103,0.12097167277878296,0.032101087668947294,2.931467249703318,2.683946903788889,2.683946903788889,0.02051780618279059,0.0,3.1222985014404308,2.7193823370976937,12
sample_3476279e75bb09d4e877,a000af9f26d629f2ff831d48eca19db38a0ebe9370523fd03d538fcebbd973c5,map_013,map_013,final,1,six_axis,explicit,6,RECOVERED_LOCAL_local,v3_exact_match,2e3182561ba5e89c,pathguard_preexec_v2.0.0,npz_pre_execution_arrays_only,,1589.8609026036997,7951,0.19998250347216348,0.20000000000004547,0.20000000000004547,0.003958947960065267,0.004025255448677728,0.025013368783664832,0.0024836791495753407,0.009048306908981934,0.010437077487321686,0.02186726034644041,0.0001564638999350443,0.002917956167109364,0.0005595644354964777,0.01358545442108274,0.020131627619003972,0.05366343991086353,0.052971977800901016,0.000332966523138202,0.07177810562570128,0.0015608626189590469,31.378901631650496,50.0,30.53623272261504,43.819107040453254,48.310777283532445,0.10014698441003131,0.22798040690399024,2.643187842697711,6.200000063679327,5.523649277525694,-0.6818425671435541,0.03076910191129155,0.19332711201746425,0.018865596925697937,0.06922034983566198,0.07994793454231211,0.0011997544818340671,0.022614372767463642,0.00430420631733737,0.10014698441003131,0.39063399582089137,0.22798040690399024,0.003431313596535771,0.05157283717485406,0.012076472654991456,2.4,2.4,2.4,0.024356761307119924,0.013992598778182562,2.399999999999636,2.399999999999636,12
sample_347eac32e8b8cf5ff624,a90a4409db31b48800124c25b4eaa8203b612b0bb03a5e4cf98266ff0ff56175,map_002,map_002,final,0,six_axis,explicit,6,RECOVERED_LOCAL_local,v3_exact_match,d46c9e86aea3de5c,pathguard_preexec_v2.0.0,npz_pre_execution_arrays_only,,215.24718946308448,1078,0.19985811463610445,0.20000000000000284,0.20000000000001705,-6.571122221531896e-05,0.014179448259355477,0.0850514553387196,0.009687019213671669,0.03408414055878135,0.05997642857654131,0.08304995367050105,0.0018916695732439153,0.08677506882524888,0.009070696650045073,-1.235869786224664e-17,0.024540638496334345,0.1811304869354362,0.059401479332978055,0.004769000815088758,0.11939126028044542,0.024432291956913314,15.204472001368709,26.716507237904576,19.092538932539952,24.174598454303577,26.432761205652444,0.14304450967833363,0.29793123923578513,2.3543966728172734,6.03755518638007,5.898394175779597,-0.5041182999353505,0.14721266213643763,0.9839304355329885,0.08773408169578924,0.46703802560788577,0.6419540828817074,0.07193758292082193,1.6107187732282207,0.5027022246502396,0.1476087835791616,0.3110962889232994,0.2980268106957167,0.033916041913475255,0.8306824071126366,0.2086061233471542,2.5109482862687296,2.6176908253164766,2.5109482862687296,0.07300681686977618,0.43456022728576826,2.5134859031890615,2.8501183110683552,12
sample_34851aaad41d3797ef7f,8419bd0d77b7744bc87330a3a2a649ad246853c4bd8ecf14ff2382246a7a1ffd,map_023,map_023,final,0,unknown,unknown,,RECOVERED_LOCAL_local,v3_exact_match,derived-1c6f954ff7dc8568,pathguard_preexec_v2.0.0,npz_pre_execution_arrays_only,,245.30488462385864,1228,0.19992248135603802,0.20000000000000107,0.20000000000001705,0.012792978632849037,0.01324372329864957,0.17964137663029867,4.6850969346009084e-14,0.024918955678904717,0.14687831368287443,0.17934490459973057,0.0017595663868015304,0.038117719492128666,0.01317690503993074,0.0,0.0,0.0,0.0,0.0,0.0,0.0,19.995091159063332,37.069177748084236,20.611586428000457,34.17832443383205,36.55144535506561,0.07685068415649925,0.8634240444120486,0.45000050475272885,6.246150355802904,5.060823942412821,-0.467060229475085,0.09071993956568343,0.984,3.547649100818716e-13,0.33841556226890024,0.9533452079317812,0.00839284561930462,0.20791582418039978,0.07232818742725255,0.0770122111472191,0.959059782036177,0.7785709724532601,0.008635132714807668,0.16377300535031036,0.0651684898771371,2.4,2.4,2.4,0.17565207581039868,0.0883866290606179,2.3999999999999773,2.3999999999999773,12
sample_348bf5fc8b4a56016343,cc496af9f9f851cbe2ca65a6e8d4666e7c787e1e23eb44fff2dec0800ea49e49,map_005,map_005,final,1,six_axis,explicit,6,RECOVERED_LOCAL_local,v3_exact_match,2e3182561ba5e89c,pathguard_preexec_v2.0.0,npz_pre_execution_arrays_only,,230.39998952209854,1153,0.1999999909045994,0.20000000000000107,0.20000000000001705,0.0051392810213077445,0.0051392810213077445,0.00523905053756539,0.005139096444529446,0.0051390964502409,0.005139096452245464,0.00513989132459635,1.0965922348239142e-06,0.00023005145931946462,8.629787166118577e-10,0.0,0.0,0.0,0.0,0.0,0.0,0.0,26.868095217205102,31.14126106567214,31.141259409257643,31.14126017815739,31.141260424673572,0.13808080944766982,0.16003794021327794,3.939798327492804,5.080692949460584,4.983783155977827,-0.0648039175247906,0.0391573851025613,0.03992195989333647,0.03915597061136131,0.03915597065512611,0.039155970670486366,8.403415802957343e-06,0.0017629929282800133,6.612695072071267e-09,0.13808080944766982,0.16314987818721222,0.16003794021327794,0.0007373824291561752,0.04944850981441491,0.0026145313722646365,2.4,2.4,2.4,0.005170035099769551,0.0008334945971815888,2.3999999999999773,2.3999999999999773,12
sample_35f79e5f11d6c524f058,9e440014634d9e0ea182cf53e1ea46629dc8e579d850868525e0d993c0188ef6,map_022,map_022,final,1,five_axis,explicit,5,RECOVERED_LOCAL_local,v3_exact_match,c55daff1b698d1f4,pathguard_preexec_v2.0.0,npz_pre_execution_arrays_only,,1344.7376956598873,6734,0.19972340645475825,0.1999999999999318,0.20004304934850553,-0.0008980841277320832,0.002582208504819935,0.02117193459994155,0.0010764654181746251,0.006508132258454825,0.008574908519494977,0.019523370161726377,0.00012037555026306421,0.014389321670352742,0.0005029964753419668,0.0,0.0,0.0,0.0,0.0,0.0,0.0,32.63381986976195,48.26155809329438,32.47479813154794,43.413773574178116,44.91628501923417,0.06175608874392651,0.17736475173606125,1.6341494261872274,5.468190060847277,4.703362831644781,-0.604096107568816,0.01581603653452226,0.1312248095408543,0.006534908404177723,0.03976992345735869,0.05252133564745249,0.0007286235550769719,0.08908572558052792,0.003074474389612847,0.060368363544960744,0.34104732123605597,0.18042472630106787,0.002844818684495886,0.23340798453037542,0.013450867051446973,2.5659917217651325,3.0150886339267657,2.5659917217651325,0.02000438759322287,0.021714211916375355,2.58179712666746,3.0230564537794136,10
sample_361ed7022d3155b5c64a,40c66d0233c173c9ecaea23574da03b2be10116c85c207bf6f95f5a395a3355c,map_023,map_023,final,0,unknown,unknown,,RECOVERED_LOCAL_local,v3_exact_match,derived-1c6f954ff7dc8568,pathguard_preexec_v2.0.0,npz_pre_execution_arrays_only,,245.30488462385864,1228,0.19992248135603802,0.20000000000000107,0.20000000000001705,0.012792978632849037,0.01324372329864957,0.17964137663029867,4.6850969346009084e-14,0.024918955678904717,0.14687831368287443,0.17934490459973057,0.0017595663868015304,0.038117719492128666,0.01317690503993074,0.0,0.0,0.0,0.0,0.0,0.0,0.0,19.49768849686532,35.94286337493061,20.13712902901569,33.11876465359026,35.43657360107604,0.07684250416747448,0.860361780014165,0.44993904464979756,6.246150355802904,5.061166851583884,-0.46728715495973216,0.09071993956568343,0.984,3.547649100818716e-13,0.33841556226890024,0.9533452079317812,0.00839284561930462,0.20791582418039978,0.07232818742725255,0.0770079352869715,0.959059782036177,0.7764843686192452,0.008635132714605994,0.16125479462210324,0.06434270490997376,2.4,2.4,2.4,0.17565207581039868,0.0883866290606179,2.3999999999999773,2.3999999999999773,12
sample_36694aa9e950ee6f2a9a,745bb25efdf6c54fe2b89577d791d4b4c491267be7ac0268633d1940fa687502,map_011,map_011,final,0,unknown,unknown,,RECOVERED_LOCAL_local,v3_exact_match,derived-1c6f954ff7dc8568,pathguard_preexec_v2.0.0,npz_pre_execution_arrays_only,,924.4857194152945,4624,0.19997527999465597,0.19999999999999574,0.20000000000004547,0.00556448237875854,0.009728961094250135,0.03562216995639427,0.005413206291498162,0.02398105625531378,0.030530985484557717,0.03461165453209237,0.0005327685323058851,0.0057351751653243604,0.002216058426844322,0.051135183059074565,0.05524076593175112,0.08831061204667634,0.0768148276856504,0.0005552917941252267,0.15076676721194748,0.0020117487709412863,20.075622154573274,31.651528572183025,19.345947371827673,27.5068328137817,28.474960164557526,0.16085971017237213,0.4522114643577956,2.759091478857222,7.000000384696153,6.694461213188471,-0.6894708924772408,0.0,0.0,0.0,0.0,0.0,0.0,0.0,0.0,0.16086026972602754,0.4993547870987838,0.4522114643577956,0.008643880915004698,0.07651486835559551,0.033465572814007784,3.4527492674843128,3.3336893202068953,3.3336893202068953,0.034980781493170264,0.0,3.5745782299829227,3.503134236012414,12
sample_36dbc890c0019f75b4b3,1ec33434bae3e9e573473f579110b2449c08beb70fa5f6ebe84068a7226d5537,map_025,map_025,final,1,five_axis,explicit,5,RECOVERED_LOCAL_local,v3_exact_match,derived-668819143a39da03,pathguard_preexec_v2.0.0,npz_pre_execution_arrays_only,steer_ff_rad:used_beta_ref_rad;yaw_rate_ref_radps:derived_from_yaw_per_m_and_speed,344.8260487351796,1761,0.1959238913268066,0.19994279810545024,0.20617652355021504,0.0007098366004979604,0.03031908882025952,0.44178719678092504,0.01255143583362182,0.09120948873967905,0.1326924290103041,0.16394958475523785,0.014436026422862963,1.3690435268350862,0.0514121530022742,0.00010991102156166741,0.0010417058502315722,0.49983445401437326,0.0,0.004958519809183294,1.6438476910307613,0.0,8.001843840865952,15.0,7.249121929436684,13.389159233490249,15.0,0.15149002106770512,0.4974003929732973,1.0053276575785033,7.068595148494801,2.4044119397701325,-0.511429841844758,0.020763891179265675,0.28420223594839067,0.0,0.08907155330219396,0.12147426706598408,0.01002749320388949,1.3141250935461763,0.05699640188919347,0.1435331329247072,0.6747325666856889,0.41485915143788077,0.0498679668823075,0.933943106294373,0.22203294189874098,2.310450594327653,2.3080931279796983,2.3080931279796983,0.15629615148756532,0.0890134109006557,2.322870828005431,2.3460275110601287,1
sample_37108cb5e346cb39a11c,8b30292c25cf886ee0bf8f5f1c7802e2a533388f289f1c01ad1dde5e3945923e,map_023,map_023,final,0,unknown,unknown,,RECOVERED_LOCAL_local,v3_exact_match,derived-1c6f954ff7dc8568,pathguard_preexec_v2.0.0,npz_pre_execution_arrays_only,,245.30488462385864,1228,0.19992248135603802,0.20000000000000107,0.20000000000001705,0.012792978632849037,0.01324372329864957,0.17964137663029867,4.6850969346009084e-14,0.024918955678904717,0.14687831368287443,0.17934490459973057,0.0017595663868015304,0.038117719492128666,0.01317690503993074,0.0,0.0,0.0,0.0,0.0,0.0,0.0,19.996488561580236,37.069177748084236,20.611586428000457,34.17832443383205,36.55144535506561,0.0770959493349422,0.8634240444120486,0.4528195156941085,6.284701833588646,5.060823942412821,-0.4665957096168127,0.09163602268472996,0.984,3.547649100818716e-13,0.35929145178301397,0.9475981062484284,0.008391555464005548,0.20499667932417842,0.07249866792828745,0.07727477210776433,0.9598222248117162,0.7696488831543725,0.00857558274804448,0.16016124601021864,0.06316008760575577,2.4,2.4,2.4,0.17565207581039868,0.08649087102320184,2.3999999999999773,2.3999999999999773,12
sample_37394d95483d96d12243,48d13159987ef10ba4b23c9e3c2c3b92750e37b3cdf3e3744465c8be37f96fa2,map_015,map_015,final,1,unknown,unknown,,RECOVERED_LOCAL_local,v3_exact_match,derived-1c6f954ff7dc8568,pathguard_preexec_v2.0.0,npz_pre_execution_arrays_only,,49.85578107795215,251,0.1994231243118086,0.1999999999999993,0.20000000000000284,0.0012840143072519932,0.002472427754310706,0.0059203387541258475,0.0020937634010949387,0.004396292259185348,0.005497024303163409,0.005861159187542668,0.0007224157146261132,0.010977456993162639,0.0020054793031828912,0.0,0.0,0.0,0.0,0.0,0.0,0.0,12.950603986863326,16.40031631153225,13.918037725403853,16.40031631153225,16.40031631153225,0.031651450875949894,0.07919616561273234,0.4301496066758729,1.2701258550677752,1.1825592934011782,-0.07313079575712052,0.0,0.0,0.0,0.0,0.0,0.0,0.0,0.0,0.03052942469751979,0.08634331499998754,0.07919616561273234,0.00951662631900273,0.12118781348401271,0.025588643823374682,2.300546002785054,2.3000914219320916,2.3000914219320916,0.004258200572116436,0.0,2.3023597828940487,2.3147564408026824,12
sample_37b0894dce8c9d7f549f,31405b6582b38985e7050b53e2bcb1bb5ad8ca3cf0a1c659a24e18ceca1fb203,map_012,map_012,final,0,unknown,unknown,,RECOVERED_LOCAL_local,v3_exact_match,derived-1c6f954ff7dc8568,pathguard_preexec_v2.0.0,npz_pre_execution_arrays_only,,471.4196401076093,2359,0.19992351149601753,0.19999999999998863,0.20000000000004547,0.0035154010236319094,0.009322535679464299,0.037488299362211173,0.006499815106778811,0.021621228709902168,0.025232705929655437,0.03370704866325763,0.0010131489991337499,0.013582065492476675,0.004503438583515761,0.03895250156910895,0.06619199345125981,0.6345497425199937,0.09804770205904986,0.005701140881230704,4.9556037285995345,0.002452425311684384,18.890745311396945,28.679779307888413,18.94627688408355,25.456514129860945,26.726302594356593,0.1548626665809218,0.36085967733016955,2.7636747040192176,6.1319744652219725,5.706331913176396,-0.5379133006127804,0.0,0.0,0.0,0.0,0.0,0.0,0.0,0.0,0.15482146805878003,0.4389125771762489,0.36085967733016955,0.014352109203271754,0.15631561397374044,0.05341571087977072,3.4173532870488565,3.3769801791564693,3.3769801791564693,0.030793863566911172,0.0,3.4277565459807353,3.384888586590879,12
sample_38198aa5505643578f87,461b7fd375f1f42f261ddbe9d1c2a743704b4e3d9006601f4f1bb5d732dd4e25,map_016,map_016,final,0,five_axis,explicit,5,RECOVERED_LOCAL_local,v3_exact_match,c55daff1b698d1f4,pathguard_preexec_v2.0.0,npz_pre_execution_arrays_only,,229.25979663264934,1148,0.19987776515488173,0.20000000000000107,0.20000000000001705,-0.0011916511941271611,0.017789654613436217,0.058615121567852056,0.012095162955956095,0.04632964511909459,0.05277126014451144,0.05773657068063085,0.0013576796722922706,0.005447231752560573,0.004127457772414478,0.0,0.0,0.0,0.0,0.0,0.0,0.0,12.27431189730091,20.440063302027216,11.907737342633558,16.762969282995247,18.70340005860274,0.17887713599829466,0.42976658061224254,1.861608825221137,3.5000000000000013,3.5000000000000004,-0.6285867003132022,0.0,0.0,0.0,0.0,0.0,0.0,0.0,0.0,0.1504042054204487,0.49945488978109853,0.4589576202956608,0.012331835817885752,0.055413346754903836,0.047406633897404966,2.3034957637821925,2.306079922552631,2.3034957637821925,0.05494140616263057,0.0,2.3042007923622805,2.308496862262549,10
sample_38a39e2816f88a858167,49721f24ad44940506ab6e76725b1746ed5eb4312376fb8a299ffe0b01c76d8b,map_013,map_013,final,1,five_axis,explicit,5,RECOVERED_LOCAL_local,v3_exact_match,6e898ff7ac46a278,pathguard_preexec_v2.0.0,npz_pre_execution_arrays_only,,1588.301982222156,7955,0.1996859419439472,0.19990559538780417,0.20014542830176368,0.004123142918719618,0.004144934695167942,0.058904087508338684,0.0026778073799914614,0.00915759950449931,0.013451009326526295,0.025424355204796058,0.00017119005928257298,0.02264752409284143,0.0005499028891357327,0.00016153302096591704,0.16242874954369116,355.4364450518538,0.0,1.5282774856242487,4247.644436615567,0.0,29.1472670070899,51.35114690916324,27.60799756310697,40.782965797101376,46.36761864615515,0.09481936632954034,0.2280238763620215,2.332694162855836,5.592688311586239,4.813695638256532,-0.6025048225175952,0.0,0.0,0.0,0.0,0.0,0.0,0.0,0.0,0.09534524238365986,0.550869089470545,0.22818502587588874,0.0028561384060117293,0.2222117246044384,0.010051967625166535,3.300928325746873,4.033093585113818,3.300928325746873,0.02846391075796766,0.0,3.3030914419840722,4.0350854399630585,10
sample_393b68865f82ee8f4581,bf1ad070068839dec5410aaee93bc5acf28f4dff136efee6bdb73e4a79e35624,map_020,map_020,final,1,unknown,unknown,,RECOVERED_LOCAL_local,v3_exact_match,derived-1c6f954ff7dc8568,pathguard_preexec_v2.0.0,npz_pre_execution_arrays_only,,1168.322044079426,5843,0.19998665595334233,0.20000000000000284,0.20000000000004547,0.0015024823556205951,0.0034552753933073145,0.02003094251271305,0.002219055308641033,0.008633725381641262,0.014344268292489736,0.018922774131015486,0.0002493674057282317,0.006057902794101239,0.0009017769039969133,0.0,0.0,0.0,0.0,0.0,0.0,0.0,23.28720246100348,35.07500017365155,22.90061312938885,29.784898782441445,31.652246902787862,0.07245722851711418,0.2726842078953744,1.5575542544621641,6.042746097730839,5.137880010538647,-0.4155921554713993,0.0,0.0,0.0,0.0,0.0,0.0,0.0,0.0,0.07209957244876851,0.34247287772426804,0.2726842078953744,0.005114717425126222,0.07559975939632003,0.016830046438158427,3.400705265817041,3.250743512463856,3.250743512463856,0.01914129242976222,0.0,3.407378896307034,3.3048571669613582,12
sample_39f1c227cf0e9521ded3,4a51eecb0f1eded2e9dda908dbb14bf0254a0e01fa511dff7d9aec9db32fe2a6,map_023,map_023,final,0,unknown,unknown,,RECOVERED_LOCAL_local,v3_exact_match,derived-1c6f954ff7dc8568,pathguard_preexec_v2.0.0,npz_pre_execution_arrays_only,,245.30488462385864,1228,0.19992248135603802,0.20000000000000107,0.20000000000001705,0.012790864611415206,0.013096166428223779,0.1853086655636826,3.976054972796479e-14,0.008924800034419669,0.17522049819663316,0.18244658038240272,0.0017595663868015304,0.038117719492128666,0.01317690503993074,0.0,0.0,0.0,0.0,0.0,0.0,0.0,17.947559028412588,35.89810724121545,19.598848354296088,33.08554654363899,35.40524070329157,0.0492866788923383,0.5748805921942327,0.19575871425792649,3.8770086806099893,1.8940315765204274,-0.3974345267178262,0.10030481031802736,0.984,3.7025371900989045e-13,0.5036793878629062,0.896528568737643,0.03696651540186517,1.2865753722544602,0.15902064360466225,0.059822141825297215,0.7650883571116713,0.6027249759973073,0.019224519888732614,0.611667602138699,0.14522589987443169,2.4,2.4,2.4,0.17717080545882297,0.3949959556154075,2.3999999999999773,2.3999999999999773,12
sample_39f70e58ed3dc8f44612,bb1de2a827373ecad26084111b37afc495616e19d58e53ab5671f9fa5f1881db,map_017,map_017,final,0,unknown,unknown,,RECOVERED_LOCAL_local,v3_exact_match,derived-1c6f954ff7dc8568,pathguard_preexec_v2.0.0,npz_pre_execution_arrays_only,,2054.5953306917904,10274,0.19999954547763948,0.20000000000004547,0.20000000000004547,-0.001311095435849489,0.004736831597397193,0.04779257801174177,0.001779164333307776,0.012267009869587292,0.013616057838315635,0.04720649212115177,0.00019025584608880602,0.004436580389855942,0.0008046092915608901,0.0036195949205810973,0.010403052548903797,0.0423732515600177,0.04165687035823087,0.0001641766318390742,0.009786438417165137,0.0010941573959534728,28.008472049344903,50.0,27.311817474955458,38.795423564402206,44.465470753524365,0.09631204933209381,0.28213497835709966,2.143505850457249,6.999999887116483,6.174997497848826,-0.5522941094556315,0.0,0.0,0.0,0.0,0.0,0.0,0.0,0.0,0.09626085558803057,0.5573614120985646,0.28213497835709966,0.0037845484989212593,0.06655023810080551,0.017427193616302378,3.9919462048212853,3.993772734306831,3.9919462048212853,0.047389340224180114,0.0,3.9963918010157524,3.996571138222755,12
sample_3a3922dcee6045df73a5,a34284883110941b1b59affe4ac0d9994064b5e587065c0535ad4b57b40143dc,map_011,map_011,final,0,unknown,unknown,,RECOVERED_LOCAL_local,v3_exact_match,derived-1c6f954ff7dc8568,pathguard_preexec_v2.0.0,npz_pre_execution_arrays_only,,926.0161088059396,4632,0.1999602912558712,0.19999999999999574,0.20000000000004547,0.005568049874665394,0.009384099886973453,0.05007983790014439,0.0049374101190486725,0.025908028885022326,0.03857613194008183,0.04348293067982093,0.0005831813147391373,0.008875932185491507,0.0022891121926522026,0.0509781130236766,0.05521394788088733,0.20906136775965933,0.07730406354727375,0.0012800554006165204,1.70464852802691,0.001998280016252436,20.76006198467886,35.1128468320055,19.467595512266954,29.96163008949197,31.88964008146982,0.14986103907912707,0.48201075616317185,2.5032751706605256,7.000000121103246,6.5992255343024695,-0.6345040923221988,0.0,0.0,0.0,0.0,0.0,0.0,0.0,0.0,0.14986103925796598,0.5708929485161099,0.48201075616317185,0.008584848978956021,0.09816566810821697,0.028394026866572355,2.4,2.4,2.4,0.04642678749291186,0.0,2.399999999999636,2.399999999999636,12
sample_3a72dc34f9f964d7aa57,1351391af47909b222ab1606b102d1d3a611dfd61147a8630da1516f9ddc11da,map_022,map_022,final,1,five_axis,explicit,5,RECOVERED_LOCAL_local,v3_exact_match,ee1b968983f0d0d8,pathguard_preexec_v2.0.0,npz_pre_execution_arrays_only,,1344.7376956598873,6734,0.19972340645475825,0.1999999999999318,0.20004304934850553,-0.0008980841277320832,0.002582208504819935,0.02117193459994155,0.0010764654181746251,0.006508132258454825,0.008574908519494977,0.019523370161726377,0.00012037555026306421,0.014389321670352742,0.0005029964753419668,0.0,0.0,0.0,0.0,0.0,0.0,0.0,32.60670030864008,48.27027025239632,32.192576573029946,43.634923767873545,45.11810955382518,0.06128960993763775,0.18042472630106787,1.6206395475280428,5.505637397122071,4.862933527654192,-0.6019767890585346,0.01581603653452226,0.1312248095408543,0.006534908404177723,0.03976992345735869,0.05252133564745249,0.0007286235550769719,0.08908572558052792,0.003074474389612847,0.06128960993763775,0.34104732123605597,0.18042472630106787,0.0028603628376736904,0.23340798453037542,0.013471684393296482,2.5659917217651325,3.0150886339267657,2.5659917217651325,0.02000438759322287,0.021714211916375355,2.58179712666746,3.0230564537794136,10
sample_3b8da6914037a98350b7,36477e70f411058be03ea4aa7f316b5d716baa80d0967794bd82d40424432bc5,map_019,map_019,final,1,unknown,unknown,,RECOVERED_LOCAL_local,v3_exact_match,derived-1c6f954ff7dc8568,pathguard_preexec_v2.0.0,npz_pre_execution_arrays_only,,858.8595657356339,4296,0.19996730284880881,0.19999999999998863,0.20000000000004547,0.0006601637025235666,0.0020746925937176136,0.019319166803015583,7.160999108089827e-05,0.009139569979796713,0.016428980035794242,0.019199555056623317,0.0002668059947601256,0.00907242340304759,0.001653465867433079,0.0,0.0,0.0,0.0,0.0,0.0,0.0,28.356221531247332,43.69575633223085,30.5174552495668,39.96803296792648,41.54653219715111,0.03652454165879445,0.2501422522293244,0.6731973696265713,6.172040312222016,4.222461496224306,-0.502077078435108,0.0,0.0,0.0,0.0,0.0,0.0,0.0,0.0,0.0363409536817747,0.34520331260360837,0.2501422522293244,0.004255921899610402,0.12089344429681964,0.024555353886480724,3.8743427496134863,2.9088955536917314,2.9088955536917314,0.019259362361215338,0.0,3.8808343522928315,2.948166444600407,12
sample_3ca78999c070aa21ecd2,fcd39379e8a5b83eaaaa30d9030fd4edb5728a3de7d4bbf126452c830a7f92ec,map_009,map_009,final,1,five_axis,explicit,5,RECOVERED_LOCAL_local,v3_exact_match,6e898ff7ac46a278,pathguard_preexec_v2.0.0,npz_pre_execution_arrays_only,,383.9628677347831,1946,0.1974102147736674,0.20081307089417066,0.21223588154423395,-0.003723358160076661,0.004725114694585728,0.06582714560943681,3.597122599785507e-14,0.01062455787018192,0.03533806477516141,0.06395453219873888,0.0004678780637814069,0.013093658612091844,0.0031558272157145607,0.0,0.0,0.0,0.0,0.0,0.0,0.0,25.406292400291676,43.756762213576664,25.04374054816416,38.57513796007983,41.47837979619202,0.05965577195561971,0.38542339733383013,0.8682077201493711,5.25654904580465,4.743946303469813,-0.5373065558967827,0.0,0.0,0.0,0.0,0.0,0.0,0.0,0.0,0.05965577195561971,0.5868830930613526,0.38542339733383013,0.006073893902284736,0.33707272307149816,0.02756811138909737,3.180225920195502,4.451219178340059,3.180225920195502,0.06277607461958569,0.0,3.1992478933512536,4.803127504564893,10
sample_3cba0d094215c6a27a97,f524c7da810a725e1760cea4f14b15fe8842b2356133de729e4880234a2a0768,map_011,map_011,final,1,unknown,unknown,,RECOVERED_LOCAL_local,v3_exact_match,derived-1c6f954ff7dc8568,pathguard_preexec_v2.0.0,npz_pre_execution_arrays_only,,923.6128445567914,4620,0.19995948139354652,0.19999999999999574,0.20000000000004547,0.005581719941138893,0.009437498504801717,0.04352292914756876,0.005751098638289598,0.024901679328226053,0.034518661769298284,0.04143640996478834,0.0004636231989147242,0.004282696017982486,0.0017344296801852632,0.0510889796419523,0.05537863909328994,0.25931174543393354,0.07718623290040033,0.0015360841126144896,2.2006051507986157,0.002036921122963284,21.718040424564247,35.2573294238654,20.516935910758143,30.164970353039227,32.06570051256311,0.1607317595503506,0.4770842649050396,2.8463976085308618,7.000000469754008,6.844589875544161,-0.701216787400656,0.0,0.0,0.0,0.0,0.0,0.0,0.0,0.0,0.16073200316283187,0.5378918870662593,0.4770842649050396,0.007053185955457596,0.05280898225575825,0.024292323422278307,3.423647103684071,3.649112685220631,3.423647103684071,0.041536501090581636,0.0,3.5250530533355464,3.740524358412782,12
sample_3cf21a3027da833922e5,ebbb1631562f1299498de518037fa315ee6a00b69f90bed3b3b9087862ee3700,map_020,map_020,final,1,five_axis,explicit,5,RECOVERED_LOCAL_local,v3_exact_match,ee1b968983f0d0d8,pathguard_preexec_v2.0.0,npz_pre_execution_arrays_only,,1168.9636531017607,5846,0.19999378154007882,0.20000000000000284,0.20000000000004547,0.0015807068663053476,0.003691838790146641,0.01928758750616024,0.002454990345630414,0.012643445116458192,0.016863320481716983,0.01907807956507154,0.00020779053830129556,0.02658349866378954,0.0010065078580587452,0.0,0.0,0.0,0.0,0.0,0.0,0.0,15.764842593994986,28.059287354760734,15.295960192220598,23.717359360563997,25.767686689961266,0.050307219930033564,0.20543454671278405,0.7662804321264283,4.155997300549166,2.721089436484456,-0.30079798130478586,0.02263817818261917,0.11936421685008591,0.014929429321059944,0.07777205808369561,0.10414371738397424,0.0012497395153089593,0.12422970084577765,0.00611044203952359,0.050307219930033564,0.28305364614719336,0.20543454671278405,0.003130912846404606,0.35316921646204824,0.011205972444115649,3.927898175002477,3.546701864763492,3.546701864763492,0.019230118713807646,0.011994051600902082,3.9295463486753888,3.7582418910327955,10
sample_3d8ea664779973d60e18,5dfa3339a607fa8b74e805d3ef81eae95dcd8a48488b99ef59a4ac5df8659e53,map_018,map_018,final,0,unknown,unknown,,RECOVERED_LOCAL_local,v3_exact_match,derived-1c6f954ff7dc8568,pathguard_preexec_v2.0.0,npz_pre_execution_arrays_only,,2589.5839335437927,12949,0.1999987591553748,0.20000000000004547,0.20000000000027285,-0.0024948976547270758,0.003604366799443661,0.11702699081496849,0.00028134276036388456,0.008494721496389468,0.01110054607533922,0.033496439878267115,0.00020539320755071064,0.013994106879917506,0.0008576615263573681,-0.00404372490761192,0.010211312865713914,0.04568533553176746,0.03956995652871739,0.0001665251488797945,0.005975730214107234,0.0011122913293347529,32.53584401528284,50.0,32.850103017415755,46.23577857359705,48.85147369072835,0.0725145352011483,0.23135472809125956,1.7466624401798714,7.156037749939891,6.134568712966644,-0.48347103937884406,0.02748112406585169,0.984,0.0012854310801938805,0.06495050329029088,0.08358292146885303,0.005982092700432017,1.6406256278024138,0.006472324420515915,0.07191659177963608,1.9332467636975028,0.22410104819221321,0.01272833494094805,5.932251126488417,0.01586010093366926,3.0950950093954117,3.272023091742533,3.0950950093954117,0.11305449916880837,0.6748469408806633,3.7432551706152997,3.3252949839059545,12
sample_3e15bf056b1b074b5e44,057b45599d96b806346a2ac7b7f99d134ec978bd804815f10f7d2648b04d73c2,map_022,map_022,final,1,five_axis,explicit,5,RECOVERED_LOCAL_local,v3_exact_match,caa95ee3926759a8,pathguard_preexec_v2.0.0,npz_pre_execution_arrays_only,,1395.3343409146994,6978,0.19999058920950258,0.20000000000001705,0.20000000000004547,-0.0013029573149355355,0.0032767776981941945,0.10142200644106303,0.0009360815801841212,0.007245541475720786,0.011995284668952713,0.024588223127542795,0.00022562175122037422,0.01145375898746584,0.0009269231453295721,2.6714137527070006e-05,0.0009759908303656504,0.06251310668280818,0.0003010579173785555,0.0007375367783793048,0.03911688205671998,0.0003209778696208106,21.964068989119216,37.1850321420028,20.91430679888773,31.910096621998637,34.19966607080275,0.04591808827804872,0.16725578623925383,0.7908085856408442,3.7238106579496026,2.5857464777985695,-0.4428765207059239,0.020113028497310326,0.6162279480195302,0.005681660348263763,0.04431328717261401,0.07373701737108102,0.0013747757117292634,0.06884020995777873,0.005684493980509731,0.04591808827804872,0.5781054367140592,0.16725578623925383,0.0025514056948986777,0.12505424365640078,0.009144922017117996,2.6306791104765828,3.691648223326847,2.6306791104765828,0.0699701629011502,0.04494788456828791,2.9757903772242216,3.835703995938743,10
sample_3ee863f16cacf81f8bc0,def7e147c38cb5ad8ea4895a39cae4648d6389233ae45cf72613c6cc06ce6cec,map_002,map_002,final,0,six_axis,explicit,6,RECOVERED_LOCAL_local,v3_exact_match,d46c9e86aea3de5c,pathguard_preexec_v2.0.0,npz_pre_execution_arrays_only,,212.38138547425845,1063,0.19998247219798349,0.20000000000000284,0.20000000000001705,0.0004229310486121319,0.01849782652940104,0.13024872529324494,0.012446842032902647,0.05018133878570362,0.06965354962168321,0.10072072545049476,0.006191037869824306,0.08855695178403054,0.035089981147186436,-1.6710788705552686e-18,0.02438363125897335,0.23138450436374736,0.05942219829543562,0.00462358185958849,0.1666726301658342,0.021684305578361894,15.702180103183846,26.712399712447937,19.23472427071429,24.20357962630747,26.432883845087147,0.17282306435587513,0.32467312413372684,2.582553426123446,6.039940639159516,5.901282800143996,-0.676385550436115,0.1215641533234718,0.9236579289217026,0.08755883366305228,0.32813626645157135,0.4457447117762133,0.027197907334237624,1.9908007351173218,0.09978296351112276,0.15451931262777593,0.4039797011033215,0.30601241117311123,0.01996684221091198,1.095394068812505,0.07757995492965311,2.4,2.4,2.4,0.07396829620749333,1.2502509822202261,2.3999999999999773,2.3999999999999773,12
sample_403bb38938b1c67d702b,7b58c2a607ae880004e1f45eef7feee4c46cb710aec725f56d175453864d8cd6,map_023,map_023,final,0,unknown,unknown,,RECOVERED_LOCAL_local,v3_exact_match,derived-1c6f954ff7dc8568,pathguard_preexec_v2.0.0,npz_pre_execution_arrays_only,,245.30488462385864,1228,0.19992248135603802,0.20000000000000107,0.20000000000001705,0.012790864611415206,0.013096166428223779,0.1853086655636826,3.976054972796479e-14,0.008924800034419669,0.17522049819663316,0.18244658038240272,0.0017595663868015304,0.038117719492128666,0.01317690503993074,0.0,0.0,0.0,0.0,0.0,0.0,0.0,17.861027181357702,35.89810724121545,19.219794819415064,33.08554654363899,35.40524070329157,0.049286696116906004,0.5748805921942327,0.1957587969463317,3.8770086806099893,1.8940315765204274,-0.39578150505281007,0.10030481031802736,0.984,3.7025371900989045e-13,0.5036793878629062,0.896528568737643,0.03696651540186517,1.2865753722544602,0.15902064360466225,0.059822141825297215,0.7650883571116713,0.6027249759973073,0.019224519888732614,0.611667602138699,0.14522589987443169,2.4,2.4,2.4,0.17717080545882297,0.3949959556154075,2.3999999999999773,2.3999999999999773,12
sample_42ec27b90056ff5e0868,201cb2e937e9761bc9f55c22c79f885233342db4e0152128fb71ba155e51b111,map_019,map_019,final,0,unknown,unknown,,RECOVERED_LOCAL_local,v3_exact_match,derived-1c6f954ff7dc8568,pathguard_preexec_v2.0.0,npz_pre_execution_arrays_only,,858.7028123319183,4295,0.19997736663528604,0.19999999999998863,0.20000000000004547,0.00066692424928956,0.0023071721770246776,0.02129664062439136,0.0009424300894509091,0.006023770262396567,0.010350253338667865,0.020802398455606223,0.00030246505771257,0.002423282012002733,0.0010341172484896253,0.0,0.0,0.0,0.0,0.0,0.0,0.0,21.4362645582563,32.8585512953726,20.90275673774152,28.112285765391732,29.824221256825084,0.044120236757054815,0.22370693816756174,0.8617718658575447,6.200000097027952,4.584814443868801,-0.28398663290883797,0.0,0.0,0.0,0.0,0.0,0.0,0.0,0.0,0.04406911071994731,0.363371946897349,0.22370693816756174,0.005658447551899109,0.03306984287988929,0.01800685903742901,3.462579815013564,2.6179586490924818,2.6179586490924818,0.021056716058500166,0.0,3.577176618988839,2.628853394113721,12
sample_436bc4cfadf5515e5ce3,231c899c22289962ba58b1e846fae8cce8abb91b5a4f765e6f2bebf0987f2aaf,map_018,map_018,final,0,six_axis,explicit,6,RECOVERED_LOCAL_local,v3_exact_match,d46c9e86aea3de5c,pathguard_preexec_v2.0.0,npz_pre_execution_arrays_only,,2586.8489758883934,12936,0.19998832438255842,0.20000000000004547,0.20000000000027285,-0.002491244116102221,0.0035425995841162337,0.10569408477257447,0.0006234772590438247,0.008527762718565528,0.011350498408964687,0.0415417846921228,0.00020693329849974347,0.028542880415640855,0.0006846399402841918,-0.004047767567005834,0.01022163885269661,0.04592066354087798,0.039596907352439814,0.00016787551862887439,0.005912269437571272,0.0011171463448178438,31.98782734051255,50.0,31.57198458016601,46.10688339734425,49.80061897452513,0.06620938099545613,0.2213640343871385,1.5349944371215458,6.146257230294702,4.66887500915562,-0.5311352841165563,0.027562846077226016,0.983996479845901,0.004724888987897603,0.06519623636626784,0.08624419362599495,0.0029987085122703465,1.1669162857208872,0.00524286578497811,0.0663612001166247,0.909313146508528,0.21907866162693396,0.0051216210551923045,1.29970647581767,0.012137857127633045,3.2452333330221115,3.3576265605868865,3.2452333330221115,0.09774241001343588,0.2427258831530773,3.324057842029373,3.6328534028615844,12
sample_4397b737ca50f5a653c7,7cb9deda8777e980f6fc1eeac763ce72648d2d17da33308b5e558c8ced09118b,map_019,map_019,final,0,unknown,unknown,,RECOVERED_LOCAL_local,v3_exact_match,derived-1c6f954ff7dc8568,pathguard_preexec_v2.0.0,npz_pre_execution_arrays_only,,858.9620436770472,4296,0.19999116267218794,0.19999999999998863,0.20000000000004547,0.000664947522097341,0.0019170249800939928,0.020989897616955803,1.0729022494775325e-06,0.009139439033730639,0.018735260576484357,0.018736842668239245,0.00012438163779042924,0.006144500062700595,0.0004451050030708013,0.0,0.0,0.0,0.0,0.0,0.0,0.0,26.819752893425285,38.94034519175844,27.996457272204513,34.99853751354949,36.617794067447655,0.03402739054423431,0.2735472855817874,0.6315709748516785,6.149498374576448,4.054708117227676,-0.5357159468671373,0.0,0.0,0.0,0.0,0.0,0.0,0.0,0.0,0.03404098795368372,0.3394494868936202,0.2735472855817874,0.002514110759675084,0.08785493500711478,0.01040661063770779,2.4,2.4,2.4,0.019092104120585054,0.0,2.399999999999636,2.399999999999636,12
sample_43d69045d19acc297507,06176e09de4e7b2a0c6cda4412dd9e9344a95bb53e1faecee5359256d50519ce,map_023,map_023,final,0,unknown,unknown,,RECOVERED_LOCAL_local,v3_exact_match,derived-1c6f954ff7dc8568,pathguard_preexec_v2.0.0,npz_pre_execution_arrays_only,,245.30488462385864,1228,0.19992248135603802,0.20000000000000107,0.20000000000001705,0.012790864611415206,0.013096166428223779,0.1853086655636826,3.976054972796479e-14,0.008924800034419669,0.17522049819663316,0.18244658038240272,0.0017595663868015304,0.038117719492128666,0.01317690503993074,0.0,0.0,0.0,0.0,0.0,0.0,0.0,17.924345201577097,35.89810724121545,19.478103476288084,33.08554654363899,35.40524070329157,0.04928668757990769,0.5748805921942327,0.19575875585993951,3.8770086806099893,1.8940315765204274,-0.3970684661165598,0.10030481031802736,0.984,3.7025371900989045e-13,0.5036793878629062,0.896528568737643,0.03696651540186517,1.2865753722544602,0.15902064360466225,0.059822141825297215,0.7650883571116713,0.6027249759973073,0.019224519888732614,0.611667602138699,0.14522589987443169,2.4,2.4,2.4,0.17717080545882297,0.3949959556154075,2.3999999999999773,2.3999999999999773,12
sample_459708d7cd8e805af73b,ee45a364921c31756cc9a4b12e05c64408cdcbc003e6be6d022d1927e806c105,map_002,map_002,final,0,six_axis,explicit,6,RECOVERED_LOCAL_local,v3_exact_match,d46c9e86aea3de5c,pathguard_preexec_v2.0.0,npz_pre_execution_arrays_only,,215.24718946308448,1078,0.19985811463610445,0.20000000000000284,0.20000000000001705,-6.571122221531896e-05,0.014179448259355477,0.0850514553387196,0.009687019213671669,0.03408414055878135,0.05997642857654131,0.08304995367050105,0.0018916695732439153,0.08677506882524888,0.009070696650045073,-1.235869786224664e-17,0.024540638496334345,0.1811304869354362,0.059401479332978055,0.004769000815088758,0.11939126028044542,0.024432291956913314,15.242964259867522,26.716507237904576,19.092538932539952,24.174598454303577,26.432761205652444,0.14383994636386357,0.29793123923578513,2.358437947423431,6.03755518638007,5.898394175779597,-0.5057896909667617,0.14721266213643763,0.9839304355329885,0.08773408169578924,0.46703802560788577,0.6419540828817074,0.07193758292082193,1.6107187732282207,0.5027022246502396,0.14792331864949135,0.3110962889232994,0.2980268106957167,0.034315405824802324,0.8306824071126366,0.21217530865592968,2.5109482862687296,2.6176908253164766,2.5109482862687296,0.07300681686977618,0.43456022728576826,2.5134859031890615,2.8501183110683552,12
sample_45e8e7cd9a139dbf0cff,4b4b33e8cf2d545b3917a47263dcafd392cc873f231ec3e1d4b29fa8675a1b1b,map_024,map_024,final,0,five_axis,explicit,5,RECOVERED_LOCAL_local,v3_exact_match,c55daff1b698d1f4,pathguard_preexec_v2.0.0,npz_pre_execution_arrays_only,,370.69820983688857,1769,0.20967093316566096,0.19967954466551419,0.2962215673813105,0.008612682434645521,0.017490350459274436,0.1851412930339669,0.010358332209109424,0.015877997240439957,0.08860694511984728,0.17682741315677603,0.0016178184953726986,0.039194850350859047,0.005078915804871923,0.0,0.0,0.0,0.0,0.0,0.0,0.0,16.817505191217112,22.917411683016056,19.16461725395735,21.66010158376498,21.660316160003486,0.19861585877978927,0.360278194816881,3.265891516458527,5.510600586776552,4.932827230909285,-0.5001541123772777,0.10658508475782924,0.984,0.06356726973037213,0.09734981909000452,0.5950111596787258,0.009126483840347841,0.30897058945164857,0.028322717730054656,0.19892543882611902,0.7951955811911479,0.3674429731266799,0.013278510663657274,0.18506335246400263,0.05131843674504809,2.855478541714491,1.251324033858801,1.251324033858801,0.17241211693002043,0.10417746160075023,2.8665421627140826,1.25245603854423,10
sample_46ad19b78a480be21cab,e46183cc70ffb5bd2d70160f3d79dd6582372543e316cd33eef22914e909cf5a,map_013,map_013,final,1,six_axis,explicit,6,RECOVERED_LOCAL_local,v3_exact_match,2e3182561ba5e89c,pathguard_preexec_v2.0.0,npz_pre_execution_arrays_only,,1590.1634689726864,7952,0.1999954054801517,0.20000000000004547,0.20000000000004547,0.00395849877724221,0.004049747170722117,0.02413795781723141,0.002442599467771705,0.00925460322516526,0.012024508932017943,0.02075592687015983,0.000157871770240629,0.0026486044632967436,0.0005900506744345804,0.01359363485146772,0.02014316728524151,0.06808773781919797,0.05237518293782273,0.01001863924118707,0.09815596303811037,0.026187591468983903,30.69326904184396,50.0,29.65555656669035,42.61725254109791,47.52205833200896,0.10016701161213751,0.2545785598405694,2.6082750482782364,6.19529125650365,5.730627226344461,-0.640425941656914,0.0,0.0,0.0,0.0,0.0,0.0,0.0,0.0,0.10016701161213751,0.38285458692856805,0.2545785598405694,0.0034019259300018313,0.048845454823308376,0.01200588601331596,3.2450366533246546,3.316866842712299,3.2450366533246546,0.02344975507894206,0.0,3.314008502684338,3.3238566761758515,12
sample_46b84c3ec724e0cac37a,093137a8dca82892271cacc4e57ac4e7ecb7b5330c5b73da021b7a50891da242,map_007,map_007,final,1,unknown,unknown,,RECOVERED_LOCAL_local,v3_exact_match,derived-1c6f954ff7dc8568,pathguard_preexec_v2.0.0,npz_pre_execution_arrays_only,,341.6023622946044,1710,0.1998843547657135,0.19999999999999574,0.2000000000000341,-0.003061525058734229,0.0033497560112344866,0.04967192658565137,0.00010997691646242536,0.010044971528987786,0.029731117721250273,0.04616223679020761,0.0003837432076661231,0.012308240549224046,0.0022914190319310965,0.0,0.0,0.0,0.0,0.0,0.0,0.0,24.566924818332865,41.496224936406875,24.988758893215284,37.39147252087669,40.28169661405738,0.04273974479359061,0.3886776667780181,0.5794161558361731,5.818040648558536,4.942063393055001,-0.4612347168128997,0.0,0.0,0.0,0.0,0.0,0.0,0.0,0.0,0.04273980713625035,0.5216919700692547,0.3886776667780181,0.004978616107558891,0.13144659914817503,0.02892304113206591,4.090655543238984,3.3109983843069983,3.3109983843069983,0.04301948670078333,0.0,4.136364962169338,3.628724455647301,12
sample_46d0cf2bcd6c9816c3ca,47f0d79989e8372bcb2c81669c485c3a46223c0ff8c1f2e3df6551bc8d012756,map_007,map_007,final,1,unknown,unknown,,RECOVERED_LOCAL_local,v3_exact_match,derived-1c6f954ff7dc8568,pathguard_preexec_v2.0.0,npz_pre_execution_arrays_only,,341.6602091139471,1710,0.19991820310938974,0.19999999999999574,0.2000000000000341,-0.003061586724555166,0.003295990083324604,0.05310456664650129,0.00010175629354652703,0.008216055520699825,0.030574203153040738,0.04889487565460473,0.00037663287653830316,0.012407812175003294,0.0022680143675284543,0.0,0.0,0.0,0.0,0.0,0.0,0.0,24.89227436482809,42.04196538216772,25.3314449670877,37.966507265733334,40.83028034496794,0.04095726434244396,0.39551015101684517,0.5422457889734333,5.709533954853692,4.948142949586812,-0.4568421085447342,0.0,0.0,0.0,0.0,0.0,0.0,0.0,0.0,0.04095730888041249,0.5404397342768205,0.39551015101684517,0.004639468594956075,0.12141617700914553,0.02732934490212622,4.168727306345933,3.4327292076706772,3.4327292076706772,0.04552498230440615,0.0,4.197563406472499,3.7240358694055913,12
sample_470ec9fe86a74b3ef542,77d733382386b4ecf1f8ec2cbf35bb009a4d2f66a38e02f9ae3f2801ff16896b,map_007,map_007,final,1,unknown,unknown,,RECOVERED_LOCAL_local,v3_exact_match,derived-1c6f954ff7dc8568,pathguard_preexec_v2.0.0,npz_pre_execution_arrays_only,,341.8054479149921,1711,0.19988622685087257,0.19999999999999574,0.20000000000003268,-0.0030599307822578637,0.0031930780171980015,0.059830256181228336,7.401442645067432e-05,0.0033426563260494156,0.033252223201586245,0.05524293926818213,0.0003855017299304327,0.013105665043195991,0.00272916969801205,0.0,0.0,0.0,0.0,0.0,0.0,0.0,25.93530625766719,44.297451495512675,26.295434182696898,40.2308818838984,43.090055265065416,0.03838133622818447,0.41401083998976995,0.4886341309149648,6.575043896328009,5.157908336462516,-0.4280897421255242,0.0,0.0,0.0,0.0,0.0,0.0,0.0,0.0,0.03838147395326479,0.6243981487754624,0.41401083998976995,0.004438422821336316,0.13135085556796822,0.026275216721110328,4.335527197210831,3.737034234940597,3.737034234940597,0.05104566478597075,0.0,4.344211610982943,3.942815729824628,12
sample_47ada1933da2555c201f,bf244b2011e38b9c58999ef924bcfd715e33b36706a3bda677e748f4c1a010d0,map_019,map_019,final,1,unknown,unknown,,RECOVERED_LOCAL_local,v3_exact_match,derived-1c6f954ff7dc8568,pathguard_preexec_v2.0.0,npz_pre_execution_arrays_only,,858.3512229784395,4293,0.19998863536310335,0.19999999999998863,0.20000000000004547,0.0006728473151681903,0.0020147124159783903,0.02120481523598565,0.0004992894923445707,0.005393825840633014,0.01059169090728749,0.020532092397631874,0.0002200548530159564,0.003267469919630627,0.0009160012756510838,0.0,0.0,0.0,0.0,0.0,0.0,0.0,29.05474814180053,50.0,24.11200797418698,49.49372501467272,50.0,0.03780545777906039,0.19950870707118126,0.7454302179466189,6.0878902480061,3.6188717795634036,-0.4273408942323594,0.0,0.0,0.0,0.0,0.0,0.0,0.0,0.0,0.038677388478953155,0.3574512230835477,0.20675527860142998,0.004180791258104451,0.03202417654711187,0.01596884048127569,2.6251992031886546,2.8424599270743816,2.6251992031886546,0.020687573454818812,0.0,2.688229740244923,2.8704721912853723,12
sample_47e687d2914792d4e262,cf6908421df9095e112a651e8c21df6f0f36aaca3cc185166c0e056b6b69ded2,map_005,map_005,final,0,five_axis,explicit,5,RECOVERED_LOCAL_local,v3_exact_match,ee1b968983f0d0d8,pathguard_preexec_v2.0.0,npz_pre_execution_arrays_only,,230.43184397503373,1152,0.20020142830150628,0.19999999999375717,0.20154397440633431,0.003699804457539777,0.0055734703253115785,0.021877941108225274,0.005094288687780391,0.008493312273986857,0.01552729222553888,0.020512136969751862,0.0004222198073489615,0.005640333783657563,0.002453642169169339,0.0,0.0,0.0,0.0,0.0,0.0,0.0,23.05030110767575,29.83462760231322,24.58364519363741,29.132784104204312,29.37305048468808,0.11623114609908404,0.15072140787588276,2.81234314911051,5.203665470824202,4.385747501521023,-0.5183514088363298,0.037944380089597045,0.13654454251493417,0.031130644696140006,0.06702326316937897,0.10268907652183493,0.003277281445314833,0.06066752062111233,0.019100826907474253,0.11623114609908404,0.269024761934186,0.15072140787588276,0.007199964648334996,0.20185821020656283,0.03689301366691028,4.030647034392957,4.6984637439708905,4.030647034392957,0.021877941108225274,0.020303709142059083,4.203752257832826,4.988921808461746,10
sample_49147ada983e2b1185e1,4f34c7faa87f5e5df895f11a0bde31fa7919a318e0a54df458d7a2cd678ae98c,map_008,map_008,final,1,unknown,unknown,,RECOVERED_LOCAL_local,v3_exact_match,derived-1c6f954ff7dc8568,pathguard_preexec_v2.0.0,npz_pre_execution_arrays_only,,341.49105542170827,1709,0.19993621511809617,0.1999999999999975,0.20000000000003554,0.0045952862098156315,0.0052573535267326455,0.061737753765261964,0.0006096858095260838,0.015210384527583975,0.032404451623851464,0.060090047618949004,0.00043152845325076703,0.008850844772422387,0.002217012348475628,0.0,0.0,0.0,0.0,0.0,0.0,0.0,22.419018777007604,39.67420632281022,22.210465877904053,35.418529589681704,38.40988825663177,0.05850231553975872,0.253712851931604,0.7827668231150132,3.4670722185851193,2.479165265902197,-0.5777168786756516,0.0,0.0,0.0,0.0,0.0,0.0,0.0,0.0,0.06886263556964453,0.580313020543751,0.35248738496727666,0.005093403303771031,0.0861264841796846,0.018284412303275044,2.427513731042691,3.2760389948389537,2.427513731042691,0.05720133981050355,0.0,2.5167382137375776,3.338935162358033,12
sample_49a4d3c23272a507cd3f,daec16bcc1cac85289c5a55a6c014dd9f7a56e75f78223b058dbe7d9b8f059ba,map_003,map_003,final,0,unknown,unknown,,RECOVERED_LOCAL_local,v3_exact_match,derived-1c6f954ff7dc8568,pathguard_preexec_v2.0.0,npz_pre_execution_arrays_only,,135.0018981155978,677,0.1997069498751447,0.20000000000000284,0.20000000000000284,0.000541528717551096,0.0026845094281534128,0.005325702491337728,0.002713509258194632,0.004128660791587911,0.004209687363125523,0.005159337761835465,0.00026539203899859904,0.0014700036879467231,0.0008177979762674708,0.0005884232129352413,0.0005884232129352413,0.004346071960981135,0.0006240016444776231,0.00016609108425953313,0.04223804445426449,5.9286234359579426e-05,19.074588872198117,23.622265899244102,20.337712714648276,22.291622073627547,22.872389499677578,0.05376344901534572,0.09514261404839978,1.0981378797885006,2.2478843384440546,2.101676912134731,0.5283993737503563,0.0,0.0,0.0,0.0,0.0,0.0,0.0,0.0,0.05333291018919377,0.10647171447221623,0.09514261404839978,0.005035655096931653,0.028475988336433916,0.015797604032008045,4.76891785777668,4.773534558132784,4.76891785777668,0.00441275039234481,0.0,4.788801077819217,4.849512858787757,12
sample_4b623e19e1b8198306b9,e25196686bbe74874238332cbce43ec0968416cbf05d60480c35243d63907db8,map_005,map_005,final,0,five_axis,explicit,5,RECOVERED_LOCAL_local,v3_exact_match,ee1b968983f0d0d8,pathguard_preexec_v2.0.0,npz_pre_execution_arrays_only,,230.07450975439608,1152,0.19989097285351526,0.20000000000000107,0.20000000000001705,0.004476129115192693,0.006197393763885338,0.02201590962233036,0.005102705672929698,0.010915218703075099,0.016631232772718586,0.02063952442544707,0.0005381915025466585,0.009853788629348409,0.003115934489508777,0.0,0.0,0.0,0.0,0.0,0.0,0.0,25.33366682984719,30.830917865342933,27.17557137792612,30.512389103270543,30.675474397036126,0.1416250875557873,0.2544219495466846,3.682450302998169,11.882131631561412,6.862719060325718,-0.6459720806457112,0.037944380089597045,0.13654454251493417,0.031130644696140006,0.06702326316937897,0.10268907652183493,0.003285989416800608,0.06111507355410212,0.01910082689834428,0.1416250875557873,0.4588105260450162,0.2544219495466846,0.01122577761371602,0.27295572410614555,0.05499528623705289,4.030647034392957,4.6984637439708905,4.030647034392957,0.021531894215762765,0.02054438269271219,4.201826567349969,4.98600438057722,10
sample_4bd3e5b8a831c36560cd,7658b1e2052737ce4aa3ccf3c704a5aba700d0bad6c9eb5b504b2e7908993513,map_020,map_020,final,1,unknown,unknown,,RECOVERED_LOCAL_local,v3_exact_match,derived-1c6f954ff7dc8568,pathguard_preexec_v2.0.0,npz_pre_execution_arrays_only,,1169.0815361107664,5847,0.1999797359067339,0.20000000000000284,0.20000000000004547,0.0016017737276071784,0.0037771549885683713,0.019465110467279945,0.0025098442613729894,0.012977868660128232,0.01725112007986384,0.01920861860429791,0.00019959802613776266,0.004523223783716834,0.0011401989334513377,0.0,0.0,0.0,0.0,0.0,0.0,0.0,25.92632606727423,39.15233662502991,25.695195669739995,36.704157786567016,37.65842979949615,0.07996698621402701,0.27519371653002617,1.8603686433523798,6.1786045347888665,5.095851103543083,-0.4648980364537995,0.0,0.0,0.0,0.0,0.0,0.0,0.0,0.0,0.07994489564120036,0.34679564559449433,0.27519371653002617,0.004174965025635498,0.06302350297313092,0.02004102559230248,3.993950680590926,3.5534167419424634,3.5534167419424634,0.01928069495733016,0.0,3.9977851004262037,3.7580618996450057,12
sample_4c0f0ce218e0e139ff06,01ceb4d030f51a16958b5ef781e78538e8d5f7d20d5443d4c36e4728a46c573a,map_016,map_016,final,0,five_axis,explicit,5,RECOVERED_LOCAL_local,v3_exact_match,4ec13c407273a370,pathguard_preexec_v2.0.0,npz_pre_execution_arrays_only,steer_ff_rad:used_beta_ref_rad;yaw_rate_ref_radps:derived_from_yaw_per_m_and_speed,228.0047672835792,1148,0.19878358089239687,0.2006240232975074,0.20614298740826484,-0.0006805182021690406,0.01760831378417765,0.06757566054210429,0.009884522812416585,0.04528205804209908,0.05262650151146072,0.065005543095782,0.0016239326582655057,0.013172253788276092,0.004814112383247572,0.0,0.0,0.0,0.0,0.0,0.0,0.0,6.0951425504324375,14.419354575270448,4.5,11.26157117732946,12.967180195633532,0.08021728748667846,0.23681925680157326,0.3731608178175819,1.3684071259776118,1.0656866556070796,-0.5085361439742565,0.07670746105596515,0.33647966931127127,0.04105988023371333,0.20350843498218307,0.23954557413668232,0.010134500152350234,0.04627086695899807,0.03255784531241027,0.09198543993403566,0.34188349630610215,0.2854839566386079,0.011690571121543406,0.1877627769333441,0.03495392895695268,1.4999025349203885,1.8206169870677558,1.4999025349203885,0.06005944058686389,0.039968791288897826,1.605208630727498,1.895979776321044,1
sample_4c9318984cdb2bebef87,e52cf5db3ede9c929fdfd618cbe69a7f47990de178597ed5f03690bd4140afee,map_001,map_001,final,0,six_axis,explicit,6,RECOVERED_LOCAL_local,v3_exact_match,d46c9e86aea3de5c,pathguard_preexec_v2.0.0,npz_pre_execution_arrays_only,,9729.730653063041,48650,0.19999857454547967,0.1999999999998181,0.2000000000007276,0.0006449422435255539,0.0030871839332746696,0.10256907111515355,1.9023725020621258e-05,0.002013845724619962,0.018528191491780248,0.07389337489542275,0.00035898849988626983,0.012534035957755763,0.002962302490856878,8.914303576448136e-24,1.3862812038493934e-07,6.653079172852739e-05,2.710505431213761e-20,8.139528769536849e-08,3.287790599771907e-05,6.77626357798664e-20,35.56355052060661,50.0,38.47770434434436,50.0,50.0,0.021598671735585932,0.16267778163787547,0.2658638988670245,5.086054565129701,1.5905171365505337,-0.5118605356402333,0.0,0.0,0.0,0.0,0.0,0.0,0.0,0.0,0.034501403290255105,0.7253186895842921,0.2404553612794773,0.0035812139784522725,0.1310547125613012,0.02737513831743464,2.3004400456911256,2.312228603109861,2.3004400456911256,0.0927419014648863,0.0,2.3146784738052575,2.327032134996033,12
sample_4d22612711824a33218a,a36640d007f51382ea90ce225e5c38997288910ffcdb20925eacd4b0c78f58b9,map_016,map_016,final,0,five_axis,explicit,5,RECOVERED_LOCAL_local,v3_exact_match,ee1b968983f0d0d8,pathguard_preexec_v2.0.0,npz_pre_execution_arrays_only,,229.25979663264934,1148,0.19987776515488173,0.20000000000000107,0.20000000000001705,-0.0011916511941271611,0.017789654613436217,0.058615121567852056,0.012095162955956095,0.04632964511909459,0.05277126014451144,0.05773657068063085,0.0013576796722922706,0.005447231752560573,0.004127457772414478,0.0,0.0,0.0,0.0,0.0,0.0,0.0,12.27431189730091,20.440063302027216,11.907737342633558,16.762969282995247,18.70340005860274,0.17887713599829466,0.42976658061224254,1.861608825221137,3.5000000000000013,3.5000000000000004,-0.6285867003132022,0.0,0.0,0.0,0.0,0.0,0.0,0.0,0.0,0.1504042054204487,0.49945488978109853,0.4589576202956608,0.012331835817885752,0.055413346754903836,0.047406633897404966,2.3034957637821925,2.306079922552631,2.3034957637821925,0.05494140616263057,0.0,2.3042007923622805,2.308496862262549,10
sample_4f06877616afc0b55dab,54fe17c63556f80db88427d6ca6bea59cb7db7b34b7b76f66bff7e4b52fb115c,map_002,map_002,final,0,six_axis,explicit,6,RECOVERED_LOCAL_local,v3_exact_match,d46c9e86aea3de5c,pathguard_preexec_v2.0.0,npz_pre_execution_arrays_only,,215.24718946308448,1078,0.19985811463610445,0.20000000000000284,0.20000000000001705,-3.388961311121146e-05,0.014211269868459586,0.0850514553387196,0.009687019213671669,0.034483490289534756,0.06140753056612967,0.08304995367050105,0.0017544930182913007,0.02497177694553846,0.009094565539673333,-5.767392335715099e-18,0.024687663844728307,0.19985391712226286,0.05915101579666835,0.005157056524030229,0.12357953204147065,0.02631653462626685,15.087387896400434,26.716507237904576,18.831446522413437,24.17436558691534,26.307795928036725,0.1484155136262457,0.3112196423987407,2.2406931503722376,6.03755518638007,5.898394175779597,-0.4846493469482767,0.13263531153927904,0.8897700838922014,0.0855393865323398,0.3436196201088747,0.5504579447332946,0.027956374957065867,0.5219180019319734,0.16455063081147037,0.1443033954237463,0.4364831366541466,0.29936885273010033,0.021746597304527566,0.2572230699214211,0.0866608931727351,2.5109482862687296,2.6176908253164766,2.5109482862687296,0.07300681686977618,0.18359345056454385,2.5134859031890615,2.8501183110683552,12
sample_4f3d49f3a672869876a0,cbb060bebfa0a7731d6a28170db85f052f1cd836ab20bda090dc998bb13ddcab,map_023,map_023,final,0,five_axis,explicit,5,RECOVERED_LOCAL_local,v3_exact_match,ee1b968983f0d0d8,pathguard_preexec_v2.0.0,npz_pre_execution_arrays_only,,245.30488462385864,1228,0.19992248135603802,0.20000000000000107,0.20000000000001705,0.012792978632849037,0.01324372329864957,0.17964137663029867,4.6850969346009084e-14,0.024918955678904717,0.14687831368287443,0.17934490459973057,0.0015261921543362521,0.023382390243593343,0.014355982079069525,0.0,0.0,0.0,0.0,0.0,0.0,0.0,16.090130817413776,32.63764160167725,16.757075883273572,29.41929389622505,31.79534603542262,0.045539142702021564,0.5173855860737672,0.15804598626986036,1.852842425257806,1.7230084881166063,-0.43697188138877435,0.08928732190918202,0.884851408114831,2.8402463146632816e-13,0.4414124025960168,0.818270333090537,0.007518482949228354,0.08410872444466833,0.06272533023386805,0.04558484636418971,0.4860045864386085,0.4268254915894175,0.00420355117646637,0.04900176830638203,0.032731386322096094,2.4,2.4,2.4,0.17565207581039868,0.06717850801780509,2.3999999999999773,2.3999999999999773,10
sample_4f4055adf98bbdbd84c7,8984b0aa16978d76ddf7810944d01491f3335e02a71772bc0edecf45a2475fc3,map_007,map_007,final,1,unknown,unknown,,RECOVERED_LOCAL_local,v3_exact_match,derived-1c6f954ff7dc8568,pathguard_preexec_v2.0.0,npz_pre_execution_arrays_only,,341.65170287021874,1710,0.19991322578713794,0.19999999999999574,0.2000000000000341,-0.003061568803770343,0.0032835255541068557,0.0524736205881751,0.00012309302375016195,0.006283033690441317,0.03177924491021602,0.04939119208269888,0.0003598945415488548,0.01226178945338137,0.0020769785622991354,0.0,0.0,0.0,0.0,0.0,0.0,0.0,25.65188182481621,43.02971082781041,26.176687695128088,39.05469271766249,41.84646154891719,0.040919983708356554,0.39574993993046764,0.5509244394132449,5.499999744728156,4.799781660075838,-0.4652794206459145,0.0,0.0,0.0,0.0,0.0,0.0,0.0,0.0,0.040920198323534836,0.5372196011315347,0.39574993993046764,0.004438542079136037,0.12240693756805487,0.023541527375190663,4.22576183955191,3.4837449056319287,3.4837449056319287,0.04651861872408482,0.0,4.240300045198459,3.7417068847507746,12
sample_4fa786cbaa5d984f679a,96f134a56abe5ef03b0965a619199b3b085fb1489ee3168c5329a0e45a7eb302,map_013,map_013,final,1,six_axis,explicit,6,RECOVERED_LOCAL_local,v3_exact_match,2e3182561ba5e89c,pathguard_preexec_v2.0.0,npz_pre_execution_arrays_only,,1589.8609026036997,7951,0.19998250347216348,0.20000000000004547,0.20000000000004547,0.003958947960065267,0.004025255448677728,0.025013368783664832,0.0024836791495753407,0.009048306908981934,0.010437077487321686,0.02186726034644041,0.0001564638999350443,0.002917956167109364,0.0005595644354964777,0.01358545442108274,0.020131627619003972,0.05366343991086353,0.052971977800901016,0.000332966523138202,0.07177810562570128,0.0015608626189590469,29.86621063328923,50.0,28.895963965036394,40.55169839139514,46.52204261441786,0.09706040826952725,0.23083894817873019,2.4644388673613937,7.000000392360485,5.546702072644097,-0.6208966153748557,0.03076910191129155,0.19332711201746425,0.018865596925697937,0.06922034983566198,0.07994793454231211,0.0011997544818340671,0.022614372767463642,0.00430420631733737,0.09706040826952725,0.418441861301643,0.23083894817873019,0.0033745793551296773,0.05056253318468673,0.011530378556951382,2.4,2.4,2.4,0.024356761307119924,0.013992598778182562,2.399999999999636,2.399999999999636,12
sample_519728cba2d7bdfeae0e,d23005fb17443dfa55a012da2c215c43dde93954a23232740ff7162e841b1e6b,map_019,map_019,final,0,unknown,unknown,,RECOVERED_LOCAL_local,v3_exact_match,derived-1c6f954ff7dc8568,pathguard_preexec_v2.0.0,npz_pre_execution_arrays_only,,858.540215628534,4294,0.19998607398754578,0.19999999999998863,0.20000000000004547,0.0006541640805796385,0.0018114566771037489,0.020845316732508626,0.0002193029523758214,0.006012878776363925,0.011431469864971677,0.020326416515424512,0.00012909028337208095,0.001677389449729047,0.0006751941154942914,0.0,0.0,0.0,0.0,0.0,0.0,0.0,32.78435550777976,50.0,29.646942237216734,50.0,50.0,0.03717567730563069,0.22547421519963182,0.8046677670457969,6.200000095756492,4.399356058531177,-0.46206953821275915,0.0,0.0,0.0,0.0,0.0,0.0,0.0,0.0,0.03716034394854683,0.3595009935979268,0.22547421519963182,0.0027777119564572116,0.032369813508278056,0.013466420305429081,3.4044830641231405,2.9976102428611493,2.9976102428611493,0.020568103532481664,0.0,3.5033878750809357,3.0002716584692246,12
sample_521a142e021c24472855,a7ecd780fd1bee5175f116350c8b3a72b90a406b4a8c8c884da0d08d84b9c238,map_001,map_001,final,0,six_axis,explicit,6,RECOVERED_LOCAL_local,v3_exact_match,d46c9e86aea3de5c,pathguard_preexec_v2.0.0,npz_pre_execution_arrays_only,,9729.672293738553,48650,0.19999737494580677,0.1999999999998181,0.2000000000007276,0.0006449397772180292,0.003080897846181902,0.10205382473672404,1.8598147231795105e-05,0.002015810872066505,0.018253004413866177,0.07387358504505685,0.0003548188572310671,0.011938403113880211,0.0029361761831924443,8.374988210073023e-21,1.6744919317764763e-07,0.00017079635831482537,2.710505431213761e-20,3.0258823117203165e-07,0.00038768668419964425,6.162975822039155e-31,35.51868101140859,50.0,38.4116199001047,50.0,50.0,0.02152567072352324,0.16180663013894572,0.2648083650718585,5.059374211647871,1.5899811998419866,-0.5105423112282063,0.0,0.0,0.0,0.0,0.0,0.0,0.0,0.0,0.02152567072352324,0.3987330572696783,0.16180663013894572,0.0021966404507806534,0.07009800238922559,0.016380063811005197,2.3004564780742225,2.314875641495392,2.3004564780742225,0.09248140628603714,0.0,2.3149981861256403,2.329308323186506,12
sample_5267f5c8e008920794e4,df3fd72b09dfb14529ab5b2df6feed00950da753b63c12c238e46a1ea6a126f6,map_002,map_002,final,0,six_axis,explicit,6,RECOVERED_LOCAL_local,v3_exact_match,d46c9e86aea3de5c,pathguard_preexec_v2.0.0,npz_pre_execution_arrays_only,,215.24718946308448,1078,0.19985811463610445,0.20000000000000284,0.20000000000001705,-3.388961311121146e-05,0.014211269868459586,0.0850514553387196,0.009687019213671669,0.034483490289534756,0.06140753056612967,0.08304995367050105,0.0017544930182913007,0.02497177694553846,0.009094565539673333,-5.767392335715099e-18,0.024687663844728307,0.19985391712226286,0.05915101579666835,0.005157056524030229,0.12357953204147065,0.02631653462626685,15.495495950033735,26.716507237904576,18.831446522413437,24.17436558691534,26.307795928036725,0.1621909506194674,0.41450083132137533,2.389881785623767,6.03755518638007,5.898394175779597,-0.4583023733200923,0.13263531153927904,0.8897700838922014,0.0855393865323398,0.3436196201088747,0.5504579447332946,0.027956374957065867,0.5219180019319734,0.16455063081147037,0.1443033954237463,0.4364831366541466,0.29936885273010033,0.021746597304527566,0.2572230699214211,0.0866608931727351,2.5109482862687296,2.6176908253164766,2.5109482862687296,0.07300681686977618,0.18359345056454385,2.5134859031890615,2.8501183110683552,12
sample_52da941d9e0c79fa5e10,8db451f0c6ee47ad713218a7c25c462e66b151d26976834d51747785fd100d18,map_023,map_023,final,0,unknown,unknown,,RECOVERED_LOCAL_local,v3_exact_match,derived-1c6f954ff7dc8568,pathguard_preexec_v2.0.0,npz_pre_execution_arrays_only,,245.30488462385864,1228,0.19992248135603802,0.20000000000000107,0.20000000000001705,0.012791501032531693,0.01309276139734424,0.18507027037037282,3.398910693244688e-14,0.008714254235033254,0.17523277891285743,0.18235484243355737,0.0017595663868015304,0.038117719492128666,0.01317690503993074,0.0,0.0,0.0,0.0,0.0,0.0,0.0,19.151289672974713,36.847020580876176,20.395157266233767,33.94944489847378,36.33585614649373,0.03841976715288596,0.4745059044111624,0.11656044573810834,2.26496149758766,1.2730682905380788,-0.459872877666709,0.08661773085733031,0.984,3.547649100818716e-13,0.27929480215756775,0.9764496925711724,0.00802301884437251,0.2651788369481234,0.0754390438203768,0.037927236625083405,0.576304564468528,0.37326336716570707,0.0048224508626581505,0.10971061982446906,0.0292899003292542,2.4,2.4,2.4,0.17716936339773262,0.09452777119624269,2.3999999999999773,2.3999999999999773,12
sample_52e754844ea5bd7264dc,02b7162d8d8bab7a8047ddd01d15cdbc93f995b22d64d3379a67772d2de8fc0a,map_023,map_023,final,0,unknown,unknown,,RECOVERED_LOCAL_local,v3_exact_match,derived-1c6f954ff7dc8568,pathguard_preexec_v2.0.0,npz_pre_execution_arrays_only,,245.30488462385864,1228,0.19992248135603802,0.20000000000000107,0.20000000000001705,0.012792978632849037,0.01324372329864957,0.17964137663029867,4.6850969346009084e-14,0.024918955678904717,0.14687831368287443,0.17934490459973057,0.0017595663868015304,0.038117719492128666,0.01317690503993074,0.0,0.0,0.0,0.0,0.0,0.0,0.0,19.99824805962263,37.069177748084236,20.611586428000457,34.17832443383205,36.55144535506561,0.07740482157997917,0.8634240444120486,0.45637301159272786,6.323037378098729,5.060823942412821,-0.4660103903311363,0.09259707188025094,0.984,3.547649100818716e-13,0.380405792551946,0.9419087909325276,0.00838786943108788,0.20182050439522703,0.07266507949239771,0.07759823483915934,0.9592820171065921,0.7609115983056971,0.008525806259751805,0.1566146477479009,0.06166524982925644,2.4,2.4,2.4,0.17565207581039868,0.08451399225998216,2.3999999999999773,2.3999999999999773,12
sample_53199ca85ca6b7e79a13,f91b7f6c21a0f023d972634667ccd9d831aeb8239ea1140b77aaefedc6bf8a48,map_005,map_005,final,1,six_axis,explicit,6,RECOVERED_LOCAL_local,v3_exact_match,d46c9e86aea3de5c,pathguard_preexec_v2.0.0,npz_pre_execution_arrays_only,,230.41241189707418,1154,0.19983730433397587,0.20000000000000107,0.20000000000001705,0.0043076493001164414,0.006185483493449958,0.03581443369860306,0.005139086788303026,0.0052021881218956905,0.015265040016433768,0.029766328772621958,0.0003074737352734046,0.004688206302744927,0.003227808740505887,0.0,0.0,0.0,0.0,0.0,0.0,0.0,26.699663066930007,31.14948173586436,31.140967790675585,31.141286782196595,31.141287423754846,0.14591676801407713,0.1600402892806095,3.9950406477850806,5.072305748567704,4.983782204859896,-0.6655811230736661,0.04726158030176812,0.27711846148570723,0.03915589661917697,0.03963945027068308,0.11738802293016064,0.002352397780822377,0.03618249860080269,0.025000783807867237,0.14591676801407713,0.26250486228879444,0.1600402892806095,0.004000493937004041,0.3299787528817053,0.03134919305359368,4.17818817509324,4.993571730265039,4.17818817509324,0.034691948608045295,0.026059841662212695,4.34454024356781,4.997689233248927,12
sample_53a2e6951eed431c6465,5847830751c4189e8df38ddc9afad6d6945ef4b40cfba587889619316a9daab3,map_011,map_011,final,0,unknown,unknown,,RECOVERED_LOCAL_local,v3_exact_match,derived-1c6f954ff7dc8568,pathguard_preexec_v2.0.0,npz_pre_execution_arrays_only,,924.4557158230516,4624,0.19996878992495168,0.19999999999999574,0.20000000000004547,0.005576508845059877,0.009598687455376887,0.043179608428981414,0.0061249358453810835,0.02489726293777766,0.03458738018172258,0.038358081057627766,0.0004656817206853296,0.0045219614869168034,0.001554048178182655,0.051126518382478205,0.05524924493970065,0.08763693808895567,0.0772440203060352,0.0006497409068827161,0.33368273365307677,0.0020278872731838795,21.127227091947162,35.19198229658965,20.050439431929725,29.62943247396306,31.552592513762107,0.16358167933761178,0.4803336764767882,2.873996680548164,7.000000434075264,6.736901514735393,-0.6848245460422702,0.0,0.0,0.0,0.0,0.0,0.0,0.0,0.0,0.16358200000224563,0.537147869992743,0.4803336764767882,0.007323812405103604,0.05830153718186748,0.022435779451548295,3.638243711328171,3.7575987922274035,3.638243711328171,0.0411758309798093,0.0,3.7133903221777063,3.873757093059473,12
sample_548d481ae2f9c532b5dd,4cc71878fcf5571f27bee05ceb91decd793b46e9441c62990e4a9b042a1fff38,map_003,map_003,final,0,unknown,unknown,,RECOVERED_LOCAL_local,v3_exact_match,derived-1c6f954ff7dc8568,pathguard_preexec_v2.0.0,npz_pre_execution_arrays_only,,135.0060992485745,677,0.19971316456889718,0.20000000000000284,0.20000000000000284,0.0005696098429829616,0.0025273019220543474,0.006536146433842874,0.0020542561743411942,0.005459962251399149,0.005935343056980307,0.006466703734303345,0.0002873193619468336,0.001174783245601118,0.0007711383209303668,0.0005816067777870358,0.0005816067777870358,0.00209454458467917,0.0006240016444785113,8.721555933753466e-05,0.019166353125755375,5.001495692269469e-05,20.933065913624333,26.025827417533517,22.899294828401832,25.352648301594336,25.667095885456032,0.057575317374261345,0.1430461180806381,1.3377909279051041,4.01636135274116,3.5897552702346185,0.4597147922965405,0.0,0.0,0.0,0.0,0.0,0.0,0.0,0.0,0.055958289505503585,0.15439452336238846,0.1380021256461226,0.006080028736090678,0.022232987506146416,0.015955741566421752,4.8810274513819625,4.908180438527259,4.8810274513819625,0.0060326541277885655,0.0,4.8950436446251775,4.9154293621426515,12
sample_5571e0361bea30ecef3e,c3073787beaafc37f3311df18036e8c7ec09970a8c1ba316afb17c0c3f3003d4,map_013,map_013,final,1,five_axis,explicit,5,RECOVERED_LOCAL_local,v3_exact_match,6e898ff7ac46a278,pathguard_preexec_v2.0.0,npz_pre_execution_arrays_only,,1588.301982222156,7955,0.1996859419439472,0.19990559538780417,0.20014542830176368,0.004123142918719618,0.004144934695167942,0.058904087508338684,0.0026778073799914614,0.00915759950449931,0.013451009326526295,0.025424355204796058,0.00017119005928257298,0.02264752409284143,0.0005499028891357327,0.00016153302096591704,0.16242874954369116,355.4364450518538,0.0,1.5282774856242487,4247.644436615567,0.0,28.676464307557485,48.84208302647479,27.8444780782756,38.14947988823789,43.65978254451105,0.09397410359646109,0.2280061705759718,2.282025744459196,5.59288969048366,4.814449163117444,-0.6472347686068296,0.0,0.0,0.0,0.0,0.0,0.0,0.0,0.0,0.09444848980620243,0.5459567728097683,0.22821122143259298,0.0028406729532549895,0.2209726466779518,0.010052804637013638,3.300928325746873,4.033093585113818,3.300928325746873,0.02846391075796766,0.0,3.3030914419840722,4.0350854399630585,10
sample_5587c8a244d8fbf0438d,08d23323a8f6025f501b7395cf4ebeb35efaf7beb239e5885312faf909696c77,map_005,map_005,final,0,five_axis,explicit,5,RECOVERED_LOCAL_local,v3_exact_match,ee1b968983f0d0d8,pathguard_preexec_v2.0.0,npz_pre_execution_arrays_only,,230.65319958372692,1152,0.20039374420827707,0.2005679342962594,0.2009110085582151,0.004456543631809252,0.006237353645279896,0.021877941108225274,0.005250206529511692,0.010847304926351069,0.01651953968659511,0.020766862067594465,0.0006034690396792819,0.01570723871839763,0.003578388194103001,0.0,0.0,0.0,0.0,0.0,0.0,0.0,22.588816238836657,28.654419638276448,24.194128765351024,28.51120051802032,28.56442490617273,0.12626718333064618,0.17668649075124143,2.939757090859717,5.477659803770973,4.31120208376731,-0.6206827059448885,0.037944380089597045,0.13654454251493417,0.031130644696140006,0.06702326316937897,0.10268907652183493,0.003283301306808357,0.061115094790864355,0.01909575601485674,0.12626718333064618,0.3095446934888705,0.17668649075124143,0.009759395684592699,0.2666015247773303,0.050366491870905236,4.030647034392957,4.6984637439708905,4.030647034392957,0.021877941108225274,0.020541356847825952,4.199170760942981,4.988921808461746,10
sample_55e377c467a621ac068e,e34d5a61ac08ef54c76b88a583f78251aa3b8404a90511278c1e2d334f2f6de9,map_018,map_018,final,0,unknown,unknown,,RECOVERED_LOCAL_local,v3_exact_match,derived-1c6f954ff7dc8568,pathguard_preexec_v2.0.0,npz_pre_execution_arrays_only,,2589.5839335437927,12949,0.1999987591553748,0.20000000000004547,0.20000000000027285,-0.0024948976547270758,0.003604366799443661,0.11702699081496849,0.00028134276036388456,0.008494721496389468,0.01110054607533922,0.033496439878267115,0.00020539320755071064,0.013994106879917506,0.0008576615263573681,-0.00404372490761192,0.010211312865713914,0.04568533553176746,0.03956995652871739,0.0001665251488797945,0.005975730214107234,0.0011122913293347529,31.544954739420334,50.0,30.89423311138998,46.14264639339963,48.84759515112934,0.06671681964560107,0.22829791222203438,1.4707220744932605,6.341434792137728,4.939186610164643,-0.48800359070500865,0.02748112406585169,0.984,0.0012854310801938805,0.06495050329029088,0.08358292146885303,0.005982092700432017,1.6406256278024138,0.006472324420515915,0.07191659177963608,1.9332467636975028,0.22410104819221321,0.01272833494094805,5.932251126488417,0.01586010093366926,3.0950950093954117,3.272023091742533,3.0950950093954117,0.11305449916880837,0.6748469408806633,3.7432551706152997,3.3252949839059545,12
sample_59c19da47498fb9ddc06,2ddcb9b9f90149b9afd1786e80807443bf6adf74a00e08d02e1c072e72ce909e,map_022,map_022,final,0,six_axis,explicit,6,RECOVERED_LOCAL_local,v3_exact_match,2e3182561ba5e89c,pathguard_preexec_v2.0.0,npz_pre_execution_arrays_only,,1345.173760777447,6727,0.199996098836968,0.20000000000000284,0.20000000000004547,-0.0009093375801182221,0.0028122159134935003,0.022619567427212064,0.0016449554384566226,0.0064043366933685475,0.009975183242593836,0.022003971094189636,0.00016235665082043986,0.0015188712693333835,0.0006390948314912838,2.0359378918505557e-05,0.0009698981901472322,0.4108726259551183,0.0019021880831255333,0.004590757176981089,1.1270464392513198,0.004755470207815425,29.648045349579412,48.02020411062811,29.03502999552,39.0,43.39722098412577,0.07012313978581018,0.21975136423783706,1.845783609806596,6.200000016815511,5.247705733229615,-0.46883155530893716,0.0,0.0,0.0,0.0,0.0,0.0,0.0,0.0,0.07012313978581018,0.3743436030042213,0.21975136423783706,0.004086216201530383,0.03733658753221507,0.01336938279725303,2.4015343379378624,3.7842594440317368,2.4015343379378624,0.022506226626897625,0.0,2.4872656057258626,3.8369118496855252,12
sample_5a879ceebfb8f2099f9f,b59a7a18dae425ac2db14475d8e3b68839b8bfc1d557ef1d38efcae9b45f4b74,map_004,map_004,final,1,five_axis,explicit,5,RECOVERED_LOCAL_local,v3_exact_match,ee1b968983f0d0d8,pathguard_preexec_v2.0.0,npz_pre_execution_arrays_only,,578.503774685135,2894,0.19996673857073452,0.19999999999998863,0.20000000000004547,0.006372347558917634,0.006372347558917634,0.0064969374934680905,0.006372349583790075,0.006372377432083842,0.006372393209652305,0.006372438324963108,6.722382472329536e-07,0.000361704575155955,2.189360054895284e-07,0.0,0.0,0.0,0.0,0.0,0.0,0.0,24.84725285136419,25.7884042226505,25.787632476319402,25.787667258494547,25.787684770491957,0.1583342175957445,0.1643285276390927,4.002451019311219,4.2667354545974625,4.237635237935549,-0.08823416929624824,0.038934092957448645,0.03970100420862682,0.03893410532184716,0.03893427671873751,0.03893437382437425,4.137316539238783e-06,0.0022257790260330895,1.347477521188717e-06,0.1583342175957445,0.16545665414704386,0.1643285276390927,0.00030700484855762856,0.06279109798064153,0.0018848520600039987,2.4,2.4,2.4,0.006411284786304276,0.0008304411459439332,2.399999999999636,2.399999999999636,10
sample_5b5e2330da3079bd376e,0e3ae377c951c74a6a2f72c3a3441f102d97f746e9298d29538102ec8e8fa1ca,map_002,map_002,final,1,six_axis,explicit,6,RECOVERED_LOCAL_local,v3_exact_match,d46c9e86aea3de5c,pathguard_preexec_v2.0.0,npz_pre_execution_arrays_only,,212.38138547425845,1063,0.19998247219798349,0.20000000000000284,0.20000000000001705,0.0004229310486121319,0.01849782652940104,0.13024872529324494,0.012446842032902647,0.05018133878570362,0.06965354962168321,0.10072072545049476,0.006191037869824306,0.08855695178403054,0.035089981147186436,-1.6710788705552686e-18,0.02438363125897335,0.23138450436374736,0.05942219829543562,0.00462358185958849,0.1666726301658342,0.021684305578361894,15.985170942293454,26.712399712447937,19.23472427071429,24.20357962630747,26.432883845087147,0.18530071875951454,0.38670175183011585,2.6858803746201043,6.039940639159516,5.901282800143996,-0.672407141848396,0.1215641533234718,0.9236579289217026,0.08755883366305228,0.32813626645157135,0.4457447117762133,0.027197907334237624,1.9908007351173218,0.09978296351112276,0.1609043991948203,0.4039797011033215,0.30601241117311123,0.022739609066165584,1.4865470613244531,0.08485908164732937,2.4,2.4,2.4,0.07396829620749333,1.2502509822202261,2.3999999999999773,2.3999999999999773,12
sample_5cc4df557b60feb36720,844fae11f616c76ca7a7abd944293e8a9692f895bfff8fb4f3cf14311332cf7a,map_023,map_023,final,1,unknown,unknown,,RECOVERED_LOCAL_local,v3_exact_match,derived-1c6f954ff7dc8568,pathguard_preexec_v2.0.0,npz_pre_execution_arrays_only,,245.30488462385864,1228,0.19992248135603802,0.20000000000000107,0.20000000000001705,0.012791501032531693,0.01309276139734424,0.18507027037037282,3.398910693244688e-14,0.008714254235033254,0.17523277891285743,0.18235484243355737,0.0017595663868015304,0.038117719492128666,0.01317690503993074,0.0,0.0,0.0,0.0,0.0,0.0,0.0,19.151289672974713,36.847020580876176,20.395157266233767,33.94944489847378,36.33585614649373,0.03841976715288596,0.4745059044111624,0.11656044573810834,2.26496149758766,1.2730682905380788,-0.459872877666709,0.08661773085733031,0.984,3.547649100818716e-13,0.27929480215756775,0.9764496925711724,0.00802301884437251,0.2651788369481234,0.0754390438203768,0.037927236625083405,0.576304564468528,0.37326336716570707,0.0048224508626581505,0.10971061982446906,0.0292899003292542,2.4,2.4,2.4,0.17716936339773262,0.09452777119624269,2.3999999999999773,2.3999999999999773,12
sample_5dfb9443f43b330bec24,e0c7998863d57a7f11c43707a6c1269cbc47ea15a0ff64fcf2da8e1e73a93789,map_023,map_023,final,0,unknown,unknown,,RECOVERED_LOCAL_local,v3_exact_match,derived-1c6f954ff7dc8568,pathguard_preexec_v2.0.0,npz_pre_execution_arrays_only,,245.30488462385864,1228,0.19992248135603802,0.20000000000000107,0.20000000000001705,0.012791501032531693,0.01309276139734424,0.18507027037037282,3.398910693244688e-14,0.008714254235033254,0.17523277891285743,0.18235484243355737,0.0017524664844034313,0.03804326045121212,0.01313486417753658,0.0,0.0,0.0,0.0,0.0,0.0,0.0,19.155955884599674,35.904088556240666,20.177421190690005,33.08686762518465,35.40648674270736,0.05350501283246877,0.6458295544756266,0.22599494561167585,4.1303737079038205,2.370406159451923,-0.458886239212472,0.08661773085733031,0.984,3.547649100818716e-13,0.27929480215756775,0.9764496925711724,0.00802301884437251,0.2651788369481234,0.0754390438203768,0.05282141536127189,0.8164314663304149,0.5074932105803485,0.006754132578743312,0.13003738651055707,0.04105663819861087,2.4,2.4,2.4,0.17716936339773262,0.09452777119624269,2.3999999999999773,2.3999999999999773,12
sample_5e1424659e2339326a9e,5166786141a44f611d4c1f70cf1aedf0c109dea0d9c137904d49f99bdb6b687d,map_023,map_023,final,0,unknown,unknown,,RECOVERED_LOCAL_local,v3_exact_match,derived-1c6f954ff7dc8568,pathguard_preexec_v2.0.0,npz_pre_execution_arrays_only,,245.30488462385864,1228,0.19992248135603802,0.20000000000000107,0.20000000000001705,0.012791501032531693,0.01309276139734424,0.18507027037037282,3.398910693244688e-14,0.008714254235033254,0.17523277891285743,0.18235484243355737,0.0017595663868015304,0.038117719492128666,0.01317690503993074,0.0,0.0,0.0,0.0,0.0,0.0,0.0,19.55901826470218,36.85631450585138,20.395157266233767,33.94944489847378,36.33585614649373,0.05762965072811973,0.7117588566167437,0.2622610028418657,5.096163369572237,2.8644036537106774,-0.4541021201013975,0.08661773085733031,0.984,3.547649100818716e-13,0.27929480215756775,0.9764496925711724,0.00802301884437251,0.2651788369481234,0.0754390438203768,0.05689085493645322,0.8644568467027921,0.5598950507485606,0.0072336762895655205,0.1645659297367036,0.043934850493881364,2.4,2.4,2.4,0.17716936339773262,0.09452777119624269,2.3999999999999773,2.3999999999999773,12
sample_5e4eb77f5a42c32d3fd6,8dc10e92a413d33fe117724f004d3e16bee8f872f66026a5f8e12f94cae7df05,map_002,map_002,final,0,six_axis,explicit,6,RECOVERED_LOCAL_local,v3_exact_match,d46c9e86aea3de5c,pathguard_preexec_v2.0.0,npz_pre_execution_arrays_only,,215.24718946308448,1078,0.19985811463610445,0.20000000000000284,0.20000000000001705,-3.388961311121146e-05,0.014211269868459586,0.0850514553387196,0.009687019213671669,0.034483490289534756,0.06140753056612967,0.08304995367050105,0.00168698290131785,0.01196328807419686,0.008984892707393055,-6.838479483776474e-17,0.027582839981266146,0.704617138205204,0.06670931485966472,0.020409300162942658,1.3063907493351086,0.048642208751840124,16.330027422942464,26.71651481540253,19.21703263026506,24.174598454303577,26.432761205652444,0.17792963187538305,0.4770306464306981,2.706388840902701,6.03755518638007,5.898394175779597,-0.4619999897249896,0.13263531153927904,0.8897700838922014,0.0855393865323398,0.3436196201088747,0.5504579447332946,0.027956374957065867,0.5219180019319734,0.16455063081147037,0.1725390158415458,0.740211762025771,0.3443166644833626,0.030822362035556394,0.383919737197141,0.16098680374264374,2.5109482862687296,2.6176908253164766,2.5109482862687296,0.07300681686977618,0.18359345056454385,2.5134859031890615,2.8501183110683552,12
sample_5e6868133c9c91cc9b51,006046587d25dbd2cb6ad36f843c0cba90b074918ed3a944bb3fcced9d36c2d8,map_001,map_001,final,0,six_axis,explicit,6,RECOVERED_LOCAL_local,v3_exact_match,d46c9e86aea3de5c,pathguard_preexec_v2.0.0,npz_pre_execution_arrays_only,,9729.720392996298,48650,0.1999983636456309,0.1999999999998181,0.2000000000007276,0.0006449414200448027,0.0030808264260995476,0.10205432616186873,1.8633716415070567e-05,0.0020167874215425803,0.01835093748770024,0.0737102751088559,0.0003546542857249299,0.012399156183429988,0.0029317050917499936,5.196147554711618e-20,1.6822033322078993e-07,0.00017079635831482537,2.710505431213761e-20,3.0866086328923297e-07,0.0004742118324566569,6.162975822039155e-31,35.523808067237184,50.0,38.41006179935779,50.0,50.0,0.021544911217018528,0.16064916166973256,0.2650632297956409,5.0592879146723755,1.5900965888074545,-0.5107793551876268,0.0,0.0,0.0,0.0,0.0,0.0,0.0,0.0,0.03722958494871541,0.8389860536855501,0.24537446344336153,0.003877028545320793,0.13458387131716765,0.03185628741661543,2.300300813982849,2.3137095258089437,2.300300813982849,0.09248544348298426,0.0,2.3146553512117096,2.3284445931838524,12
sample_5e7a9827a7e1c763a2d7,836a8a54b9ec658a321b1838526c7913052703ec3de35e50f476fec183282651,map_001,map_001,final,0,six_axis,explicit,6,RECOVERED_LOCAL_local,v3_exact_match,d46c9e86aea3de5c,pathguard_preexec_v2.0.0,npz_pre_execution_arrays_only,,9729.787775545983,48650,0.1999997487213711,0.1999999999998181,0.2000000000007276,0.0006455825498886681,0.0030957240991644776,0.10310791265228703,2.002144235386866e-05,0.0020129960222860645,0.018733878132588973,0.07392696967633362,0.00036552842845887656,0.013243967800195516,0.0030265915411195774,8.914303576448136e-24,1.3856233404075532e-07,6.541414802789373e-05,2.710505431213761e-20,8.16618747214289e-08,3.186254988319746e-05,6.77626357798664e-20,20.288873256517377,22.0,22.0,22.0,22.0,0.028307727871708748,0.21610974280846787,0.2964649723969218,3.5000000000000013,2.79754311584855,-0.7603301927034213,0.0,0.0,0.0,0.0,0.0,0.0,0.0,0.0,0.03451987131642473,0.7270918754757385,0.24297287353508143,0.003653960350949755,0.1318085460425268,0.027905699426476242,2.300491467800182,2.313341552681722,2.300491467800182,0.0930024293006981,0.0,2.314720791833893,2.328214942769823,12
sample_5ea3a3673cc900da36b8,f758d7365c1774f0d1f21b93dfc397df3a4ce00b63a13f414c178ff8efde29ba,map_022,map_022,final,1,six_axis,explicit,6,RECOVERED_LOCAL_local,v3_exact_match,2e3182561ba5e89c,pathguard_preexec_v2.0.0,npz_pre_execution_arrays_only,,1345.173760777447,6727,0.199996098836968,0.20000000000000284,0.20000000000004547,-0.0009093375801182221,0.0028122159134935003,0.022619567427212064,0.0016449554384566226,0.0064043366933685475,0.009975183242593836,0.022003971094189636,0.00016235665082043986,0.0015188712693333835,0.0006390948314912838,2.0359378918505557e-05,0.0009698981901472322,0.4108726259551183,0.0019021880831255333,0.004590757176981089,1.1270464392513198,0.004755470207815425,29.656968415556662,48.02020411062811,29.0,39.0,43.39722098412577,0.07013281195574839,0.21975136423783706,1.8455274102931938,6.200000016815511,5.247705733229615,-0.4715221504214504,0.0,0.0,0.0,0.0,0.0,0.0,0.0,0.0,0.07013281195574839,0.3743436030042213,0.21975136423783706,0.004102538981029474,0.03733658753221507,0.013431404894940064,2.4015343379378624,3.7842594440317368,2.4015343379378624,0.022506226626897625,0.0,2.4872656057258626,3.8369118496855252,12
sample_5f9f87668ea6bb2be48b,0b1dc2522d0abf8172d4b37008750370328bd22d7c06bef58c9fd01ef3c1ddbe,map_002,map_002,final,0,six_axis,explicit,6,RECOVERED_LOCAL_local,v3_exact_match,d46c9e86aea3de5c,pathguard_preexec_v2.0.0,npz_pre_execution_arrays_only,,215.24718946308448,1078,0.19985811463610445,0.20000000000000284,0.20000000000001705,-3.388961311121146e-05,0.014211269868459586,0.0850514553387196,0.009687019213671669,0.034483490289534756,0.06140753056612967,0.08304995367050105,0.00168698290131785,0.01196328807419686,0.008984892707393055,-6.838479483776474e-17,0.027582839981266146,0.704617138205204,0.06670931485966472,0.020409300162942658,1.3063907493351086,0.048642208751840124,15.723619016003878,26.71651481540253,18.90984693821279,24.17436558691534,26.307795928036725,0.1662764739159616,0.42985271396290775,2.4710946175084407,6.03755518638007,5.898394175779597,-0.461158269831747,0.13263531153927904,0.8897700838922014,0.0855393865323398,0.3436196201088747,0.5504579447332946,0.027956374957065867,0.5219180019319734,0.16455063081147037,0.1725390158415458,0.740211762025771,0.3443166644833626,0.030822362035556394,0.383919737197141,0.16098680374264374,2.5109482862687296,2.6176908253164766,2.5109482862687296,0.07300681686977618,0.18359345056454385,2.5134859031890615,2.8501183110683552,12
sample_6091cf82be73a6db411c,b9cab550055b41f695e42747eba0150539258be4eae67c3c64fb300e3b68dd73,map_012,map_012,final,1,unknown,unknown,,RECOVERED_LOCAL_local,v3_exact_match,derived-1c6f954ff7dc8568,pathguard_preexec_v2.0.0,npz_pre_execution_arrays_only,,469.533717697142,2349,0.19997177073983902,0.19999999999998863,0.20000000000004547,0.003491455037974383,0.006141666923938574,0.023269458899903995,0.0054077454253636525,0.013081050790497612,0.018412603512910374,0.022765998853244096,0.00021200961320306418,0.0006336341348763957,0.0004539193465718166,0.0386828596114203,0.06603878312975366,0.10799852195795268,0.09805299987158093,0.0013354429451706772,0.16224227058642327,0.002351491670928837,24.2974894706622,35.33836931530949,24.55601454673691,31.198989057205218,33.21425426696741,0.13386986040914509,0.3274458267184428,3.0202881649583047,6.190508756748314,5.789854978960145,-0.5315299547350297,0.0,0.0,0.0,0.0,0.0,0.0,0.0,0.0,0.13392422008334892,0.3788857953916871,0.3274458267184428,0.003962843348086758,0.012032299286611758,0.008986235259879904,4.999032208101178,4.999167215088641,4.999032208101178,0.022601579633055105,0.0,4.999478686162574,4.999446816541824,12
sample_623c4336f2b10ed53349,e4794f2802e36b7ae1d77fb62479e70de9764d82dbc5064059ddbec44dbc437b,map_013,map_013,final,0,five_axis,explicit,5,RECOVERED_LOCAL_local,v3_exact_match,ee1b968983f0d0d8,pathguard_preexec_v2.0.0,npz_pre_execution_arrays_only,,1588.3013898303477,7943,0.199987583710696,0.20000000000004547,0.20000000000004547,0.004070917739970783,0.004093159557098166,0.029480977842695617,0.002670986461066952,0.009150136811824269,0.013396615465344675,0.02457210642130687,0.0001375702419777697,0.004836378816954465,0.0005544860231643772,0.013597852136165836,0.02015028881718938,0.05396170243741949,0.05302830108700078,0.0003247859946147383,0.02572356913787023,0.0015477324282322145,37.86681809001752,50.33577073530938,41.13132910734742,46.09973553159205,48.982693417072795,0.1492028360848906,0.5643001975498948,5.6327843212512905,49.394649522015904,23.777318298333572,-0.1504698648554242,0.025087019456982267,0.18374877196056683,0.01624731166210631,0.05607979037129032,0.08246631428118821,0.0008495044289120537,0.03036699537823584,0.0034398632473276454,0.1492028360848906,1.2067321857422493,0.5643001975498948,0.005210872269366119,0.19307290042338598,0.02326698607060104,3.300934759188085,4.033165480309744,3.300934759188085,0.02845638514759411,0.006897261990472898,3.3031375624947636,4.035174159508803,10
sample_62996ee8d2b26f12148c,9f6b857336ccae444716b3fd88f4edf9f08d43995a327d3516b9997f1f581152,map_006,map_006,final,1,six_axis,explicit,6,RECOVERED_LOCAL_local,v3_exact_match,2e3182561ba5e89c,pathguard_preexec_v2.0.0,npz_pre_execution_arrays_only,,273.68707410567004,1370,0.1999175121297809,0.19999999999999996,0.20000000000001705,0.0002023370379528745,0.0024754380618696075,0.012499204530716984,0.001999999048239164,0.007534270515600069,0.008787642041195158,0.012256435807315618,0.00016768268309400868,0.0017541073552688954,0.0007034806340698401,0.0,0.0,0.0,0.0,0.0,0.0,0.0,28.32086658909924,35.219818462550215,30.75107847228439,34.180490405360075,34.729032609212794,0.05516073198236091,0.17519448079064623,1.4302326829261582,5.038135970599227,3.5262090323546147,-0.7100681774812693,0.018873769834895818,0.09591457428239317,0.015182704119719623,0.05755169428952613,0.06720935899857354,0.001267776819197233,0.013352521330444525,0.00542205021626438,0.05516073198236091,0.2506584413006912,0.17519448079064623,0.003949109925851135,0.0678887000535825,0.01491864795336941,4.997446816710681,4.996648793458013,4.996648793458013,0.011628776445124141,0.008894828832769488,4.998397558909473,4.99863544861228,12
sample_62bcd8cdc763d4ca2a0e,ab255917562f69c8e2325a4fee0e6570bb9dd1f3f4f11cf6e78975afb35f639f,map_011,map_011,final,0,unknown,unknown,,RECOVERED_LOCAL_local,v3_exact_match,derived-1c6f954ff7dc8568,pathguard_preexec_v2.0.0,npz_pre_execution_arrays_only,,925.2629415428878,4628,0.19997037854827918,0.19999999999999574,0.20000000000004547,0.005571477094349017,0.009486912824251419,0.0424610727273725,0.005816969905759467,0.023946993869404225,0.03489403247097397,0.039179875812393176,0.0004981496132339134,0.006592417716404016,0.0017703059399229912,0.0510851384442689,0.05519868385515965,0.08614584118659252,0.07712430974360715,0.0006000330683145504,0.27245590714750845,0.00206305095450344,20.363937727643602,34.63184498859094,19.460532745952023,29.82726718209683,31.694771909354746,0.15437578696813886,0.4483727675499907,2.6132183552591006,6.273395452706267,6.131387328403922,-0.629844520933196,0.0,0.0,0.0,0.0,0.0,0.0,0.0,0.0,0.1543601516395893,0.4986409143596443,0.4483727675499907,0.007555987940864883,0.07412114208240494,0.025926873672725885,4.0824769663603435,4.025654153801383,4.025654153801383,0.040458474235066134,0.0,4.101108629597958,4.062172998078673,12
sample_640e88b607baeb8e9628,e196a395d962ef1a14922ba18fac288bfe9a07988ae7fb9f77f01b1e809df9e5,map_023,map_023,final,0,unknown,unknown,,RECOVERED_LOCAL_local,v3_exact_match,derived-1c6f954ff7dc8568,pathguard_preexec_v2.0.0,npz_pre_execution_arrays_only,,258.8651994719391,1296,0.1998959069281383,0.20000000000000018,0.20000000000001705,0.012117646098277413,0.018475036528484604,0.10503372712088875,0.0002461176625316333,0.10270092747956461,0.10435100450454902,0.10496697353431089,0.0016571569962487295,0.017844857622502132,0.012735007408754315,0.0,0.0,0.0,0.0,0.0,0.0,0.0,15.816119227172159,33.80517872442901,15.717680930286637,29.579198921789356,32.2450211116116,0.08617752530711341,0.42919615372038133,0.5286445204629044,4.016067448751764,2.3664231389793624,-0.6367560358509423,0.10075190152940029,0.984,0.0,0.5025189063830642,0.8974672592340451,0.03507479545052907,1.2865753722544466,0.15674346186537147,0.06642871232868887,0.7286395445818636,0.5289732868145112,0.019546510211681262,0.7888702672641771,0.13301062238193875,3.0066533520250207,2.4478775930509653,2.4478775930509653,0.10470487835584176,0.3860334575852789,3.028981805189866,2.454909848304013,12
sample_642ab2c5ce8a264d7350,b818df47fa34788182098451d1ec0b949c7b4ce0392ae86107afe41842a4e35e,map_013,map_013,final,1,five_axis,explicit,5,RECOVERED_LOCAL_local,v3_exact_match,6e898ff7ac46a278,pathguard_preexec_v2.0.0,npz_pre_execution_arrays_only,,1588.301982222156,7955,0.1996859419439472,0.19990559538780417,0.20014542830176368,0.004123142918719618,0.004144934695167942,0.058904087508338684,0.0026778073799914614,0.00915759950449931,0.013451009326526295,0.025424355204796058,0.00017119005928257298,0.02264752409284143,0.0005499028891357327,0.00016153302096591704,0.16242874954369116,355.4364450518538,0.0,1.5282774856242487,4247.644436615567,0.0,28.94084035262372,49.54908081916219,28.13375168712896,38.735389187709345,44.445909350224696,0.0942710248442529,0.2280061705759718,2.2994631561493475,5.59288969048366,4.814164089243247,-0.650161166638785,0.0,0.0,0.0,0.0,0.0,0.0,0.0,0.0,0.09477958154042035,0.5459567728097683,0.22821122143259298,0.0028485407972420823,0.2209726466779518,0.010040564811336257,3.300928325746873,4.033093585113818,3.300928325746873,0.02846391075796766,0.0,3.3030914419840722,4.0350854399630585,10
sample_64ea43583703538c1011,2b05301d9a149493399138d6509af114f9dfc5607f187d45e400590da7359a9b,map_002,map_002,final,0,five_axis,explicit,5,RECOVERED_LOCAL_local,v3_exact_match,4ec13c407273a370,pathguard_preexec_v2.0.0,npz_pre_execution_arrays_only,steer_ff_rad:used_beta_ref_rad;yaw_rate_ref_radps:derived_from_yaw_per_m_and_speed,214.8210067384432,1040,0.2067574655807923,0.19999999999136264,0.28733722980863435,0.0004849880800183783,0.013850579173893408,0.13274531671883963,0.010326794368211245,0.02417698367289611,0.03911878155767772,0.08198272039077714,0.004923451432525622,1.202258520671077,0.00859832863876319,-0.0015098304331444307,0.02343281772943476,0.09906566452694476,0.06540229487042695,0.0027468904419152913,0.07896649342571002,0.015349173319641661,13.078702938867279,17.33086622858576,17.204600474243144,17.33086622858576,17.33086622858576,0.1441711799409222,0.32687961863798914,2.0539497776000304,5.492381384103476,5.47586883816894,-0.40881541967269003,0.027965558162196896,0.41620899502948205,0.0,0.03894950025243719,0.35277072178521646,0.0038250041393173423,0.09296872328247918,0.02799340970342779,0.14812938043506826,1.3492260446193178,0.3446278273139453,0.055693668885159246,3.6044434542077948,0.06983817083612145,3.233847415312808,2.9365196079990175,2.9365196079990175,0.06869478620445563,0.04928644081307869,3.56357015884222,3.0307530022853504,1
sample_671a98e62fca71f5bf81,c217509986928904f68bbe6f174932625460d69e9f06163a8b95c966462620f6,map_018,map_018,final,0,unknown,unknown,,RECOVERED_LOCAL_local,v3_exact_match,derived-1c6f954ff7dc8568,pathguard_preexec_v2.0.0,npz_pre_execution_arrays_only,,2614.9843573250737,13076,0.1999988036195085,0.20000000000004547,0.20000000000027285,-0.0013532028103597873,0.0029531870742809407,0.3477064345076873,6.644760605124811e-05,0.008494667200828282,0.010433200448648377,0.021321954604353065,0.00043083005850172787,0.9432137896409032,0.0005697232756600736,-0.004004105378171912,0.010112480069773137,0.045677887182395516,0.039581891676320424,0.00016692215006861315,0.006002711501702496,0.0011156854651406239,32.6333842763135,50.0,32.48172422277801,46.237081307971934,49.05014612693202,0.06356954297072365,0.21468707852634508,1.621476026056623,6.200000092775558,5.41327340734076,-0.454692824485442,0.0,0.0,0.0,0.0,0.0,0.0,0.0,0.0,0.06356954297072365,0.3657662928506111,0.21468707852634508,0.002423865043135618,0.5238586158211724,0.011894914041893953,2.4,2.4,2.4,0.07655522940135356,0.0,2.399999999999636,2.399999999999636,12
sample_6766f8f00f7203b7e511,bdac87eb3632499a99fc244734c6d2626c9b2b986a236ddd39cd5277cd65386a,map_002,map_002,final,1,six_axis,explicit,6,RECOVERED_LOCAL_local,v3_exact_match,d46c9e86aea3de5c,pathguard_preexec_v2.0.0,npz_pre_execution_arrays_only,,215.24718946308448,1078,0.19985811463610445,0.20000000000000284,0.20000000000001705,-3.388961311121146e-05,0.014211269868459586,0.0850514553387196,0.009687019213671669,0.034483490289534756,0.06140753056612967,0.08304995367050105,0.00168698290131785,0.01196328807419686,0.008984892707393055,-6.838479483776474e-17,0.027582839981266146,0.704617138205204,0.06670931485966472,0.020409300162942658,1.3063907493351086,0.048642208751840124,15.635763237240068,26.71651481540253,18.900750296615648,24.17436558691534,26.307795928036725,0.16413845975302463,0.41450083132137533,2.4385639588989876,6.03755518638007,5.898394175779597,-0.46220294267829476,0.13263531153927904,0.8897700838922014,0.0855393865323398,0.3436196201088747,0.5504579447332946,0.027956374957065867,0.5219180019319734,0.16455063081147037,0.1725390158415458,0.740211762025771,0.3443166644833626,0.030822362035556394,0.383919737197141,0.16098680374264374,2.5109482862687296,2.6176908253164766,2.5109482862687296,0.07300681686977618,0.18359345056454385,2.5134859031890615,2.8501183110683552,12
sample_68a8bc1d6290893d7f9a,6a8b4dea4b802ef1843533a2928d83d72ecc667dd4e47460fb27b482c3a20bde,map_007,map_007,final,1,unknown,unknown,,RECOVERED_LOCAL_local,v3_exact_match,derived-1c6f954ff7dc8568,pathguard_preexec_v2.0.0,npz_pre_execution_arrays_only,,341.6529845358299,1710,0.19991397573775885,0.19999999999999574,0.2000000000000341,-0.003061558655250134,0.0032835981995249174,0.05304158253325735,0.00012332764699601666,0.006392259899999089,0.03190742680022615,0.04964768137619128,0.0003662328063886676,0.012755577141348638,0.00210802386691147,0.0,0.0,0.0,0.0,0.0,0.0,0.0,25.611331071898373,43.0328330048903,26.135515657432467,39.057960231497255,41.84950411378237,0.040750440818221406,0.39978938448409906,0.54711303801593,5.5110462106198055,4.840018344226496,-0.46360644090131636,0.0,0.0,0.0,0.0,0.0,0.0,0.0,0.0,0.040750660982357856,0.539859037902498,0.39978938448409906,0.004489614504391149,0.12123547938832424,0.02366959748453401,4.225862450199691,3.4911281629264024,3.4911281629264024,0.04670955644019781,0.0,4.240348726376067,3.7188379978959474,12
sample_6cd4cc4964173038f5e3,5ac0e374a0a4908619797cb71b3d30455293298886b46b2dc23fc24f80d92738,map_014,map_014,final,0,five_axis,explicit,5,RECOVERED_LOCAL_local,v3_exact_match,caa95ee3926759a8,pathguard_preexec_v2.0.0,npz_pre_execution_arrays_only,,1084.1008725224704,5422,0.1999817141712729,0.1999999999999993,0.20000000000004547,-0.004229650154745304,0.006909686346818107,0.056010940438048,0.0033643769329812293,0.01689315496958151,0.023466998301090197,0.02994702190691579,0.0005617363753094401,0.017351326220762433,0.001618145450532835,-0.06035481733783212,0.0639499542294999,0.10653662010666665,0.10491820337573401,0.0008386913976861425,0.14716259510291108,0.0020608310603381827,28.135967213917812,31.971525526951712,31.452383791617375,31.452383791617375,31.452383791617375,0.18431666640377403,0.5756722766333078,5.370112519328366,55.40895984091215,18.106265382864922,-0.18041165652477373,0.04259972817754606,0.351052098039671,0.020482594458758996,0.10433074216144367,0.1457007700104917,0.0034213826833872033,0.10855151809471414,0.009807974147009305,0.18431666640377403,1.7616775951869073,0.5756722766333078,0.016370646724543407,0.545740571588974,0.051520468841123684,4.07197064006844,4.066844159446726,4.066844159446726,0.03349321301412203,0.07505839277232108,4.489868840882349,4.3545107475448255,10
sample_6d35e696453c1a3c988a,28a49dcc44fe58f8f784f1913b4e10ee78fa9a8474a6658a078cfb14d04ed15d,map_022,map_022,final,1,five_axis,explicit,5,RECOVERED_LOCAL_local,v3_exact_match,c55daff1b698d1f4,pathguard_preexec_v2.0.0,npz_pre_execution_arrays_only,,1344.7376956598873,6734,0.19972340645475825,0.1999999999999318,0.20004304934850553,-0.0008980841277320832,0.002582208504819935,0.02117193459994155,0.0010764654181746251,0.006508132258454825,0.008574908519494977,0.019523370161726377,0.00012037555026306421,0.014389321670352742,0.0005029964753419668,0.0,0.0,0.0,0.0,0.0,0.0,0.0,32.790694100739955,48.26155809329438,32.59866741508699,43.43870561904071,44.94905128598974,0.06216581251818603,0.1778580228574645,1.650767875431857,5.468190060847277,4.703362831644781,-0.6138721543497998,0.01581603653452226,0.1312248095408543,0.006534908404177723,0.03976992345735869,0.05252133564745249,0.0007286235550769719,0.08908572558052792,0.003074474389612847,0.06130562918356768,0.34104732123605597,0.18042472630106787,0.0028605791876113655,0.23340798453037542,0.013496606082788841,2.5659917217651325,3.0150886339267657,2.5659917217651325,0.02000438759322287,0.021714211916375355,2.58179712666746,3.0230564537794136,10
sample_6d4cf0e8db03899add24,f8dca3febaa45fd33f0213cc3e775550cb87d9d89a03ab3cedc9c4ea130d333e,map_023,map_023,final,0,six_axis,explicit,6,RECOVERED_LOCAL_local,v3_exact_match,2e3182561ba5e89c,pathguard_preexec_v2.0.0,npz_pre_execution_arrays_only,,280.82383718695104,1406,0.19987461721491176,0.1999999999999993,0.20000000000001705,0.011166193813549176,0.0161395421570523,0.07561840141488574,7.498592843034992e-14,0.07418837487587382,0.07479932648384269,0.07546431469897534,0.001284510530285491,0.02698153206337335,0.007203837224500305,0.0,0.0,0.0,0.0,0.0,0.0,0.0,16.359045638392313,34.1347296800948,15.094067534674167,30.24558416012124,33.23179538320608,0.12591219667312223,0.5983946118707415,0.9888720107578918,4.839577690552687,4.787156894965932,-0.5768237367661282,0.1338102721884835,0.6305335652348022,5.67808447260351e-13,0.6165585841704022,0.6225080224449816,0.013195109953833706,0.21155298540580617,0.07776196063112932,0.12666865432632962,0.6049472113190859,0.5983946118707415,0.012774493932171567,0.20083880613867333,0.07108924436231809,3.4916992537985614,2.310140202199022,2.310140202199022,0.07508756200086075,0.07822709365017441,3.4976231710787427,2.339707759220943,12
sample_6e22eefecfa03e7bd0dd,8b2e7c13886a99f45a37ffefb8f1f51afc9f576a9e83480095432f608ce5dd74,map_016,map_016,final,1,six_axis,explicit,6,RECOVERED_LOCAL_local,v3_exact_match,derived-9527f9061c36bcaf,pathguard_preexec_v2.0.0,npz_pre_execution_arrays_only,,229.33079131623526,2288,0.10027581605432237,0.09999894061493819,0.10377757876298681,-0.0014922445208473594,0.019181037391614437,0.19458863067801424,0.011017288185323437,0.04554103055668489,0.05452675658175718,0.111580812725015,0.005861679052993185,0.09660442964838145,0.029828757076605258,0.0,0.0,0.0,0.0,0.0,0.0,0.0,7.498487918978182,18.0,5.0,18.0,18.0,0.0638813360429261,0.2267594362038608,0.4082220238990145,14.227835241478571,1.1831574552923487,-0.5362523839871369,0.16636176768892466,0.933167113938712,0.10350665579154343,0.4173015635297097,0.47703059838543993,0.05712538196577649,1.3368143053182964,0.3630950897929428,0.01692769369535058,0.10222309306590552,0.0433031613657067,0.007172708882863599,0.1360810939090615,0.05045974280270465,0.0,0.0,0.0,0.08120093229633692,0.328356802735122,0.0,0.0,12
sample_6e378fec3526db9eb331,2de35a13e26bc352bd616936afca5005f5022da1f27a0456d3ea796b025c4f49,map_001,map_001,final,0,five_axis,explicit,5,RECOVERED_LOCAL_local,v3_exact_match,c55daff1b698d1f4,pathguard_preexec_v2.0.0,npz_pre_execution_arrays_only,,9739.991800679027,48701,0.19999983163611965,0.1999999999998181,0.2000000000007276,0.0006448983217592728,0.003070575652544841,0.11954764585687165,2.258738972913996e-05,0.0020001523627005587,0.01357217517555739,0.08039348167985114,0.00039678594988500293,0.016067211565340106,0.0032982421385996784,-1.7809936920975e-23,1.3857110243332904e-07,7.02352241519188e-05,2.710505431213761e-20,8.146211845815509e-08,3.484950627395293e-05,6.77626357798664e-20,20.260980169387295,22.0,22.0,22.0,22.0,0.026465295310258215,0.1701845660475034,0.265207443344723,3.500000000000001,2.2371240747917023,-0.7280981567797017,0.0,0.0,0.0,0.0,0.0,0.0,0.0,0.0,0.02214098129146401,0.5806384907160264,0.09607564041997135,0.0026649502238545167,0.13811218038836792,0.01928495242422959,2.3065311099032377,2.30646157548823,2.30646157548823,0.10971718508574053,0.0,2.3422813310239956,2.3612506910040416,10
sample_6e3f1b42678687377dfc,d938c18d0a9c2bf66c7debb8a445017faad4e8e0854b4cc014f3a5bd945a83a9,map_013,map_013,final,1,five_axis,explicit,5,RECOVERED_LOCAL_local,v3_exact_match,c55daff1b698d1f4,pathguard_preexec_v2.0.0,npz_pre_execution_arrays_only,,1588.301982222156,7955,0.1996859419439472,0.19990559538780417,0.20014542830176368,0.004123142918719618,0.004144934695167942,0.058904087508338684,0.0026778073799914614,0.00915759950449931,0.013451009326526295,0.025424355204796058,0.00017119005928257298,0.02264752409284143,0.0005499028891357327,0.00016153302096591704,0.16242874954369116,355.4364450518538,0.0,1.5282774856242487,4247.644436615567,0.0,28.709411465623035,49.05014635381667,27.8444780782756,38.28077119177565,43.89825319529878,0.09398132679944755,0.2280061705759718,2.2825499368377495,5.59288969048366,4.814449163117444,-0.6458257445333953,0.0,0.0,0.0,0.0,0.0,0.0,0.0,0.0,0.09444848980620243,0.5459567728097683,0.22821122143259298,0.0028406729532549895,0.2209726466779518,0.010052804637013638,3.300928325746873,4.033093585113818,3.300928325746873,0.02846391075796766,0.0,3.3030914419840722,4.0350854399630585,10
sample_6ec4094d10420391f4e2,4984451bc690c8ae5b527ea86cef18f2287fc68477e16dfdb85dbf15b25bccd1,map_020,map_020,final,1,unknown,unknown,,RECOVERED_LOCAL_local,v3_exact_match,derived-1c6f954ff7dc8568,pathguard_preexec_v2.0.0,npz_pre_execution_arrays_only,,1169.0825378221302,5847,0.19997990725660797,0.20000000000000284,0.20000000000004547,0.001601801899008678,0.003779851513061778,0.01946262606359563,0.0025282016649822068,0.012977866597452472,0.01725107770426962,0.01920859388703623,0.00020827389081610635,0.0045673804787431695,0.0013185101289254746,0.0,0.0,0.0,0.0,0.0,0.0,0.0,25.51215713867479,38.77617927041606,25.315365153666974,36.233417016980844,37.312329512842034,0.07890372595538714,0.2709452592722309,1.8138313230844354,6.178505158728199,4.941370118831308,-0.4545467083537021,0.0,0.0,0.0,0.0,0.0,0.0,0.0,0.0,0.07887382458637644,0.34677072473945014,0.2709452592722309,0.004292878232990929,0.06332828279995373,0.02061481950352637,2.4,2.4,2.4,0.019262042687373918,0.0,2.399999999999636,2.399999999999636,12
sample_6ed7b59fdc9dd5fa76fc,bb63ebbc287741cad16ef76768c38b8b3a3d9a5d3057d7c0fa3b24f3069ff64a,map_022,map_022,final,1,six_axis,explicit,6,RECOVERED_LOCAL_local,v3_exact_match,d46c9e86aea3de5c,pathguard_preexec_v2.0.0,npz_pre_execution_arrays_only,,1392.4221014560371,6964,0.1999744508769262,0.20000000000001705,0.20000000000004547,-0.0008004973506984538,0.002533530453428707,0.025606892095641962,0.0016786739708414796,0.005917809674325481,0.009377187376876584,0.019149122417004796,0.00012394833681328234,0.0031456964149100194,0.00037404491720391934,2.676546584236065e-05,0.0009777564070610305,0.06317312669452874,0.00030094684533043257,0.000758931836107293,0.03898905116860604,0.00028204148711045735,35.53055182414227,50.0,34.852500782077,50.0,50.0,0.06817929634835747,0.19849229519971565,2.0474243755943795,5.736302747208712,4.868310710250328,-0.6015908000398864,0.019334430905789273,0.19795081110056192,0.012738366132931729,0.045127588644994755,0.0717587832413131,0.0009459589642862818,0.024166102227485595,0.002856162286664908,0.06817929634835747,0.38286530467343294,0.19849229519971565,0.002663026588432433,0.04320794123856442,0.0075949228734747826,2.304607524120185,2.670034188165743,2.304607524120185,0.02198179094095363,0.014690017398197967,2.305690355605418,2.70016790186891,12
sample_70bf3a37a812269a7058,22f5d4c2dc4637e7b637852c460dd1c619d9676c3b291f2b12411e5a00ecdc35,map_013,map_013,final,1,five_axis,explicit,5,RECOVERED_LOCAL_local,v3_exact_match,ee1b968983f0d0d8,pathguard_preexec_v2.0.0,npz_pre_execution_arrays_only,,1588.3013898303477,7943,0.199987583710696,0.20000000000004547,0.20000000000004547,0.004070917739970783,0.004093159557098166,0.029480977842695617,0.002670986461066952,0.009150136811824269,0.013396615465344675,0.02457210642130687,0.0001375702419777697,0.004836378816954465,0.0005544860231643772,0.013597852136165836,0.02015028881718938,0.05396170243741949,0.05302830108700078,0.0003247859946147383,0.02572356913787023,0.0015477324282322145,34.830135003536135,50.67154147061876,35.22111999999999,44.18334131660802,48.06125159005333,0.13085730947962987,0.45868500113003285,4.254041689770619,29.934605546352778,15.349086718939217,-0.3523609722542702,0.025087019456982267,0.18374877196056683,0.01624731166210631,0.05607979037129032,0.08246631428118821,0.0008495044289120537,0.03036699537823584,0.0034398632473276454,0.13085730947962987,0.9394154793497175,0.45868500113003285,0.004301316278822707,0.14432685999904948,0.018834421559132588,3.300934759188085,4.033165480309744,3.300934759188085,0.02845638514759411,0.006897261990472898,3.3031375624947636,4.035174159508803,10
sample_70edf4b98cd915bb2aa8,dfe2cf8ff7e197ef0ecd0093e6cb146a99ef3ceaddc5af56ab0f8468d4390c08,map_002,map_002,final,0,six_axis,explicit,6,RECOVERED_LOCAL_local,v3_exact_match,d46c9e86aea3de5c,pathguard_preexec_v2.0.0,npz_pre_execution_arrays_only,,215.24718946308448,1078,0.19985811463610445,0.20000000000000284,0.20000000000001705,-6.571122221531896e-05,0.014179448259355477,0.0850514553387196,0.009687019213671669,0.03408414055878135,0.05997642857654131,0.08304995367050105,0.0018916695732439153,0.08677506882524888,0.009070696650045073,-1.565435062551241e-17,0.023998281629274743,0.24825260296767493,0.059944794551748615,0.0040479159233575,0.17325571431157227,0.015572541543794113,15.067983399982513,26.716507237904576,19.092538932539952,24.174598454303577,26.432761205652444,0.14450924464106915,0.29793123923578513,2.360549014126376,6.03755518638007,5.898394175779597,-0.4697445845780759,0.16046992668858684,0.9628996629372694,0.09081267978030164,0.5135630402809487,0.6380577232617934,0.06218371357589757,1.676700582422096,0.4882640951135663,0.1478530826374822,0.33308844277976396,0.2983581132244847,0.03988333480487992,0.5551512884828005,0.2778147466534296,2.5109482862687296,2.6176908253164766,2.5109482862687296,0.07300681686977618,0.5107935922522335,2.5134859031890615,2.8501183110683552,12
sample_716dc9a4ec93990ed6a2,594613fd9fc16817a6d74ec6e3984c6e0b65fb8c69e31883aeb025c499f358f1,map_016,map_016,final,0,six_axis,explicit,6,RECOVERED_LOCAL_local,v3_exact_match,d46c9e86aea3de5c,pathguard_preexec_v2.0.0,npz_pre_execution_arrays_only,,229.25903748129323,1148,0.1998771032966811,0.20000000000000107,0.20000000000001705,-0.0011916513286001314,0.018015926124632403,0.058615136971672296,0.012725061744080213,0.04632929582314976,0.052772928303903545,0.05773561811928683,0.001354070585669929,0.00544709514762403,0.0041264789635852405,0.0,0.0,0.0,0.0,0.0,0.0,0.0,12.274324729856376,20.440063210290617,11.907837927289957,16.763105032926536,18.70352172488175,0.18245437678400347,0.42977336718430237,1.9182475334138875,3.500000000000001,3.5000000000000004,-0.6209800749490448,0.0,0.0,0.0,0.0,0.0,0.0,0.0,0.0,0.21870951554444035,0.5677880322510633,0.5350450852660154,0.01420673101016313,0.0716004691368679,0.03594115528599467,2.301212589858373,2.3060617064207474,2.301212589858373,0.054941278648736255,0.0,2.301212589858373,2.308520596251052,12
sample_716e4a48a4d5cf30402f,13f927bc52a67533741d8f5aa8d442298e6767f1deb766368b2beccc4cc38de4,map_022,map_022,final,1,five_axis,explicit,5,RECOVERED_LOCAL_local,v3_exact_match,c55daff1b698d1f4,pathguard_preexec_v2.0.0,npz_pre_execution_arrays_only,,1344.7376956598873,6734,0.19972340645475825,0.1999999999999318,0.20004304934850553,-0.0008980841277320832,0.002582208504819935,0.02117193459994155,0.0010764654181746251,0.006508132258454825,0.008574908519494977,0.019523370161726377,0.00012037555026306421,0.014389321670352742,0.0005029964753419668,0.0,0.0,0.0,0.0,0.0,0.0,0.0,32.67809193531979,48.26155809329438,32.515143919126864,43.43870561904071,44.94905128598974,0.06173269621558043,0.17736475173606125,1.6340884327922502,5.468190060847277,4.703362831644781,-0.608889802860802,0.01581603653452226,0.1312248095408543,0.006534908404177723,0.03976992345735869,0.05252133564745249,0.0007286235550769719,0.08908572558052792,0.003074474389612847,0.06130562918356768,0.34104732123605597,0.18042472630106787,0.0028605791876113655,0.23340798453037542,0.013496606082788841,2.5659917217651325,3.0150886339267657,2.5659917217651325,0.02000438759322287,0.021714211916375355,2.58179712666746,3.0230564537794136,10
sample_71e395c328ddb189b6ee,386dccaea6653748f26eec0a443e0bd46d3406a688163d2a3e6ad73dac4c27de,map_009,map_009,final,1,six_axis,explicit,6,RECOVERED_LOCAL_local,v3_exact_match,d46c9e86aea3de5c,pathguard_preexec_v2.0.0,npz_pre_execution_arrays_only,,380.89848422885996,1906,0.19994671088129132,0.19999999999999574,0.20000000000004547,-0.004072832761169908,0.005266163368072766,0.039405070247867664,0.0015025435642320568,0.02225663158097383,0.03643777962941541,0.03883008943618213,0.000352716586560602,0.002312909432274843,0.001556746554203894,0.0,0.0,0.0,0.0,0.0,0.0,0.0,22.1491226169793,38.5297623589353,21.51663646866413,33.34096077462104,36.86679838582782,0.07920797286761558,0.47373969074028266,1.2538903962454433,6.26971989581167,6.16398747999718,-0.5111341456886186,0.040549656302381006,0.3046999813826344,0.01139933395091448,0.1718415008651426,0.28191964620062127,0.0026836841140510295,0.01800694912172962,0.012085283279899328,0.07920797286761558,0.49475278170536546,0.47373969074028266,0.0054065487710891254,0.0283045835601472,0.020761530051990787,3.818941227575775,2.3427888199702163,2.3427888199702163,0.03822465164106605,0.014276306001595804,3.879336379488129,3.6086294141703226,12
sample_72bc5c57ff2997652744,bf561d14bb9c9cd7683c7d506bf869aa4d6e88b84bb2584e5b57835c10efc230,map_009,map_009,final,1,five_axis,explicit,5,RECOVERED_LOCAL_local,v3_exact_match,6e898ff7ac46a278,pathguard_preexec_v2.0.0,npz_pre_execution_arrays_only,,383.9628677347831,1946,0.1974102147736674,0.20081307089417066,0.21223588154423395,-0.003729017722199455,0.0046192408585061595,0.06397061207183596,3.597122599785507e-14,0.010734104930793978,0.034825207853278584,0.06217557197011596,0.0004526673894205892,0.013093658612091844,0.003027010411604681,0.0,0.0,0.0,0.0,0.0,0.0,0.0,25.02942875388678,43.78467824963056,24.496200230116436,38.60677161335946,41.50782818630343,0.05724693353084878,0.37928537883993385,0.8042848355917878,5.089793195119616,4.453390171597762,-0.52210060359973,0.0,0.0,0.0,0.0,0.0,0.0,0.0,0.0,0.05724693353084878,0.5700717066867561,0.37928537883993385,0.005791672396314443,0.3233867536864318,0.02660033614494137,3.180225920195502,4.451219178340059,3.180225920195502,0.06105592439179891,0.0,3.1992478933512536,4.803127504564893,10
sample_730291c80ff2bd3a5e35,2847e9873d309951291ffe601b54bba5e1e2292804bd964c28e97f911d510a61,map_017,map_017,final,0,unknown,unknown,,RECOVERED_LOCAL_local,v3_exact_match,derived-1c6f954ff7dc8568,pathguard_preexec_v2.0.0,npz_pre_execution_arrays_only,,2054.5911313276874,10274,0.1999991367008359,0.20000000000004547,0.20000000000004547,-0.0013110901943069418,0.004740247894705674,0.04787284466469123,0.001778497616199502,0.012312341619209844,0.013616046161521999,0.04720589154842028,0.0001908098910735573,0.0044506319202625155,0.0008141187377995097,0.003619532229643758,0.010403079792892105,0.042303735017045874,0.04165377764917633,0.00016340906048509585,0.009399320180702032,0.0010942282990435328,27.36308753930624,50.0,26.396850916886507,38.232541071331795,43.87075862151498,0.09209387921747274,0.2803662876153248,2.019181229929816,6.177983055678021,5.833897238897153,-0.5679583449988195,0.0,0.0,0.0,0.0,0.0,0.0,0.0,0.0,0.09455579421772613,0.5131282806577411,0.28216982837157245,0.0036607562099823204,0.05730982743817059,0.017099430503334366,3.9876886049214124,3.990430058543483,3.9876886049214124,0.0474469605086793,0.0,3.9940759546074083,3.9941462218889416,12
sample_7407801c593e614ab364,068ed1cea5ccf091912d4be41c572b18d5a33ef938194085d66d899fb75e48d8,map_013,map_013,final,1,five_axis,explicit,5,RECOVERED_LOCAL_local,v3_exact_match,6e898ff7ac46a278,pathguard_preexec_v2.0.0,npz_pre_execution_arrays_only,,1588.301982222156,7955,0.1996859419439472,0.19990559538780417,0.20014542830176368,0.004123142918719618,0.004144934695167942,0.058904087508338684,0.0026778073799914614,0.00915759950449931,0.013451009326526295,0.025424355204796058,0.00017119005928257298,0.02264752409284143,0.0005499028891357327,0.00016153302096591704,0.16242874954369116,355.4364450518538,0.0,1.5282774856242487,4247.644436615567,0.0,29.740093729725242,50.9318853726273,29.027491460027953,40.60742669612173,45.99339893925327,0.09493536515968795,0.2280061705759718,2.342845178774636,5.5932672856882135,4.814218769548129,-0.6531177509741937,0.0,0.0,0.0,0.0,0.0,0.0,0.0,0.0,0.09507249897672028,0.550869089470545,0.22815209919525686,0.0028476307522668906,0.2222117246044384,0.010045605711493554,3.300928325746873,4.033093585113818,3.300928325746873,0.02846391075796766,0.0,3.3030914419840722,4.0350854399630585,10
sample_7492197e2212e6af4154,5928b9b07115143c4de963531b820d1638307820d0bba6aac82ecac5757ab1c8,map_025,map_025,final,0,six_axis,explicit,6,RECOVERED_LOCAL_local,v3_exact_match,derived-9527f9061c36bcaf,pathguard_preexec_v2.0.0,npz_pre_execution_arrays_only,,351.88217565839005,1761,0.199933054351358,0.19999903684730924,0.19999999979396002,0.0011241801468034,0.030255031950751892,0.44178719678092504,0.012473832486188632,0.08952768122671273,0.14344012502811054,0.18139433602642382,0.004747692565089883,0.06466540642526483,0.02092845772173522,1.8651916633693877e-09,0.0008810545130118702,0.3809771896434876,0.0,0.0034619318644385426,0.9524745627453384,0.0,8.242127445333827,15.0,9.0,13.912928063466685,15.0,0.15740286119793953,0.4957592585227236,1.1850234679845513,16.548399398264063,3.1138607431165393,-0.47842000798190115,0.21282735098148192,0.984,0.09851650061463756,0.6424075731365656,0.75105668151826,0.06055072445216073,1.4845490195638569,0.24402146019910323,0.14915808048125526,1.2506009476038988,0.43245862890523795,0.05461037925052048,1.5259044294859052,0.23253649071045115,2.310450594327653,2.3080931279796983,2.3080931279796983,0.1663915443262708,0.3697000743459558,2.3214520150141458,2.316749881307456,12
sample_759903cce70d6430b454,4310d41861e18d628fb65f7055996dc67b975426ea215e7a17f1a1fd6b152bf6,map_014,map_014,final,0,five_axis,explicit,5,RECOVERED_LOCAL_local,v3_exact_match,6e898ff7ac46a278,pathguard_preexec_v2.0.0,npz_pre_execution_arrays_only,,1083.530896404707,5424,0.19980285753359892,0.19994455547009693,0.20006947659851448,-0.004180923296275599,0.006157851170942098,0.031626747211942,0.0033442736765011472,0.016660288978524763,0.018714518418411024,0.02985221595030877,0.00022488248132181648,0.0033221967073962496,0.0011511400771632018,-0.0467650918369683,0.21611552639167117,466.9988417051766,0.0,1.4187661593182181,2543.804238462322,0.0,23.578390886344476,45.25515654760213,20.67759376052411,39.19262940898437,41.967304592447036,0.10098844729701473,0.297416038080409,1.8393471939717752,5.515136032065737,4.881281231364671,-0.6576142610711414,0.0,0.0,0.0,0.0,0.0,0.0,0.0,0.0,0.10098844729701473,0.41067673214944206,0.297416038080409,0.0034797230226557584,0.0821342187481791,0.015733640800253634,4.726559644358524,4.434850585763018,4.434850585763018,0.03041991306010845,0.0,4.726741221196208,4.438152842103163,10
sample_75a6445ad06e74ece8bf,fd576495ae577fb6d26c6c69a696c6c168aa471be1514cca3b999ae0154d1ae7,map_011,map_011,final,0,unknown,unknown,,RECOVERED_LOCAL_local,v3_exact_match,derived-1c6f954ff7dc8568,pathguard_preexec_v2.0.0,npz_pre_execution_arrays_only,,926.0049462874529,4632,0.19995788086535368,0.19999999999999574,0.20000000000004547,0.005568046181451536,0.009385703582332228,0.04922945644422937,0.005065930626095163,0.025754961797962175,0.0383120467609105,0.04311442655093778,0.0005528548254809736,0.007010446873712203,0.0022773258869579352,0.050787371291650146,0.05540468961291407,0.6525261143433454,0.07725613979777232,0.003414948166430915,6.116506803643347,0.0019513465226790813,20.937615071122504,34.64695154557136,20.20755728005604,29.908167670322417,31.806812430384774,0.1497448055213011,0.4660771426056068,2.520695279868415,6.30000021954727,6.0579084662647755,-0.6728772505358513,0.0,0.0,0.0,0.0,0.0,0.0,0.0,0.0,0.14974480552419203,0.5203479505556655,0.4660771426056068,0.007711318085250552,0.08083898642073206,0.02753730165383717,4.484915613252073,4.483673231718514,4.483673231718514,0.046276664207069516,0.0,4.494360309921581,4.494186739503051,12
sample_75eb9843e0ec02140a44,8c71cf17530bb6a31bc561fb701f29709d7fdab434f7eedda6515335d74eb2c5,map_023,map_023,final,1,unknown,unknown,,RECOVERED_LOCAL_local,v3_exact_match,derived-1c6f954ff7dc8568,pathguard_preexec_v2.0.0,npz_pre_execution_arrays_only,,245.30488462385864,1228,0.19992248135603802,0.20000000000000107,0.20000000000001705,0.012791501032531693,0.01309276139734424,0.18507027037037282,3.398910693244688e-14,0.008714254235033254,0.17523277891285743,0.18235484243355737,0.0017524664844034313,0.03804326045121212,0.01313486417753658,0.0,0.0,0.0,0.0,0.0,0.0,0.0,19.223043104451605,35.904088556240666,20.177421190690005,33.08686762518465,35.40648674270736,0.05665236652835669,0.6838195282683106,0.25336457569665166,4.630591977027121,2.6574795697661697,-0.4578502788049201,0.08661773085733031,0.984,3.547649100818716e-13,0.27929480215756775,0.9764496925711724,0.00802301884437251,0.2651788369481234,0.0754390438203768,0.05592855744120707,0.8644568467027922,0.5373457523791925,0.007151434494618447,0.13768664454059,0.04347173456323491,2.4,2.4,2.4,0.17716936339773262,0.09452777119624269,2.3999999999999773,2.3999999999999773,12
sample_76560ac3127240b1558f,c0d0c5422098a84bc834fc626e7ce1967866dbab01d26ded62cce722e186869a,map_009,map_009,final,1,five_axis,explicit,5,RECOVERED_LOCAL_local,v3_exact_match,6e898ff7ac46a278,pathguard_preexec_v2.0.0,npz_pre_execution_arrays_only,,383.9628677347831,1946,0.1974102147736674,0.20081307089417066,0.21223588154423395,-0.003735344075036973,0.004544115440230261,0.06200761322624815,1.2243472867147654e-15,0.010490164605430008,0.03438895531730807,0.0603422713122028,0.00041676604540768917,0.004329215556743191,0.0026485539705471475,0.0,0.0,0.0,0.0,0.0,0.0,0.0,25.92070999670186,43.8074988477054,25.4861229994219,38.63262749027618,41.53189986970118,0.058376967322015305,0.376296005178804,0.8678860800501128,5.0853502060579485,4.750843020718165,-0.5650353157279075,0.0,0.0,0.0,0.0,0.0,0.0,0.0,0.0,0.058376967322015305,0.5612969322359767,0.376296005178804,0.005392731116053337,0.0405135566457252,0.026581832268632373,3.180225920195502,4.451219178340059,3.180225920195502,0.05928821613168233,0.0,3.1992478933512536,4.803127504564893,10
sample_769bc6ff371b508264d7,92a427bf01c0fd274fd5f34c723e9eced47c9e037f19ef716e68f6884b7e1f47,map_011,map_011,final,0,unknown,unknown,,RECOVERED_LOCAL_local,v3_exact_match,derived-1c6f954ff7dc8568,pathguard_preexec_v2.0.0,npz_pre_execution_arrays_only,,924.8732238175493,4626,0.19997258893352415,0.19999999999999574,0.20000000000004547,0.005575260451110984,0.009387206750968994,0.048173817471662786,0.005233114289664598,0.02596581965126247,0.03713526203294605,0.04370294764824388,0.0005448835733857531,0.006199190244382383,0.0022168780571941472,0.05111027107515923,0.05521950948315497,0.08457296053120444,0.07721780637958275,0.0005753458892696981,0.20734542868731587,0.0020467822366354443,20.537583059373983,34.44988098109281,20.08086934921032,29.76462357702017,31.657390875441624,0.14231936110785165,0.4061603150493424,2.3279252885600537,6.2746285152198125,5.843959463960477,-0.7003627517408706,0.0,0.0,0.0,0.0,0.0,0.0,0.0,0.0,0.150938598694057,0.5147387504434342,0.46153311546908077,0.007634776734428434,0.0736893545282108,0.028106945459321166,4.01074322242612,4.310409454761872,4.01074322242612,0.045532912694720096,0.0,4.117066516087142,4.315453145071165,12
sample_777234617677faae9728,e931514e484e2b9ce14edd8c39fe0ca7a529e1df7355024f89e625b619edc6f5,map_005,map_005,final,0,five_axis,explicit,5,RECOVERED_LOCAL_local,v3_exact_match,ee1b968983f0d0d8,pathguard_preexec_v2.0.0,npz_pre_execution_arrays_only,,229.51357926432726,1152,0.19940363098551456,0.19945690609330313,0.1999999999863462,0.004483642301635288,0.006147349533471009,0.021877941108225274,0.004923710760269984,0.010931181787552282,0.0168374460514866,0.020512136969751862,0.0005992562936591311,0.01570723871839763,0.0035266348231896213,0.0,0.0,0.0,0.0,0.0,0.0,0.0,22.97221815680223,30.52839530835077,24.11725285304754,30.38233568114662,30.449029413626725,0.1250899451280191,0.18110714826993807,2.946823241910092,5.48354358300494,4.5235673375384655,-0.649621380542817,0.037944380089597045,0.13654454251493417,0.031130644696140006,0.06702326316937897,0.10268907652183493,0.0032884400795539117,0.061115094790864355,0.01910493895186761,0.1250899451280191,0.31306001961502866,0.18110714826993807,0.009824537343808122,0.24809326746565352,0.04976947095231534,4.030647034392957,4.6984637439708905,4.030647034392957,0.021877941108225274,0.020305997484615413,4.203553648185052,4.98600438057722,10
sample_78ddacaad6eb0952601f,7dd3b3ae8acee211a730d482ec4051bd4fd30757932618565667c63540a791ee,map_002,map_002,final,0,six_axis,explicit,6,RECOVERED_LOCAL_local,v3_exact_match,d46c9e86aea3de5c,pathguard_preexec_v2.0.0,npz_pre_execution_arrays_only,,212.38138547425845,1063,0.19998247219798349,0.20000000000000284,0.20000000000001705,0.0004229310486121319,0.01849782652940104,0.13024872529324494,0.012446842032902647,0.05018133878570362,0.06965354962168321,0.10072072545049476,0.006191037869824306,0.08855695178403054,0.035089981147186436,-1.6710788705552686e-18,0.02438363125897335,0.23138450436374736,0.05942219829543562,0.00462358185958849,0.1666726301658342,0.021684305578361894,15.67567918054859,26.712399712447937,19.23472427071429,24.20357962630747,26.432883845087147,0.17230684262638216,0.32467312413372684,2.5766158019825576,6.039940639159516,5.901282800143996,-0.6736612001037149,0.1215641533234718,0.9236579289217026,0.08755883366305228,0.32813626645157135,0.4457447117762133,0.027197907334237624,1.9908007351173218,0.09978296351112276,0.15442145862914913,0.4039797011033215,0.30601241117311123,0.01996684221091198,1.095394068812505,0.07757995492965311,2.4,2.4,2.4,0.07396829620749333,1.2502509822202261,2.3999999999999773,2.3999999999999773,12
sample_794cbfcbe426efd1e80f,b134d56dc20a309233bf7df84b1199a0d081d4211770b20b4b21672b6679d093,map_011,map_011,final,1,unknown,unknown,,RECOVERED_LOCAL_local,v3_exact_match,derived-1c6f954ff7dc8568,pathguard_preexec_v2.0.0,npz_pre_execution_arrays_only,,924.7029491195922,4625,0.1999790114878011,0.19999999999999574,0.20000000000004547,0.0055764648583520185,0.009390427637568484,0.047246102500368196,0.005233920853668359,0.025867419968998055,0.036726854576462145,0.043586309021858706,0.0005358417906194025,0.005635928542140706,0.00213570332693597,0.051127522121365405,0.055225248659772366,0.08583668246036069,0.07722370407322715,0.0005234676814736142,0.10211263241575796,0.00197231361462253,20.471381178520613,34.44988098109281,20.037456266253383,29.754895563055445,31.65593114041799,0.14122099833579643,0.3948829467062289,2.303520326407812,6.228901995578906,5.8256042041254235,-0.7054641993111985,0.0,0.0,0.0,0.0,0.0,0.0,0.0,0.0,0.1517497728599586,0.5097583288792987,0.46017384087036634,0.0075421173936104,0.06653504256901999,0.027843397907819843,4.009207513365101,4.172520466995003,4.009207513365101,0.04483028653393694,0.0,4.0517366561210055,4.185489923810725,12
sample_797096d5d2774aab4784,81dbf850ba8b71fd728c6e9957f217161d9a766b95d3587ac0c03e7eece65c48,map_017,map_017,final,0,unknown,unknown,,RECOVERED_LOCAL_local,v3_exact_match,derived-1c6f954ff7dc8568,pathguard_preexec_v2.0.0,npz_pre_execution_arrays_only,,2054.5974462678037,10274,0.1999997514132,0.20000000000004547,0.20000000000004547,-0.0013110627116084807,0.004734601640364482,0.04773567032833164,0.0017859537344428983,0.012237048058045838,0.013616056184107892,0.047205924410890956,0.00018998045902663568,0.004515253714710815,0.0007896455232603445,0.00361975641125665,0.01040291300576111,0.0423732515600177,0.041651973825778475,0.0001646605576486115,0.009692922381133055,0.0010884912255263897,27.908022933534106,50.0,27.26629600600304,38.65260672333237,44.277010600200796,0.09613146740859607,0.2821220048973976,2.1366407244978203,6.999999876484673,6.183621050171747,-0.5488459717919746,0.0,0.0,0.0,0.0,0.0,0.0,0.0,0.0,0.09607502322299485,0.5570294819647558,0.2821220048973976,0.0037846243925084917,0.07335118833404564,0.017442788235490374,3.9943611804059227,3.995684016453229,3.9943611804059227,0.04735391080626305,0.0,3.997597988866248,3.9977617385022097,12
sample_7c43d303c102de351a15,4ae586eae8575ec5329a22e3af64455bbccf94d81f9a87faaf25c8a397951cb8,map_023,map_023,final,0,unknown,unknown,,RECOVERED_LOCAL_local,v3_exact_match,derived-1c6f954ff7dc8568,pathguard_preexec_v2.0.0,npz_pre_execution_arrays_only,,245.30488462385864,1228,0.19992248135603802,0.20000000000000107,0.20000000000001705,0.012791501032531693,0.01309276139734424,0.18507027037037282,3.398910693244688e-14,0.008714254235033254,0.17523277891285743,0.18235484243355737,0.0017595663868015304,0.038117719492128666,0.01317690503993074,0.0,0.0,0.0,0.0,0.0,0.0,0.0,19.09470970656789,35.904088556240666,20.177421190690005,33.08686762518465,35.40648674270736,0.05140681815866962,0.6372374722646258,0.20880639458642275,4.1937757560936975,2.330380304296886,-0.45802352863366236,0.08661773085733031,0.984,3.547649100818716e-13,0.27929480215756775,0.9764496925711724,0.00802301884437251,0.2651788369481234,0.0754390438203768,0.05058338604772529,0.7684060859580374,0.5016047179624075,0.006444295836077934,0.18261230201273748,0.0364464675496141,2.4,2.4,2.4,0.17716936339773262,0.09452777119624269,2.3999999999999773,2.3999999999999773,12
sample_7e602c1bb159460305dc,0d4f47276485cda739ee3d341725b85b2cd4dd0d70628ab3336dae004fae9bcd,map_011,map_011,final,0,unknown,unknown,,RECOVERED_LOCAL_local,v3_exact_match,derived-1c6f954ff7dc8568,pathguard_preexec_v2.0.0,npz_pre_execution_arrays_only,,925.408827585633,4629,0.19995869221815754,0.19999999999999574,0.20000000000004547,0.005570513551834796,0.00946635020272957,0.0436815833751331,0.0059021449870901525,0.02418045639629112,0.03559856700387665,0.03990858017750364,0.0005027265728032409,0.006595385212327685,0.0018258157156272356,0.050941359566010425,0.05531925034883369,0.3716850380642427,0.07728195812430479,0.002063715449421832,3.3160996178940465,0.0020155896072751173,20.555608988664517,35.09916811158734,19.180716377489052,29.887640484196442,31.80637086661137,0.15645612350369043,0.47319127562009433,2.6707986727828024,7.000000470470872,6.7124011457216595,-0.62310167989214,0.0,0.0,0.0,0.0,0.0,0.0,0.0,0.0,0.1564438055442037,0.5382279639517988,0.47319127562009433,0.00774482391583774,0.08179963082883557,0.027327732981339215,4.139321824373215,4.117197357465451,4.117197357465451,0.041565470950360416,0.0,4.15456663942756,4.147493494224916,12
sample_7e77457d6f4cc4e9438c,18783476c8b6069e395a0afed76aa26ba0ef2a2de9101cfc01af7f7ae1548648,map_003,map_003,final,0,unknown,unknown,,RECOVERED_LOCAL_local,v3_exact_match,derived-1c6f954ff7dc8568,pathguard_preexec_v2.0.0,npz_pre_execution_arrays_only,,135.00879025037986,677,0.1997171453407986,0.20000000000000284,0.20000000000000284,0.0005589300850755237,0.002717798513911847,0.007066315591580131,0.002541594436642914,0.005532914617273191,0.006208771046762099,0.006971459567159124,0.0003825724588626928,0.0015685268955728882,0.0010518522900514159,0.000579764583260394,0.000579764583260394,0.001469047318835237,0.0006240016444785113,6.655449634518895e-05,0.012938057126207991,5.001495692269469e-05,18.021141137815356,22.335553358568028,19.281393371618115,20.9407835011599,21.497812825710433,0.05269054945944551,0.11978905672705283,1.0316413656298569,2.8203457565482775,2.3934660641222814,0.5211628886948578,0.0,0.0,0.0,0.0,0.0,0.0,0.0,0.0,0.05275905359154365,0.14084909416583796,0.11978905672705283,0.007192011211700403,0.03088312775835278,0.020696022559434663,4.8399623492249395,4.875113701671104,4.8399623492249395,0.006265939507685718,0.0,4.881893647483799,4.88017484775758,12
sample_8032fcaf806c7d5bd51f,a7f5d776ff2c2d205bdfdc847598cd66788319e62c062855a89749b342bb94c7,map_005,map_005,final,0,five_axis,explicit,5,RECOVERED_LOCAL_local,v3_exact_match,ee1b968983f0d0d8,pathguard_preexec_v2.0.0,npz_pre_execution_arrays_only,,230.07450975439608,1152,0.19989097285351526,0.20000000000000107,0.20000000000001705,0.004476129115192693,0.006197393763885338,0.02201590962233036,0.005102705672929698,0.010915218703075099,0.016631232772718586,0.02063952442544707,0.0005381915025466585,0.009853788629348409,0.003115934489508777,0.0,0.0,0.0,0.0,0.0,0.0,0.0,25.02168199201574,30.83965380888392,27.43482172805937,30.839321533350585,30.83957038261142,0.13811678409399078,0.19697714669649286,3.5609787266555184,9.951008221123312,4.892224340259854,-0.6506653022393115,0.037944380089597045,0.13654454251493417,0.031130644696140006,0.06702326316937897,0.10268907652183493,0.003285989416800608,0.06111507355410212,0.01910082689834428,0.13811678409399078,0.4198231217625406,0.19697714669649286,0.01004897865108046,0.19347896249071292,0.05227828452873907,4.030647034392957,4.6984637439708905,4.030647034392957,0.021531894215762765,0.02054438269271219,4.201826567349969,4.98600438057722,10
sample_807984b1e73b22ce97c2,9b071aec1ca86e08e3dbc5129798d38259d1dbe832fa00ab6b7d6e572e57f510,map_023,map_023,final,0,unknown,unknown,,RECOVERED_LOCAL_local,v3_exact_match,derived-1c6f954ff7dc8568,pathguard_preexec_v2.0.0,npz_pre_execution_arrays_only,,245.30488462385864,1228,0.19992248135603802,0.20000000000000107,0.20000000000001705,0.012791501032531693,0.01309276139734424,0.18507027037037282,3.398910693244688e-14,0.008714254235033254,0.17523277891285743,0.18235484243355737,0.0017595663868015304,0.038117719492128666,0.01317690503993074,0.0,0.0,0.0,0.0,0.0,0.0,0.0,19.095063468064772,35.9131389545358,20.177421190690005,33.08686762518465,35.40648674270736,0.05140681815866983,0.6372374722646258,0.20880639458643793,4.1937757560936975,2.330380304296886,-0.4580064964627178,0.08661773085733031,0.984,3.547649100818716e-13,0.27929480215756775,0.9764496925711724,0.00802301884437251,0.2651788369481234,0.0754390438203768,0.05058338604772529,0.7684060859580374,0.5016047179624075,0.006444295836077934,0.18261230201273748,0.0364464675496141,2.4,2.4,2.4,0.17716936339773262,0.09452777119624269,2.3999999999999773,2.3999999999999773,12
sample_81cdc9c15f5d510f8e52,9c4a9dab4a8e8ebe2b6568f6a3c5d313e25e98682e41cee07e8df5c13f3a10e5,map_019,map_019,final,1,unknown,unknown,,RECOVERED_LOCAL_local,v3_exact_match,derived-1c6f954ff7dc8568,pathguard_preexec_v2.0.0,npz_pre_execution_arrays_only,,858.811487866954,4296,0.19995610893293458,0.19999999999998863,0.20000000000004547,0.0006574280434401989,0.0018220027392190042,0.019619001171726724,9.944593435459906e-05,0.008215679916658438,0.014755541489791047,0.019433004667856666,0.00011317156533503373,0.004123725808869576,0.0005430001728591507,0.0,0.0,0.0,0.0,0.0,0.0,0.0,32.57442323125243,46.118693673223284,36.049732459089086,42.7579838494912,43.6361798661557,0.03480939847094473,0.23126354966425833,0.705939881612748,6.180885486495912,4.19213860047971,-0.5788714954207165,0.0,0.0,0.0,0.0,0.0,0.0,0.0,0.0,0.03460438415011784,0.347416777678982,0.23126354966425833,0.002330896536084943,0.057890250431259116,0.010032976338570435,3.8114374499501453,2.7020536053646382,2.7020536053646382,0.019522482769817013,0.0,3.8210466995871113,2.709142667840051,12
sample_82ef1ef32d1f20b4fa9c,f9208ef5caa0454189b21205aecfaa67c13cdc09e878a873bd6918b4e6a31ddd,map_001,map_001,final,0,six_axis,explicit,6,RECOVERED_LOCAL_local,v3_exact_match,d46c9e86aea3de5c,pathguard_preexec_v2.0.0,npz_pre_execution_arrays_only,,9729.672293738553,48650,0.19999737494580677,0.1999999999998181,0.2000000000007276,0.0006449397772180292,0.003080897846181902,0.10205382473672404,1.8598147231795105e-05,0.002015810872066505,0.018253004413866177,0.07387358504505685,0.0003548188572310671,0.011938403113880211,0.0029361761831924443,8.374988210073023e-21,1.6744919317764763e-07,0.00017079635831482537,2.710505431213761e-20,3.0258823117203165e-07,0.00038768668419964425,6.162975822039155e-31,35.524304266145066,50.0,38.4116199001047,50.0,50.0,0.02154576489185494,0.1618800510692055,0.26508394092793836,5.059374211647871,1.5899811998419866,-0.510755061371578,0.0,0.0,0.0,0.0,0.0,0.0,0.0,0.0,0.037201931182398854,0.8389855174103314,0.24569658214953397,0.003869392256645773,0.12764523674223738,0.031693726753740346,2.3004564780742225,2.314875641495392,2.3004564780742225,0.09248140628603714,0.0,2.3149981861256403,2.329308323186506,12
sample_8313797c832c9440c6d2,a88432a4a53faf8dfe054c1b0fab642e1030580151eb719541b4aa0494b11121,map_011,map_011,final,0,unknown,unknown,,RECOVERED_LOCAL_local,v3_exact_match,derived-1c6f954ff7dc8568,pathguard_preexec_v2.0.0,npz_pre_execution_arrays_only,,926.1137338188672,4632,0.19998137201875776,0.19999999999999574,0.20000000000004547,0.00556759046066192,0.009634212091346508,0.04737111381844862,0.005833108538428798,0.025112876820989886,0.03698109335928246,0.04139354225700576,0.0006138865603770317,0.007082861764644552,0.0022627662724167496,0.05105169242749652,0.055140355254446834,0.08458704093395397,0.07708693285181258,0.0005119583580468005,0.08047575609962015,0.0020004488604429015,20.01038020261397,34.59461944971975,19.00526017281822,29.68563616874895,31.57612098691856,0.1527878461452324,0.45888642956826425,2.5252212968323313,6.256314802742328,6.126815523695214,-0.60487497305011,0.0,0.0,0.0,0.0,0.0,0.0,0.0,0.0,0.1527699762849159,0.5104322829218745,0.45888642956826425,0.008723529200532577,0.093894008505888,0.030846000922793094,4.125782786644944,4.204923344572562,4.125782786644944,0.044627296190364436,0.0,4.149499552012546,4.213005180723628,12
sample_841201e513b8b1dd4c1b,1a68cea7f43bd20e14687d9226b55d3677b04542f75008722d4ad3c37806b4f0,map_017,map_017,final,0,unknown,unknown,,RECOVERED_LOCAL_local,v3_exact_match,derived-1c6f954ff7dc8568,pathguard_preexec_v2.0.0,npz_pre_execution_arrays_only,,2054.5953306917904,10274,0.19999954547763948,0.20000000000004547,0.20000000000004547,-0.001311095435849489,0.004736831597397193,0.04779257801174177,0.001779164333307776,0.012267009869587292,0.013616057838315635,0.04720649212115177,0.00019025584608880602,0.004436580389855942,0.0008046092915608901,0.0036195949205810973,0.010403052548903797,0.0423732515600177,0.04165687035823087,0.0001641766318390742,0.009786438417165137,0.0010941573959534728,27.552168378512985,50.0,26.495605778409704,38.23634503284548,43.87400546497536,0.09431077022034372,0.28207437590754003,2.070877109957801,6.300000208503946,5.90343587367511,-0.5574518966060693,0.0,0.0,0.0,0.0,0.0,0.0,0.0,0.0,0.09427327145614883,0.5126979288566622,0.28207437590754003,0.0036537661373703314,0.0644238286545834,0.017371476087569827,3.9919462048212853,3.993772734306831,3.9919462048212853,0.047389340224180114,0.0,3.9963918010157524,3.996571138222755,12
sample_84e55b770855f2d220e9,b5ccc37f2a02b461f9e049414aa94f02f37b7906ddb1e8f469baf95f49376f1e,map_019,map_019,final,0,unknown,unknown,,RECOVERED_LOCAL_local,v3_exact_match,derived-1c6f954ff7dc8568,pathguard_preexec_v2.0.0,npz_pre_execution_arrays_only,,858.5261671452043,4294,0.19998280157120996,0.19999999999998863,0.20000000000004547,0.000655072256840484,0.001838153668860159,0.020308982156641415,0.0002870535866388766,0.00537115856428013,0.010751808264386252,0.02017328022134806,0.00011537286244036276,0.0012877186047631287,0.0006381980545614663,0.0,0.0,0.0,0.0,0.0,0.0,0.0,35.08892493247356,50.0,35.181524461648976,49.14638299371758,50.0,0.03970938515627197,0.23523303637657333,0.933849669685309,6.200000096306441,4.912655889236278,-0.5182562518120738,0.0,0.0,0.0,0.0,0.0,0.0,0.0,0.0,0.03971019276387785,0.35484601006683575,0.23523303637657333,0.0027754522175614423,0.024314371893581016,0.012466985604008664,3.3929343463725044,2.7008301413591655,2.7008301413591655,0.02024465536650986,0.0,3.4384332109304308,2.7061896925647035,12
sample_86e4cadfe1a8f9c6cf16,63dde22edcd593a869d4d686adc4fe9720134ca62d07c144520d1c68ccc1a8bd,map_002,map_002,final,0,six_axis,explicit,6,RECOVERED_LOCAL_local,v3_exact_match,d46c9e86aea3de5c,pathguard_preexec_v2.0.0,npz_pre_execution_arrays_only,,215.24718946308448,1078,0.19985811463610445,0.20000000000000284,0.20000000000001705,-3.388961311121146e-05,0.014211269868459586,0.0850514553387196,0.009687019213671669,0.034483490289534756,0.06140753056612967,0.08304995367050105,0.00168698290131785,0.01196328807419686,0.008984892707393055,-6.838479483776474e-17,0.027582839981266146,0.704617138205204,0.06670931485966472,0.020409300162942658,1.3063907493351086,0.048642208751840124,16.07608439986339,26.71651481540253,19.21703263026506,24.174598454303577,26.432761205652444,0.16726093029802225,0.4004174438102313,2.5658971700157793,6.03755518638007,5.898394175779597,-0.49544014439013984,0.13263531153927904,0.8897700838922014,0.0855393865323398,0.3436196201088747,0.5504579447332946,0.027956374957065867,0.5219180019319734,0.16455063081147037,0.1725390158415458,0.740211762025771,0.3443166644833626,0.030822362035556394,0.383919737197141,0.16098680374264374,2.5109482862687296,2.6176908253164766,2.5109482862687296,0.07300681686977618,0.18359345056454385,2.5134859031890615,2.8501183110683552,12
sample_87023d95fae2cfbe76b0,02418651cc82e3112b0696f6f3d2d6393f194357ecb2fe754f18e09c6264fc96,map_025,map_025,final,0,five_axis,explicit,5,RECOVERED_LOCAL_local,v3_exact_match,c55daff1b698d1f4,pathguard_preexec_v2.0.0,npz_pre_execution_arrays_only,,274.4746743758184,1374,0.19990872132251886,0.19999999999999996,0.20000000000001705,0.0010040164176430152,0.023364086477109004,0.2302781601233828,0.012120537268394946,0.06165325468596899,0.08513065782902891,0.1742838056722885,0.004567501829254754,0.06768680843919933,0.02651141126943274,-1.0100282247317653e-18,0.001065733086421798,0.060078753271913365,0.0,0.000874434706608998,0.0373559585409539,0.0,11.998814079952181,18.34027911172735,11.938858237692864,16.949925460773205,17.225478183062354,0.2042651234258504,0.5418419255911825,2.1973230594571977,3.500000000000001,3.5000000000000004,-0.5381182435253588,0.0,0.0,0.0,0.0,0.0,0.0,0.0,0.0,0.0,0.0,0.0,0.0,0.0,0.0,2.2446832490672946,2.383885304885597,2.2446832490672946,0.1234771028033838,0.0,2.3717108836964482,2.387197388697863,10
sample_8726556fd05b2d21b297,f26444143e33f5b97c7d8562b90b45f8b75b7170282e1b8f9c646223e5486743,map_024,map_024,final,1,five_axis,explicit,5,RECOVERED_LOCAL_local,v3_exact_match,c55daff1b698d1f4,pathguard_preexec_v2.0.0,npz_pre_execution_arrays_only,,370.69820983688857,1769,0.20967093316566096,0.19967954466551419,0.2962215673813105,0.008612682434645521,0.017490350459274436,0.1851412930339669,0.010358332209109424,0.015877997240439957,0.08860694511984728,0.17682741315677603,0.0016178184953726986,0.039194850350859047,0.005078915804871923,0.0,0.0,0.0,0.0,0.0,0.0,0.0,16.760911896492285,22.932863123725973,19.160519366894025,21.66007397764108,21.660284186553774,0.19825559550394428,0.360278194816881,3.2531645469914325,5.510600586776552,4.9328113017836355,-0.49844281035197235,0.10658508475782924,0.984,0.06356726973037213,0.09734981909000452,0.5950111596787258,0.009126483840347841,0.30897058945164857,0.028322717730054656,0.19857785424023847,0.7951955811911479,0.3674429731266799,0.013223262818420515,0.18506335246400263,0.05125755730877567,2.855478541714491,1.251324033858801,1.251324033858801,0.17241211693002043,0.10417746160075023,2.8665421627140826,1.25245603854423,10
sample_8729a86163945f79f015,424da108a340d342ec52cfad334948f2966db80efc6975349a336a50facb4198,map_022,map_022,final,1,five_axis,explicit,5,RECOVERED_LOCAL_local,v3_exact_match,ee1b968983f0d0d8,pathguard_preexec_v2.0.0,npz_pre_execution_arrays_only,,1344.7376956598873,6734,0.19972340645475825,0.1999999999999318,0.20004304934850553,-0.0008980841277320832,0.002582208504819935,0.02117193459994155,0.0010764654181746251,0.006508132258454825,0.008574908519494977,0.019523370161726377,0.00012037555026306421,0.014389321670352742,0.0005029964753419668,0.0,0.0,0.0,0.0,0.0,0.0,0.0,32.742384795741806,48.27027025239632,32.56536765674875,43.634923767873545,45.11810955382518,0.06166784954282153,0.18042472630106787,1.6351000555513253,5.505637397122071,4.862933527654192,-0.6067317025368295,0.01581603653452226,0.1312248095408543,0.006534908404177723,0.03976992345735869,0.05252133564745249,0.0007286235550769719,0.08908572558052792,0.003074474389612847,0.06166784954282153,0.34104732123605597,0.18042472630106787,0.0028618002027676046,0.23340798453037542,0.013359277495823324,2.5659917217651325,3.0150886339267657,2.5659917217651325,0.02000438759322287,0.021714211916375355,2.58179712666746,3.0230564537794136,10
sample_87fd8d73bcb6181d1d2f,faf7d4bff6436aaa7f9eeec761dfcd7a45d4b814d47e09938086f12427465cc9,map_004,map_004,final,1,six_axis,explicit,6,RECOVERED_LOCAL_local,v3_exact_match,62e09ce1c354da04,pathguard_preexec_v2.0.0,npz_pre_execution_arrays_only,,578.5036824313657,2894,0.19996670668211744,0.19999999999998863,0.20000000000004547,0.006371696025879897,0.006371696025879897,0.006749808516235682,0.006372350782829249,0.006372351972028267,0.0063723529696366596,0.006410292356141801,3.924761201673841e-06,0.0006883387455498755,8.07039181519376e-08,0.0,0.0,0.0,0.0,0.0,0.0,0.0,26.605520155577377,27.8376566048989,27.824436917677684,27.824444800396304,27.8244511183547,0.1695385519466259,0.17730717302699736,4.6030714570790465,4.96367610641164,4.933474711155431,0.11762490151459805,0.0486124208826589,0.051517729886644895,0.04861744060854076,0.04861744974283717,0.04861745740551653,3.0145812901757427e-05,0.005289521074551329,6.198895336907688e-07,0.1695385519466259,0.1784165331079499,0.17730717302699736,0.00033502489504294293,0.05884793449888054,0.001844947409676028,4.999854185344884,4.997817524811881,4.997817524811881,0.006446011093309556,0.0011875951183794755,4.999854185344884,4.998628542902542,12
sample_894262a5c2edca3a4e6f,38d63e87c04dae192233fe7baf2b155153eab26c45e7f16e60010bf7e1f507c5,map_024,map_024,final,0,five_axis,explicit,5,RECOVERED_LOCAL_local,v3_exact_match,c55daff1b698d1f4,pathguard_preexec_v2.0.0,npz_pre_execution_arrays_only,,363.2787242362103,1818,0.1999332549456303,0.19999999999999574,0.20000000000004547,0.008712746856929032,0.01771465640076524,0.2401445199231491,0.010580315110834834,0.013259443756525211,0.0312778037507839,0.23208769216563044,0.001517818316388771,0.04229667339558546,0.006114332610548311,0.0,0.0,0.0,0.0,0.0,0.0,0.0,15.54137104814811,21.919892107589398,17.19829642145615,18.77989435897935,19.292205716446617,0.194452429238848,0.22308404291836406,2.8286451574541074,3.500000000000001,3.500000000000001,-0.5497445626556188,0.0,0.0,0.0,0.0,0.0,0.0,0.0,0.0,0.0,0.0,0.0,0.0,0.0,0.0,3.2537611851788126,2.300252227217979,2.300252227217979,0.21095698504547258,0.0,3.2744918588775236,2.3020411759171022,10
sample_899199f9bb30ad7da14f,610054daf5eee27d297495b30949daac8cce160cbb15cc392232f7272e8fc7e1,map_020,map_020,final,1,unknown,unknown,,RECOVERED_LOCAL_local,v3_exact_match,derived-1c6f954ff7dc8568,pathguard_preexec_v2.0.0,npz_pre_execution_arrays_only,,1168.242506767903,5843,0.19997304121326653,0.20000000000000284,0.20000000000004547,0.0014936300156036413,0.0034556956278571716,0.0196798522785419,0.002202078265883167,0.009965323545139836,0.014016133027536399,0.018876735327327133,0.00024114522098681935,0.004885204333339927,0.0008442327602584175,0.0,0.0,0.0,0.0,0.0,0.0,0.0,22.91913508196306,33.59913698155785,22.49623519080073,28.50450271402624,30.560404615124785,0.07257649177247552,0.2720665341784714,1.5525609515165502,6.18486752006173,5.447706205738913,-0.3853841501259501,0.0,0.0,0.0,0.0,0.0,0.0,0.0,0.0,0.07226905787533955,0.3485277437208603,0.2720665341784714,0.004963570995022829,0.06204341873679055,0.016186472682764897,3.2764570677806244,3.1325770867079967,3.1325770867079967,0.019212406891139358,0.0,3.4465634698684453,3.2700988214150772,12
sample_89db22d5e10d599564ce,b7142e5c2023b610562b2e50a1b44caf25e659806c85b012d61d04da59621ca5,map_002,map_002,final,0,six_axis,explicit,6,RECOVERED_LOCAL_local,v3_exact_match,d46c9e86aea3de5c,pathguard_preexec_v2.0.0,npz_pre_execution_arrays_only,,215.24718946308448,1078,0.19985811463610445,0.20000000000000284,0.20000000000001705,-3.388961311121146e-05,0.014211269868459586,0.0850514553387196,0.009687019213671669,0.034483490289534756,0.06140753056612967,0.08304995367050105,0.00168698290131785,0.01196328807419686,0.008984892707393055,-6.838479483776474e-17,0.027582839981266146,0.704617138205204,0.06670931485966472,0.020409300162942658,1.3063907493351086,0.048642208751840124,15.895200914148866,26.71651481540253,18.940445726018083,24.17436558691534,26.307795928036725,0.17038724229628982,0.4491081385319877,2.5369293009863654,6.03755518638007,5.898394175779597,-0.4593472090875072,0.13263531153927904,0.8897700838922014,0.0855393865323398,0.3436196201088747,0.5504579447332946,0.027956374957065867,0.5219180019319734,0.16455063081147037,0.1725390158415458,0.740211762025771,0.3443166644833626,0.030822362035556394,0.383919737197141,0.16098680374264374,2.5109482862687296,2.6176908253164766,2.5109482862687296,0.07300681686977618,0.18359345056454385,2.5134859031890615,2.8501183110683552,12
sample_89fc74bb269783cb5606,cd93df5cc46d8493b8b061b7eb40e38e3974627b32ef23c01dba5fd87952cad3,map_006,map_006,final,1,six_axis,explicit,6,RECOVERED_LOCAL_local,v3_exact_match,2e3182561ba5e89c,pathguard_preexec_v2.0.0,npz_pre_execution_arrays_only,,273.68707410567004,1370,0.1999175121297809,0.19999999999999996,0.20000000000001705,0.0002023370379528745,0.0024754380618696075,0.012499204530716984,0.001999999048239164,0.007534270515600069,0.008787642041195158,0.012256435807315618,0.00016768268309400868,0.0017541073552688954,0.0007034806340698401,0.0,0.0,0.0,0.0,0.0,0.0,0.0,29.69981221464206,36.36724553298295,33.16776140301478,35.03744891862648,35.61913125581508,0.05727434601676001,0.17519448079064623,1.5644469867163848,5.038135970599227,3.7917221007368007,-0.7219814602966927,0.018873769834895818,0.09591457428239317,0.015182704119719623,0.05755169428952613,0.06720935899857354,0.001267776819197233,0.013352521330444525,0.00542205021626438,0.05727434601676001,0.2506584413006912,0.17519448079064623,0.004164192243104376,0.0678887000535825,0.015543771822777119,4.997446816710681,4.996648793458013,4.996648793458013,0.011628776445124141,0.008894828832769488,4.998397558909473,4.99863544861228,12
sample_8a680d4bd18650a26ed5,54adbad1a64a2e3a016bb1170f5f8ffabfa1f46815621b78fec20c2c6c524c44,map_019,map_019,final,0,unknown,unknown,,RECOVERED_LOCAL_local,v3_exact_match,derived-1c6f954ff7dc8568,pathguard_preexec_v2.0.0,npz_pre_execution_arrays_only,,858.5693164360785,4294,0.19999285265224281,0.19999999999998863,0.20000000000004547,0.0006541874977865432,0.0018059023551227533,0.020296374763236806,0.00014341498349333746,0.005882844011973346,0.010727978737134361,0.020189254116237707,0.00010810116576488287,0.001619994351691672,0.0006676749853192002,0.0,0.0,0.0,0.0,0.0,0.0,0.0,36.09258230507592,50.0,37.88850180410324,50.0,50.0,0.037736804228553016,0.232099512352557,0.8544657777562243,6.200000096256573,4.861332303362546,-0.5120404744432981,0.0,0.0,0.0,0.0,0.0,0.0,0.0,0.0,0.03773874991246926,0.3547358524878497,0.232099512352557,0.002340958421137235,0.03302354686001249,0.011876148955675231,3.4915257973374323,2.723116856645295,2.723116856645295,0.020238715406717636,0.0,3.5285527349819055,2.7283457603781334,12
sample_8af5ff2037b27d1863b5,e3f8db2775b4a23065081016c5ff12803ab6041c5cc715b36d1142b0d70c3028,map_003,map_003,final,0,unknown,unknown,,RECOVERED_LOCAL_local,v3_exact_match,derived-1c6f954ff7dc8568,pathguard_preexec_v2.0.0,npz_pre_execution_arrays_only,,135.01447857396928,677,0.19972556002066463,0.20000000000000284,0.20000000000000284,0.0006277942121404021,0.002239606123328958,0.007851252217492432,0.0010390931339613128,0.006663968512277896,0.0073988569613261815,0.007813176114914227,0.000271417302785645,0.0008304210165019938,0.0007533480333741314,0.0006006769598330058,0.0006006769598330058,0.007497017611456158,0.0006240016444776231,0.000224793268087051,0.06274767798172548,5.0014956922694864e-05,21.463097814201515,29.328344428563774,22.887160167158463,27.828012887207926,28.58792679329213,0.049012674783350633,0.15231655110197562,1.083124950687718,3.6193521254644456,3.2914101141932863,0.06099602068743073,0.0,0.0,0.0,0.0,0.0,0.0,0.0,0.0,0.05364750209977877,0.19746253977661704,0.177744546856523,0.006234408528884672,0.017412326817472012,0.01500176350134541,2.4,2.4,2.4,0.0072989063319948535,0.0,2.3999999999999773,2.3999999999999773,12
sample_8b0aaa13441109839afa,3035a923cd3858526c809d55307d0a0d58818e5311cc375fa9040fcc9863ab17,map_008,map_008,final,0,unknown,unknown,,RECOVERED_LOCAL_local,v3_exact_match,derived-1c6f954ff7dc8568,pathguard_preexec_v2.0.0,npz_pre_execution_arrays_only,,345.1800422804893,1727,0.19998843701071223,0.19999999999999574,0.20000000000004547,0.004547970318918619,0.004704751680704695,0.10153962843103125,9.690746325780051e-05,0.002813342399604695,0.031360145402499644,0.10028830218398131,0.0007017062611405168,0.019913734650076537,0.003101239593371581,0.0,0.0,0.0,0.0,0.0,0.0,0.0,25.240550761642552,44.943283095356506,25.65171657778707,40.85522771005679,43.69944427138284,0.0380189002736396,0.20605591617802818,0.3506730870775184,6.976950777721927,1.3855246604265916,-0.4057830645484607,0.0,0.0,0.0,0.0,0.0,0.0,0.0,0.0,0.038014156243339946,0.8382674923750152,0.20605591617802818,0.0064928015357223175,0.15963467051112434,0.03506949224184209,4.878895285744105,4.821136076960766,4.821136076960766,0.09789233299332582,0.0,4.9799143303478415,4.830273497337012,12
sample_8b27799e6dab0994379c,8c7a4e845d755564c25af00e4b04ddbe42c7717436f61740630cb4c690389664,map_011,map_011,final,0,unknown,unknown,,RECOVERED_LOCAL_local,v3_exact_match,derived-1c6f954ff7dc8568,pathguard_preexec_v2.0.0,npz_pre_execution_arrays_only,,926.0161088059396,4632,0.1999602912558712,0.19999999999999574,0.20000000000004547,0.005568049874665394,0.009384099886973453,0.05007983790014439,0.0049374101190486725,0.025908028885022326,0.03857613194008183,0.04348293067982093,0.0005831813147391373,0.008875932185491507,0.0022891121926522026,0.050978113023676656,0.05521367443987847,0.20906136775965933,0.07767345724325736,0.001277600337662759,1.70464852802691,0.002017860917442686,16.512381814105577,34.50072289832243,14.368234761921805,28.67782043819164,31.410135731642065,0.10659611129632172,0.32985362218450887,1.2914252846070806,3.288639484626674,3.1313933440871593,-0.5970215731892174,0.0,0.0,0.0,0.0,0.0,0.0,0.0,0.0,0.1461365331519848,0.5248229068493623,0.4565448057917077,0.008202658664900353,0.09003387600465806,0.02759057620297971,2.4,2.4,2.4,0.04642678749291186,0.0,2.399999999999636,2.399999999999636,12
sample_8ce37dfbe9163167aa27,2bc5723e7fb619efe01c6e6e5e0f64ec74a54f771866cb1505c36f8a1639d197,map_011,map_011,final,0,unknown,unknown,,RECOVERED_LOCAL_local,v3_exact_match,derived-1c6f954ff7dc8568,pathguard_preexec_v2.0.0,npz_pre_execution_arrays_only,,926.0689248585278,4632,0.1999716961473824,0.19999999999999574,0.20000000000004547,0.005567715203939366,0.009532942562000426,0.048190468234544544,0.005501231082013106,0.025416918187838408,0.037488009022963405,0.04198114959921305,0.0005953886334567339,0.007094081544116115,0.002186378645375339,0.051042905854292865,0.05514914182765037,0.08463336605501581,0.07736035612748732,0.0005776894218653306,0.2320286671259123,0.002059504539816192,20.061338047908368,34.59043105858028,19.14985223743762,29.749780620201594,31.636625903511398,0.15083009017902768,0.46150103527726855,2.4920242770595347,6.249773958454004,6.11455396130814,-0.5994977535853834,0.0,0.0,0.0,0.0,0.0,0.0,0.0,0.0,0.15081606666381,0.5148276996360643,0.46150103527726855,0.00835093144694745,0.08485796458600059,0.029465263980147004,4.24709328668629,4.302449311892289,4.24709328668629,0.045255972761425824,0.0,4.275116106802136,4.307548827254697,12
sample_8d5a66fdeb30e76181c7,377db715c6686645c0fd95a349cd9992764debaed425dce2f2354041bee5bec7,map_010,map_010,final,0,six_axis,explicit,6,RECOVERED_LOCAL_local,v3_exact_match,derived-9527f9061c36bcaf,pathguard_preexec_v2.0.0,npz_pre_execution_arrays_only,,293.605868944382,1485,0.19784762058246766,0.199999999938683,0.2062870085448594,0.004551145592504594,0.005279425110628305,1.033502944167365,1.4596706359171208e-05,0.021962871602341894,0.0376279811368877,0.045535235492839166,0.0040065718907991415,2.4609208942870127,0.0036554670443369446,0.0,0.0,0.0,0.0,0.0,0.0,0.0,18.175871706021553,29.53931999924219,18.807013407687815,26.20328231308126,27.92799985636213,0.044260427702143536,0.2851225386113014,0.4442418972919935,13.394198156409205,2.4905288523695335,-0.2936570940820795,0.0,0.0,0.0,0.0,0.0,0.0,0.0,0.0,0.044260427702143536,3.7206105990025358,0.2851225386113014,0.019358127562510118,8.859315219433297,0.038572226301960805,2.345225740201322,4.055677957772062,2.345225740201322,0.05204865088326957,0.0,3.299894058725578,4.093011925496439,12
sample_8dc2ec61aa3270d92700,95098683941f080f2ef324067cb6548718139bf4533a654b1c7a4b0916641d19,map_023,map_023,final,1,unknown,unknown,,RECOVERED_LOCAL_local,v3_exact_match,derived-1c6f954ff7dc8568,pathguard_preexec_v2.0.0,npz_pre_execution_arrays_only,,245.30488462385864,1228,0.19992248135603802,0.20000000000000107,0.20000000000001705,0.012791501032531693,0.01309276139734424,0.18507027037037282,3.398910693244688e-14,0.008714254235033254,0.17523277891285743,0.18235484243355737,0.0017524664844034313,0.03804326045121212,0.01313486417753658,0.0,0.0,0.0,0.0,0.0,0.0,0.0,19.155955884599674,35.904088556240666,20.177421190690005,33.08686762518465,35.40648674270736,0.05350501283246877,0.6458295544756266,0.22599494561167585,4.1303737079038205,2.370406159451923,-0.458886239212472,0.08661773085733031,0.984,3.547649100818716e-13,0.27929480215756775,0.9764496925711724,0.00802301884437251,0.2651788369481234,0.0754390438203768,0.05282141536127189,0.8164314663304149,0.5074932105803485,0.006754132578743312,0.13003738651055707,0.04105663819861087,2.4,2.4,2.4,0.17716936339773262,0.09452777119624269,2.3999999999999773,2.3999999999999773,12
sample_8dec3ff859c70ff12260,549db2302f894a57243b0bf91a7c59b73163a6f2778d9a45397ce6514be46927,map_022,map_022,final,0,six_axis,explicit,6,RECOVERED_LOCAL_local,v3_exact_match,2e3182561ba5e89c,pathguard_preexec_v2.0.0,npz_pre_execution_arrays_only,,1345.1973130578283,6727,0.19999960051409876,0.20000000000000284,0.20000000000004547,-0.0009093365401525969,0.002789742105920015,0.02145155655112555,0.0017274219407668481,0.006308449435374217,0.009880589327845305,0.02091756337909341,0.00015651444369654843,0.0015481225551522834,0.0006060628368811936,2.035937891864348e-05,0.0010355006333295398,0.4108726259551183,0.0019021880831255166,0.004937149387747574,1.1127800286278895,0.004755470207815492,29.855965971727738,47.89100349652165,29.209409648966634,39.0,43.24954209470862,0.07083210708480457,0.21806486498208164,1.8913810747873103,6.160485471253521,5.164439576831205,-0.4731435875106703,0.0,0.0,0.0,0.0,0.0,0.0,0.0,0.0,0.07083210708480457,0.36347850236487567,0.21806486498208164,0.004092508721634894,0.051574749006843335,0.012878984987073011,2.592626616426718,2.793825505097227,2.592626616426718,0.021386194444473695,0.0,2.6652806148502384,2.802841542613654,12
sample_8e38b307182d823b3c8c,eef4b10756319e13f847235c9805dfc052ec240c3be965e8e24dbc6188549d3c,map_023,map_023,final,0,unknown,unknown,,RECOVERED_LOCAL_local,v3_exact_match,derived-1c6f954ff7dc8568,pathguard_preexec_v2.0.0,npz_pre_execution_arrays_only,,245.30488462385864,1228,0.19992248135603802,0.20000000000000107,0.20000000000001705,0.012790864611415206,0.013096166428223779,0.1853086655636826,3.976054972796479e-14,0.008924800034419669,0.17522049819663316,0.18244658038240272,0.0017595663868015304,0.038117719492128666,0.01317690503993074,0.0,0.0,0.0,0.0,0.0,0.0,0.0,18.268817230639993,35.90285487629606,19.726259744088736,33.08554654363899,35.40524070329157,0.05798432953585752,0.6763301084638031,0.2709463263741016,5.3661019800830285,2.6214969917237747,-0.39740032018698007,0.11823421814811715,0.984,3.9178092778096764e-13,0.5094571742474593,0.8631451000363386,0.025751773608221618,0.8471519073907412,0.15747920530804413,0.06293042406116713,0.8594424142186506,0.5254045168194955,0.018229297729998036,0.4722199850289529,0.1304726706832685,2.4,2.4,2.4,0.17717080545882297,0.31911138810388495,2.3999999999999773,2.3999999999999773,12
sample_8fcdc4c9400ae0b40817,85a1621a0c08daec63dea8f3efd80364018291b702b03fb943ccfa252cc48e88,map_023,map_023,final,1,unknown,unknown,,RECOVERED_LOCAL_local,v3_exact_match,derived-1c6f954ff7dc8568,pathguard_preexec_v2.0.0,npz_pre_execution_arrays_only,,245.30488462385864,1228,0.19992248135603802,0.20000000000000107,0.20000000000001705,0.012791501032531693,0.01309276139734424,0.18507027037037282,3.398910693244688e-14,0.008714254235033254,0.17523277891285743,0.18235484243355737,0.0017595663868015304,0.038117719492128666,0.01317690503993074,0.0,0.0,0.0,0.0,0.0,0.0,0.0,19.09470970656789,35.904088556240666,20.177421190690005,33.08686762518465,35.40648674270736,0.05140681815866962,0.6372374722646258,0.20880639458642275,4.1937757560936975,2.330380304296886,-0.45802352863366236,0.08661773085733031,0.984,3.547649100818716e-13,0.27929480215756775,0.9764496925711724,0.00802301884437251,0.2651788369481234,0.0754390438203768,0.05058338604772529,0.7684060859580374,0.5016047179624075,0.006444295836077934,0.18261230201273748,0.0364464675496141,2.4,2.4,2.4,0.17716936339773262,0.09452777119624269,2.3999999999999773,2.3999999999999773,12
sample_90312cc52926b8a285d4,29b7a8e03ac4bb406923ad073c40898b3f290f746829f2e40c89e3202dc11fe2,map_023,map_023,final,0,unknown,unknown,,RECOVERED_LOCAL_local,v3_exact_match,derived-1c6f954ff7dc8568,pathguard_preexec_v2.0.0,npz_pre_execution_arrays_only,,245.30488462385864,1228,0.19992248135603802,0.20000000000000107,0.20000000000001705,0.012792978632849037,0.01324372329864957,0.17964137663029867,4.6850969346009084e-14,0.024918955678904717,0.14687831368287443,0.17934490459973057,0.0017595663868015304,0.038117719492128666,0.01317690503993074,0.0,0.0,0.0,0.0,0.0,0.0,0.0,19.500771494450863,35.94286337493061,20.13712902901569,33.11876465359026,35.43657360107604,0.07738519566651575,0.860361780014165,0.45617017412441585,6.323037378098729,5.061166851583884,-0.46622065075652397,0.09259707188025094,0.984,3.547649100818716e-13,0.380405792551946,0.9419087909325276,0.00838786943108788,0.20182050439522703,0.07266507949239771,0.0775849050669562,0.9592820171065921,0.759036365218531,0.008511029729621797,0.15394179313505263,0.060048965852566,2.4,2.4,2.4,0.17565207581039868,0.08451399225998216,2.3999999999999773,2.3999999999999773,12
sample_907bdd4df3e22a817925,2cc3f7c16f263dd722be3dad37de7210af56949cacc123378b87b11516771bfa,map_013,map_013,final,0,five_axis,explicit,5,RECOVERED_LOCAL_local,v3_exact_match,ee1b968983f0d0d8,pathguard_preexec_v2.0.0,npz_pre_execution_arrays_only,,1588.3013898303477,7943,0.199987583710696,0.20000000000004547,0.20000000000004547,0.004070917739970783,0.004093159557098166,0.029480977842695617,0.002670986461066952,0.009150136811824269,0.013396615465344675,0.02457210642130687,0.0001375702419777697,0.004836378816954465,0.0005544860231643772,0.013597852136165836,0.02015028881718938,0.05396170243741949,0.05302830108700078,0.0003247859946147383,0.02572356913787023,0.0015477324282322145,40.9035011764989,50.0,45.959232084837204,50.0,50.0,0.16754836269015133,0.6698307732672337,7.285668981546145,73.70244460673904,33.49153866336169,0.0025768190669993763,0.025087019456982267,0.18374877196056683,0.01624731166210631,0.05607979037129032,0.08246631428118821,0.0008495044289120537,0.03036699537823584,0.0034398632473276454,0.16754836269015133,1.4740488921347807,0.6698307732672337,0.006121196047639069,0.2418189408477236,0.027724301158218598,3.300934759188085,4.033165480309744,3.300934759188085,0.02845638514759411,0.006897261990472898,3.3031375624947636,4.035174159508803,10
sample_91707aee3cd7b58fa94a,11da1340b6d0c7d64e5e091431810d5d195a488d270270ee2b7aa71b0a0f3fff,map_021,map_021,final,1,six_axis,explicit,6,RECOVERED_LOCAL_local,v3_exact_match,d46c9e86aea3de5c,pathguard_preexec_v2.0.0,npz_pre_execution_arrays_only,,1187.2086411548203,5938,0.19996776842762679,0.20000000000000284,0.20000000000004547,-0.0023094494996061666,0.0023790179556247566,0.015395965393248796,0.00044192038286801555,0.006174238326037333,0.008281190349845,0.011442506203741733,0.00010819856300432995,0.0023149094629677305,0.00046333458525191467,0.0,0.0,0.0,0.0,0.0,0.0,0.0,34.32455928798891,50.0,32.653751284107784,50.0,50.0,0.06218270776556072,0.16881417077926972,1.7423124342208522,5.103125575395256,4.9106468997454575,-0.6775147532172204,0.01813698355725657,0.11840586217013153,0.0033482205596364386,0.047096012709854355,0.06330455060353879,0.0008226598871734582,0.017860819454773358,0.0035092463590091516,0.06218270776556072,0.264072366526126,0.16881417077926972,0.002491530468757031,0.12708803276513342,0.008910640200240533,2.435276334548917,3.415562707065445,2.435276334548917,0.013327694007878659,0.010522142132716218,2.6502937265875373,3.415562707065445,12
sample_921375a82a4b6a9c8be7,70f2b43a6b1991e441efee302b9af596125669b79ed9908a19210f4886e912df,map_020,map_020,final,1,unknown,unknown,,RECOVERED_LOCAL_local,v3_exact_match,derived-1c6f954ff7dc8568,pathguard_preexec_v2.0.0,npz_pre_execution_arrays_only,,1169.0806023399764,5847,0.19997957617857962,0.20000000000000284,0.20000000000004547,0.00160172930341966,0.003776256477173059,0.019493435761703124,0.0024981536720028313,0.012977859428635987,0.017251119615662218,0.019210439843550153,0.00019724318483022542,0.0038256845666827573,0.0010609750624900065,0.0,0.0,0.0,0.0,0.0,0.0,0.0,26.64784755220583,41.165330046975896,26.024356503137298,38.069652103605264,39.48406517081382,0.08167781811020684,0.2812269253653169,1.9579491337254218,6.881299888582086,4.990452817067068,-0.4683098234494463,0.0,0.0,0.0,0.0,0.0,0.0,0.0,0.0,0.08161239670084502,0.3662435749015927,0.2812269253653169,0.004209876784186114,0.056250904609495,0.01964651360494816,3.992216701217313,3.553276809616091,3.553276809616091,0.01929776545696943,0.0,3.996905043072355,3.758153312967111,12
sample_92162fc20b921353ca2d,38acc45f2eca57a8b80b18e9f1cd8414a8184b2290c0f4466762fa083bae94f8,map_001,map_001,final,0,six_axis,explicit,6,RECOVERED_LOCAL_local,v3_exact_match,d46c9e86aea3de5c,pathguard_preexec_v2.0.0,npz_pre_execution_arrays_only,,9729.672293738553,48650,0.19999737494580677,0.1999999999998181,0.2000000000007276,0.0006449397772180292,0.003080897846181902,0.10205382473672404,1.8598147231795105e-05,0.002015810872066505,0.018253004413866177,0.07387358504505685,0.0003548188572310671,0.011938403113880211,0.0029361761831924443,8.374988210073023e-21,1.6744919317764763e-07,0.00017079635831482537,2.710505431213761e-20,3.0258823117203165e-07,0.00038768668419964425,6.162975822039155e-31,35.49048251692456,50.0,38.399569806092074,50.0,50.0,0.020920951632671315,0.15701199732073196,0.2570082814948518,5.059374211647871,1.4666443841441055,-0.5119772299934563,0.0,0.0,0.0,0.0,0.0,0.0,0.0,0.0,0.037201931182398854,0.8389855174103314,0.24569658214953397,0.003869392256645773,0.12764523674223738,0.031693726753740346,2.3004564780742225,2.314875641495392,2.3004564780742225,0.09248140628603714,0.0,2.3149981861256403,2.329308323186506,12
sample_9322b9d5fe65ef3ac225,a991b979d5fc5ce1a6b300e55ae9ecd84bc1f5f7bd00e6f5b061ec99f7c096a8,map_023,map_023,final,1,unknown,unknown,,RECOVERED_LOCAL_local,v3_exact_match,derived-1c6f954ff7dc8568,pathguard_preexec_v2.0.0,npz_pre_execution_arrays_only,,245.30488462385864,1228,0.19992248135603802,0.20000000000000107,0.20000000000001705,0.012791501032531693,0.01309276139734424,0.18507027037037282,3.398910693244688e-14,0.008714254235033254,0.17523277891285743,0.18235484243355737,0.0017524664844034313,0.03804326045121212,0.01313486417753658,0.0,0.0,0.0,0.0,0.0,0.0,0.0,19.18949949452564,35.904088556240666,20.177421190690005,33.08686762518465,35.40648674270736,0.05507868968041274,0.6648245413719687,0.23948426329641395,4.3769098548288765,2.5118923402496596,-0.4583765596283417,0.08661773085733031,0.984,3.547649100818716e-13,0.27929480215756775,0.9764496925711724,0.00802301884437251,0.2651788369481234,0.0754390438203768,0.054374986401239486,0.8404441565166035,0.5224194814797705,0.006952783536680879,0.13386201552557353,0.042264186380922907,2.4,2.4,2.4,0.17716936339773262,0.09452777119624269,2.3999999999999773,2.3999999999999773,12
sample_93425c46e773ab109048,7c686c52f9fed517c8011f2a6307b4dd2c5d639eb53996ee81a81a9b6b6d31a7,map_019,map_019,final,1,five_axis,explicit,5,RECOVERED_LOCAL_local,v3_exact_match,ee1b968983f0d0d8,pathguard_preexec_v2.0.0,npz_pre_execution_arrays_only,,858.4949647485784,4294,0.19997553336794277,0.19999999999998863,0.20000000000004547,0.0006542765276352735,0.0017862119763080804,0.021105815112528837,0.00017423840006099766,0.006398673315354961,0.010404083481492061,0.020458315390175782,0.00011006751277180967,0.0014221731447695007,0.000583372902281851,0.0,0.0,0.0,0.0,0.0,0.0,0.0,24.165053600929966,40.0,22.518214736121728,37.71389895782656,39.244085099017276,0.02434101413066606,0.14800013794052844,0.3613135840074275,4.635418712460233,2.2890068764401,-0.42275565099440565,0.010965708543669739,0.13080823371845857,0.0010565243729656702,0.03909612371334309,0.06385053676569828,0.0006715172980682063,0.008888012513615262,0.0035823337292627327,0.02434101413066606,0.3036171944676115,0.14800013794052844,0.001655324137601952,0.020030429629853685,0.007683044927369503,3.3515098099092233,2.730517144332324,2.730517144332324,0.020792673388431746,0.0062350962954968265,3.400856570353961,2.736138743823867,10
sample_93b3691158761f5e23eb,2ce55657751dae87037d0eba4291ba274f4bc7cf8b628efe0ee86ccd3ae5aaa7,map_008,map_008,final,1,unknown,unknown,,RECOVERED_LOCAL_local,v3_exact_match,derived-1c6f954ff7dc8568,pathguard_preexec_v2.0.0,npz_pre_execution_arrays_only,,344.63598068813525,1725,0.19990486118801348,0.19999999999999574,0.20000000000004547,0.00455306040389119,0.0047007925131241565,0.09692388209577897,8.958740744172864e-05,0.004660598299674957,0.035083059939628417,0.09581483963512212,0.0006098176477703506,0.01579211366909676,0.0038121840364775798,0.0,0.0,0.0,0.0,0.0,0.0,0.0,25.50659922123825,45.09216614218489,25.82111158903322,41.044794725569744,43.87728323023914,0.042104825366036,0.28574312673606767,0.4143251837589462,6.846193865134243,2.3010557323169714,-0.4155038631730873,0.0,0.0,0.0,0.0,0.0,0.0,0.0,0.0,0.04210519111068333,0.8145917302484212,0.28574312673606767,0.005678529212893259,0.14870188504584747,0.029625175732828333,4.760577278778891,4.830109985255059,4.760577278778891,0.0923377482437698,0.0,4.9810526766373275,4.8393161405018965,12
sample_93bdbe83423c7d4f9690,bb70364afe6277189e7a4333c72e9dd5c390df4937f355645c2ab9103e5b761a,map_004,map_004,final,1,unknown,unknown,,RECOVERED_LOCAL_local,v3_exact_match,derived-1c6f954ff7dc8568,pathguard_preexec_v2.0.0,npz_pre_execution_arrays_only,,578.7186951397741,2895,0.19997190571519494,0.19999999999998863,0.20000000000004547,0.006369340832500832,0.006369340832500832,0.006684607279669063,0.0063708805748271475,0.006471821031531689,0.006486805646157443,0.0064911203364744685,5.649404069445167e-06,0.0006616285458494152,7.39114238241488e-06,0.0,0.0,0.0,0.0,0.0,0.0,0.0,26.973789247714546,28.557979127749842,28.252361474043003,28.512658246243237,28.544207934666172,0.171863131447343,0.18235881828892547,4.738334531800202,5.1638830162257845,5.138980400288936,0.20021088568657142,0.0,0.0,0.0,0.0,0.0,0.0,0.0,0.0,0.17147118092347688,0.18245698066178087,0.18235881828892547,0.0004118755502770548,0.058364624054003944,0.0018575386477825285,4.769559469355424,4.7696176440997275,4.769559469355424,0.006490267426554503,0.0,4.769612325556623,4.769653811206345,12
sample_94aba4be3325bf7e2a33,6cad8e548a598e2456cd902c84e72275b0b4a9ee4957670cfd202e5aa4f4ebd3,map_013,map_013,final,1,five_axis,explicit,5,RECOVERED_LOCAL_local,v3_exact_match,6e898ff7ac46a278,pathguard_preexec_v2.0.0,npz_pre_execution_arrays_only,,1588.301982222156,7955,0.1996859419439472,0.19990559538780417,0.20014542830176368,0.004123142918719618,0.004144934695167942,0.058904087508338684,0.0026778073799914614,0.00915759950449931,0.013451009326526295,0.025424355204796058,0.00017119005928257298,0.02264752409284143,0.0005499028891357327,0.00016153302096591704,0.16242874954369116,355.4364450518538,0.0,1.5282774856242487,4247.644436615567,0.0,29.092824908990806,49.50193698714575,28.459825568756337,38.4080601969004,43.62769191621468,0.09523841937104478,0.23047245656128798,2.346589361474553,6.363621774255025,4.820292727890773,-0.6528590887997788,0.0,0.0,0.0,0.0,0.0,0.0,0.0,0.0,0.09577216139819057,0.550869089470545,0.2301601928962481,0.002893111497994351,0.2222117246044384,0.01034438987954654,3.300928325746873,4.033093585113818,3.300928325746873,0.02846391075796766,0.0,3.3030914419840722,4.0350854399630585,10
sample_94e98848676f3a30dd31,6cda67d8aaf12fbf3190dc64f9e4d8e287d1ac69d1924ea7304bb344110979bf,map_023,map_023,final,0,unknown,unknown,,RECOVERED_LOCAL_local,v3_exact_match,derived-1c6f954ff7dc8568,pathguard_preexec_v2.0.0,npz_pre_execution_arrays_only,,245.30488462385864,1228,0.19992248135603802,0.20000000000000107,0.20000000000001705,0.012791501032531693,0.01309276139734424,0.18507027037037282,3.398910693244688e-14,0.008714254235033254,0.17523277891285743,0.18235484243355737,0.0017595663868015304,0.038117719492128666,0.01317690503993074,0.0,0.0,0.0,0.0,0.0,0.0,0.0,19.694806701792977,36.85631450585138,20.395157266233767,33.94944489847378,36.33585614649373,0.06403294525319758,0.7908431740186039,0.3237790158412231,6.291559715521278,3.536300807050219,-0.45167452782445194,0.08661773085733031,0.984,3.547649100818716e-13,0.27929480215756775,0.9764496925711724,0.00802301884437251,0.2651788369481234,0.0754390438203768,0.06321206104024404,0.9605076074475467,0.6221056119428451,0.008037418098537441,0.18285103304078154,0.048816500548757066,2.4,2.4,2.4,0.17716936339773262,0.09452777119624269,2.3999999999999773,2.3999999999999773,12
sample_963cfa6ea5eec2c7b048,82d679d177ad0e2cba19a2ffed18a3fe7457b8ffe17388491e94290e7fabacbd,map_002,map_002,final,0,five_axis,explicit,5,RECOVERED_LOCAL_local,v3_exact_match,c55daff1b698d1f4,pathguard_preexec_v2.0.0,npz_pre_execution_arrays_only,,212.02797527585238,1062,0.199837865481482,0.20000000000000284,0.20000000000001705,-0.016292776473492622,0.026421861672450104,0.786090589101416,0.0052164980309985145,0.026266792123175682,0.12798720423238272,0.5371747019518712,0.013766473550469328,1.248066752822547,0.08266315128356622,-0.0007127861972775961,0.02344695554788364,0.2561597958213875,0.062342333865356675,0.009079941779540197,0.11941464131739116,0.03561059506668996,15.668796439434777,22.0,17.407457050982252,22.0,22.0,0.14881703739112342,0.5906787363536498,1.5211857452267847,3.500000000000001,2.9758912315225197,-0.49625618715819536,0.0,0.0,0.0,0.0,0.0,0.0,0.0,0.0,0.0,0.0,0.0,0.0,0.0,0.0,2.228377332962441,2.2876238697810787,2.228377332962441,0.23517244371068735,0.0,2.7696446750914596,2.2897932245014636,10
sample_96dc55fa9af31b4246aa,ae3d43ec4b51a0106dba74195d5fb98766536ce5e8260af0d158b48beeff5632,map_011,map_011,final,1,six_axis,explicit,6,RECOVERED_LOCAL_local,v3_exact_match,2e3182561ba5e89c,pathguard_preexec_v2.0.0,npz_pre_execution_arrays_only,,923.9306180857138,4621,0.19998498226963504,0.19999999999999574,0.20000000000004547,0.005616527360933372,0.00960375731451516,0.034404536770632044,0.006522393435675749,0.02397765603460302,0.03109558009354159,0.03405571704022627,0.00030247087968954104,0.001356959043212723,0.0009867142851626987,0.05117569066690439,0.05527307086774412,0.08889280069291061,0.07702279916876265,0.0005119085973803675,0.04442248093394305,0.002089960843037031,22.58185826408757,35.486747440680126,21.453262103083947,31.217428345983446,32.477851481568635,0.17493845558476898,0.4606032024278942,3.3076566075365044,7.00000029357869,6.983263978036191,-0.7349332563756661,0.07390920080491681,0.2662410708831377,0.04977008719937934,0.18525637370717232,0.24062695704742168,0.00233607237121708,0.010577161430728899,0.007666551859944748,0.17493845558476898,0.49074613344871415,0.4606032024278942,0.004806736213990048,0.019829857363941272,0.013720912317473383,3.5184410931240717,3.246438558508737,3.246438558508737,0.033919420683813865,0.009211350181302067,3.616186626903857,3.398990502322258,12
sample_980ba533c8b1d92552c8,dca5fc1c77c186cedd925536587f93ff2e315bac0f83359f7621bc28d807db18,map_011,map_011,final,0,unknown,unknown,,RECOVERED_LOCAL_local,v3_exact_match,derived-1c6f954ff7dc8568,pathguard_preexec_v2.0.0,npz_pre_execution_arrays_only,,924.389641055862,4623,0.1999977587745266,0.19999999999999574,0.20000000000004547,0.005577961270774318,0.010122933877611456,0.042323325119125246,0.007548475561562169,0.025334120457071608,0.03166609357372641,0.038034799012878824,0.0005283972849244781,0.003530112998992225,0.0015134283485189913,0.051156256116719985,0.0552422650374686,0.08857304171797864,0.07714489711046113,0.0005221483809195774,0.019805884183043923,0.0020683842547039874,20.585592191925286,34.6863685004692,19.589769539356745,29.03895602343133,30.96973212802987,0.17524231109570376,0.4683029967557795,3.1209937342203493,7.000000379104289,6.901796203273872,-0.6237689024256307,0.0,0.0,0.0,0.0,0.0,0.0,0.0,0.0,0.17524272825149345,0.5351917382658371,0.4683029967557795,0.008424499487827159,0.04946725301779073,0.022057298381240282,2.660611936928573,3.2938091624916463,2.660611936928573,0.04056012516619056,0.0,2.7957712954903755,3.3127879501581607,12
sample_98842887add6be0bdd41,8120b1c063a6d261a0fe74ed29f5f2c6633b65bce029a895ba3dfdc57fc0b1e3,map_018,map_018,final,0,six_axis,explicit,6,RECOVERED_LOCAL_local,v3_exact_match,62e09ce1c354da04,pathguard_preexec_v2.0.0,npz_pre_execution_arrays_only,,2614.9843573250737,13076,0.1999988036195085,0.20000000000004547,0.20000000000027285,-0.0013532028103597873,0.0029531870742809407,0.3477064345076873,6.644760605124811e-05,0.008494667200828282,0.010433200448648377,0.021321954604353065,0.00043083005850172787,0.9432137896409032,0.0005697232756600736,-0.004004105378171912,0.010112480069773137,0.045677887182395516,0.039581891676320424,0.00016692215006861315,0.006002711501702496,0.0011156854651406239,33.48914655677767,50.0,33.3631240191672,47.45047310583732,50.0,0.06604626139644439,0.22861076495959787,1.7403507965760072,7.000000046490896,6.1519908536563666,-0.44721077307488366,0.019043938679857878,0.16655999649982156,1.067586149133648e-06,0.06494976654787105,0.07125693875174338,0.0006217833872307112,0.11329524073365177,0.0028683329649613863,0.06604626139644439,0.3879437363353116,0.22861076495959787,0.002608857604609168,0.5238586158211724,0.012193101841832314,2.4,2.4,2.4,0.07655522940135356,0.014582749885961704,2.399999999999636,2.399999999999636,12
sample_9892880eee9fb760ca27,7e4e7f351e7253f1484779fc17bf14a5bca9a24b01c143e7757ef2ed1e56cc12,map_013,map_013,final,1,five_axis,explicit,5,RECOVERED_LOCAL_local,v3_exact_match,c55daff1b698d1f4,pathguard_preexec_v2.0.0,npz_pre_execution_arrays_only,,1588.301982222156,7955,0.1996859419439472,0.19990559538780417,0.20014542830176368,0.004123142918719618,0.004144934695167942,0.058904087508338684,0.0026778073799914614,0.00915759950449931,0.013451009326526295,0.025424355204796058,0.00017119005928257298,0.02264752409284143,0.0005499028891357327,0.00016153302096591704,0.16242874954369116,355.4364450518538,0.0,1.5282774856242487,4247.644436615567,0.0,29.67306840178958,50.22560453344215,29.112231097714204,39.72122577661361,45.20073153199644,0.09483554907251703,0.2281013174980576,2.334459452021244,5.593545203901487,4.814557025616013,-0.6787592623149628,0.0,0.0,0.0,0.0,0.0,0.0,0.0,0.0,0.09444848980620243,0.5459567728097683,0.22821122143259298,0.0028406729532549895,0.2209726466779518,0.010052804637013638,3.300928325746873,4.033093585113818,3.300928325746873,0.02846391075796766,0.0,3.3030914419840722,4.0350854399630585,10
sample_99ec25bcace388d7dc87,4446d5e79893a9e873b38ea0367743422b26e73bac28fd62cb651c84367d1955,map_023,map_023,final,1,unknown,unknown,,RECOVERED_LOCAL_local,v3_exact_match,derived-1c6f954ff7dc8568,pathguard_preexec_v2.0.0,npz_pre_execution_arrays_only,,245.30488462385864,1228,0.19992248135603802,0.20000000000000107,0.20000000000001705,0.012791501032531693,0.01309276139734424,0.18507027037037282,3.398910693244688e-14,0.008714254235033254,0.17523277891285743,0.18235484243355737,0.0017524664844034313,0.03804326045121212,0.01313486417753658,0.0,0.0,0.0,0.0,0.0,0.0,0.0,19.088868664747743,35.904088556240666,20.177421190690005,33.08686762518465,35.40648674270736,0.05035765913658085,0.6078395806829427,0.20018929438869867,3.65873933987328,2.099736944012776,-0.4598572033043882,0.08661773085733031,0.984,3.547649100818716e-13,0.27929480215756775,0.9764496925711724,0.00802301884437251,0.2651788369481234,0.0754390438203768,0.04971427328133673,0.7684060859580374,0.4776406687815044,0.006356830662868175,0.12238812848052438,0.03864154183398667,2.4,2.4,2.4,0.17716936339773262,0.09452777119624269,2.3999999999999773,2.3999999999999773,12
sample_9a783ed2442fa0b65484,3050b9005c85d470d29ad8c64273dc45cc7aa6a31c7886bf039a0daab7e4f7bc,map_002,map_002,final,1,six_axis,explicit,6,RECOVERED_LOCAL_local,v3_exact_match,d46c9e86aea3de5c,pathguard_preexec_v2.0.0,npz_pre_execution_arrays_only,,215.24718946308448,1078,0.19985811463610445,0.20000000000000284,0.20000000000001705,-3.388961311121146e-05,0.014211269868459586,0.0850514553387196,0.009687019213671669,0.034483490289534756,0.06140753056612967,0.08304995367050105,0.00168698290131785,0.01196328807419686,0.008984892707393055,-6.838479483776474e-17,0.027582839981266146,0.704617138205204,0.06670931485966472,0.020409300162942658,1.3063907493351086,0.048642208751840124,15.18592963477773,26.71651481540253,18.831446522413437,24.17436558691534,26.307795928036725,0.15319256447031987,0.3377414181137132,2.2890291965145804,6.03755518638007,5.898394175779597,-0.46627821570638867,0.13263531153927904,0.8897700838922014,0.0855393865323398,0.3436196201088747,0.5504579447332946,0.027956374957065867,0.5219180019319734,0.16455063081147037,0.1725390158415458,0.740211762025771,0.3443166644833626,0.030822362035556394,0.383919737197141,0.16098680374264374,2.5109482862687296,2.6176908253164766,2.5109482862687296,0.07300681686977618,0.18359345056454385,2.5134859031890615,2.8501183110683552,12
sample_9a9d266b037471e60c0f,210229b67c2528155f4c4296c0090b995af896942d4a664fde63b8f1f948fce1,map_002,map_002,final,0,six_axis,explicit,6,RECOVERED_LOCAL_local,v3_exact_match,d46c9e86aea3de5c,pathguard_preexec_v2.0.0,npz_pre_execution_arrays_only,,215.24718946308448,1078,0.19985811463610445,0.20000000000000284,0.20000000000001705,-3.388961311121146e-05,0.014211269868459586,0.0850514553387196,0.009687019213671669,0.034483490289534756,0.06140753056612967,0.08304995367050105,0.00168698290131785,0.01196328807419686,0.008984892707393055,-6.838479483776474e-17,0.027582839981266146,0.704617138205204,0.06670931485966472,0.020409300162942658,1.3063907493351086,0.048642208751840124,16.008366260375638,26.71651481540253,19.21703263026506,24.174598454303577,26.432761205652444,0.16441594321072603,0.3712746067961805,2.5366282278508328,6.03755518638007,5.898394175779597,-0.5031910991681269,0.13263531153927904,0.8897700838922014,0.0855393865323398,0.3436196201088747,0.5504579447332946,0.027956374957065867,0.5219180019319734,0.16455063081147037,0.1725390158415458,0.740211762025771,0.3443166644833626,0.030822362035556394,0.383919737197141,0.16098680374264374,2.5109482862687296,2.6176908253164766,2.5109482862687296,0.07300681686977618,0.18359345056454385,2.5134859031890615,2.8501183110683552,12
sample_9e9ace2e86f198fc7092,3dc6a30cbd27805a4892f18b265d2c11325d5c4dda7ce186f9981de8b653fc97,map_018,map_018,final,0,unknown,unknown,,RECOVERED_LOCAL_local,v3_exact_match,derived-1c6f954ff7dc8568,pathguard_preexec_v2.0.0,npz_pre_execution_arrays_only,,2589.5839335437927,12949,0.1999987591553748,0.20000000000004547,0.20000000000027285,-0.0024948976547270758,0.003604366799443661,0.11702699081496849,0.00028134276036388456,0.008494721496389468,0.01110054607533922,0.033496439878267115,0.00020539320755071064,0.013994106879917506,0.0008576615263573681,-0.00404372490761192,0.010211312865713914,0.04568533553176746,0.03956995652871739,0.0001665251488797945,0.005975730214107234,0.0011122913293347529,31.599003400571494,50.0,30.980348093598028,46.14264639339963,48.84759515112934,0.06726672544481963,0.2289395251864914,1.4917001997143384,6.347128954275109,5.0594588187561405,-0.486563867030683,0.02748112406585169,0.984,0.0012854310801938805,0.06495050329029088,0.08358292146885303,0.005982092700432017,1.6406256278024138,0.006472324420515915,0.07191659177963608,1.9332467636975028,0.22410104819221321,0.01272833494094805,5.932251126488417,0.01586010093366926,3.0950950093954117,3.272023091742533,3.0950950093954117,0.11305449916880837,0.6748469408806633,3.7432551706152997,3.3252949839059545,12
sample_a005f03ee55c81eeba6b,36e51b167281e01dbc3effe40851dafeb6e02ed1edbd45ca92047eb393aae727,map_013,map_013,final,0,five_axis,explicit,5,RECOVERED_LOCAL_local,v3_exact_match,c55daff1b698d1f4,pathguard_preexec_v2.0.0,npz_pre_execution_arrays_only,,8080.908932495445,40406,0.19999774613279162,0.1999999999998181,0.2000000000007276,0.0007946873356114843,0.004750724349775269,0.05569022132976521,0.002904624238683798,0.011637289873325836,0.015873071450537894,0.028409554101608857,0.00020079525114374938,0.056049976759811465,0.0006392939715483267,0.0026730330857603767,0.02667540492996551,0.1776385361270636,0.05338677213487841,0.0004468824791252155,0.1481218491913038,0.0015969236903408991,20.469795241199108,22.0,22.0,22.0,22.0,0.08340948989447061,0.2328395051168828,1.550219529337226,3.500000000000001,3.5,-0.795229745146347,0.0,0.0,0.0,0.0,0.0,0.0,0.0,0.0,0.08266367696318215,0.48028744526509526,0.22575947510956074,0.002790328920674487,0.12653912245693474,0.009192251198631346,4.195566664128612,4.318008557385915,4.195566664128612,0.050322904222529344,0.0,4.195566664128612,4.340671158038615,10
sample_a07e26385f8289aaa4cb,556ca7d149bb7f67ad0308d54b02bf75e952742239785e6a4cc2cbfd25a04c99,map_012,map_012,final,0,unknown,unknown,,RECOVERED_LOCAL_local,v3_exact_match,derived-1c6f954ff7dc8568,pathguard_preexec_v2.0.0,npz_pre_execution_arrays_only,,469.7025005057628,2350,0.1999584931910442,0.19999999999998863,0.20000000000004547,0.003488011790636952,0.006504183478656048,0.023704435458842966,0.005635256548727212,0.014094849051039847,0.018754436486998035,0.023190637991174642,0.00039786050705563163,0.0037788928000621735,0.001532719475452207,0.03869040523895346,0.06603477568934972,0.1375641083894834,0.09793696096504476,0.0015535139862390044,0.3903738627769313,0.002656604450175231,22.73423090169911,33.97404182327603,23.432157216851977,29.44823213961051,31.737400641225985,0.13447376382380757,0.3314364917684849,2.899866562618944,6.175147306082011,5.751271826513325,-0.44461336415447666,0.0,0.0,0.0,0.0,0.0,0.0,0.0,0.0,0.13453369412445315,0.38187102142478985,0.3314364917684849,0.006598769455027037,0.05353698392590589,0.020561775265942047,4.7692303438903725,4.768937960791992,4.768937960791992,0.023015758732806594,0.0,4.770266830640674,4.7699324034968775,12
sample_a113b0defa31cd005ea2,0629f9ab70bd62fc9df747f4d57856bfbbc8ea4a983d4b8f0d31ebd98cf5f60c,map_017,map_017,final,0,unknown,unknown,,RECOVERED_LOCAL_local,v3_exact_match,derived-1c6f954ff7dc8568,pathguard_preexec_v2.0.0,npz_pre_execution_arrays_only,,2052.59438934204,10264,0.19999945331209587,0.20000000000004547,0.20000000000004547,-0.0013122915149867153,0.0047487094740233295,0.04883531239328578,0.001854254778802509,0.012289488823438898,0.013616054475055919,0.046854830483501565,0.00019260005595540306,0.0044464589218218414,0.0008102110090535994,0.003623107584989959,0.010413190471995952,0.04278556991883775,0.04174400324929391,0.00016387293998991023,0.009701910925927412,0.0010869293615169172,27.12598980566821,50.0,26.19490999366554,37.98015039250689,43.52964944355006,0.09212084370842112,0.2797527775827636,2.0157303593601816,6.016658101869697,5.818685046599455,-0.5644644136111406,0.0,0.0,0.0,0.0,0.0,0.0,0.0,0.0,0.0949764400899894,0.5182607448011187,0.28097462804601314,0.0037049572963654014,0.06614814523876267,0.017100385938139628,3.9971215768956196,2.851135627218034,2.851135627218034,0.04778408187406989,0.0,3.9985357281707277,2.913648322297234,12
sample_a246374aae34d88ecd45,623f3fa4f7f9dfbf901e9fd6dd7fe76b1a719724cbf575f3591ae19d9e969450,map_002,map_002,final,1,six_axis,explicit,6,RECOVERED_LOCAL_local,v3_exact_match,d46c9e86aea3de5c,pathguard_preexec_v2.0.0,npz_pre_execution_arrays_only,,212.38138547425845,1063,0.19998247219798349,0.20000000000000284,0.20000000000001705,0.0004229310486121319,0.01849782652940104,0.13024872529324494,0.012446842032902647,0.05018133878570362,0.06965354962168321,0.10072072545049476,0.006191037869824306,0.08855695178403054,0.035089981147186436,-1.6710788705552686e-18,0.02438363125897335,0.23138450436374736,0.05942219829543562,0.00462358185958849,0.1666726301658342,0.021684305578361894,15.967629293148372,26.712399712447937,19.23472427071429,24.202548054323373,26.305198640850033,0.1852256839593847,0.3862962982481123,2.684663092036362,6.039940639159516,5.901282800143996,-0.6717215495095723,0.1215641533234718,0.9236579289217026,0.08755883366305228,0.32813626645157135,0.4457447117762133,0.027197907334237624,1.9908007351173218,0.09978296351112276,0.15451931262777593,0.4039797011033215,0.30601241117311123,0.01996684221091198,1.095394068812505,0.07757995492965311,2.4,2.4,2.4,0.07396829620749333,1.2502509822202261,2.3999999999999773,2.3999999999999773,12
sample_a2fee12738fd38c94de5,d2f69d6f822b707b7e62e41cf708049d339edc74d7ef1c5dc3e63ff1f069983d,map_003,map_003,final,0,unknown,unknown,,RECOVERED_LOCAL_local,v3_exact_match,derived-1c6f954ff7dc8568,pathguard_preexec_v2.0.0,npz_pre_execution_arrays_only,,135.01447857396928,677,0.19972556002066463,0.20000000000000284,0.20000000000000284,0.0006277942121404021,0.002239606123328958,0.007851252217492432,0.0010390931339613128,0.006663968512277896,0.0073988569613261815,0.007813176114914227,0.000271417302785645,0.0008304210165019938,0.0007533480333741314,0.0006006769598330006,0.0006006769598330006,0.007497017611456158,0.0006226328751539612,0.00022587254795425527,0.06274767798172548,5.9286234359579426e-05,20.68865896866211,28.037145103647134,21.96023009083669,26.27808231697153,27.264194206600184,0.046841065863422585,0.14641428392266884,0.9858622383906992,3.2889078008143566,2.965122965978086,0.036479444012735965,0.0,0.0,0.0,0.0,0.0,0.0,0.0,0.0,0.05162137346408285,0.18892091882499928,0.17014310507297176,0.0059924782157611736,0.016924193200181792,0.014585283701321136,2.4,2.4,2.4,0.0072989063319948535,0.0,2.3999999999999773,2.3999999999999773,12
sample_a3d106d833f5440b5063,70b4bfd6edec4e8e246824a6ab9098c818ae1fd4803116136cfbeb839a909aa6,map_023,map_023,final,0,unknown,unknown,,RECOVERED_LOCAL_local,v3_exact_match,derived-1c6f954ff7dc8568,pathguard_preexec_v2.0.0,npz_pre_execution_arrays_only,,245.30488462385864,1228,0.19992248135603802,0.20000000000000107,0.20000000000001705,0.012791462354529949,0.01279146235469406,0.17496071625089638,4.6850969346009084e-14,0.042498395143348286,0.1148769718394097,0.17147094942466537,0.0017595663868015304,0.038117719492128666,0.01317690503993074,0.0,0.0,0.0,0.0,0.0,0.0,0.0,20.087953149369252,36.438546688905404,20.876349396503137,33.65007365898487,35.938212113577066,0.08552594948102542,0.7610531901600202,0.5803192819048983,6.134458049406968,5.049807597076095,-0.49462371638758773,0.1073602975710559,0.984,3.547649100818716e-13,0.4562895421188225,0.8810836780558231,0.00801302931984226,0.3085154400611931,0.058050164884913324,0.08617559173832798,0.9599455080972781,0.7588324849966342,0.00790239232516226,0.08756038118512666,0.05739492013995947,2.4,2.4,2.4,0.15861688234805946,0.06222435330517815,2.3999999999999773,2.3999999999999773,12
sample_a5927c45915a5889d1cd,d385ea8074824d3e5b7cfe1aeb885e709912bb5b297f0deb1f81740d892f101e,map_018,map_018,final,0,unknown,unknown,,RECOVERED_LOCAL_local,v3_exact_match,derived-1c6f954ff7dc8568,pathguard_preexec_v2.0.0,npz_pre_execution_arrays_only,,2589.5839335437927,12949,0.1999987591553748,0.20000000000004547,0.20000000000027285,-0.0024948976547270758,0.003604366799443661,0.11702699081496849,0.00028134276036388456,0.008494721496389468,0.01110054607533922,0.033496439878267115,0.00020539320755071064,0.013994106879917506,0.0008576615263573681,-0.00404372490761192,0.010211312865713914,0.04568533553176746,0.03956995652871739,0.0001665251488797945,0.005975730214107234,0.0011122913293347529,31.53720069863427,50.0,30.89423311138998,46.14264639339963,48.84759515112934,0.06657442431836649,0.22829791222203438,1.4662847631945817,6.341402113908996,4.921039687774736,-0.48861135546562057,0.02748112406585169,0.984,0.0012854310801938805,0.06495050329029088,0.08358292146885303,0.005982092700432017,1.6406256278024138,0.006472324420515915,0.07191659177963608,1.9332467636975028,0.22410104819221321,0.01272833494094805,5.932251126488417,0.01586010093366926,3.0950950093954117,3.272023091742533,3.0950950093954117,0.11305449916880837,0.6748469408806633,3.7432551706152997,3.3252949839059545,12
sample_a641c37b4c914d0e2d3d,9ad48b1d987d8e3def47fd3c3acb596ed88c6e8a9085fc473274fa4810c2fb7f,map_013,map_013,final,1,five_axis,explicit,5,RECOVERED_LOCAL_local,v3_exact_match,c55daff1b698d1f4,pathguard_preexec_v2.0.0,npz_pre_execution_arrays_only,,1588.301982222156,7955,0.1996859419439472,0.19990559538780417,0.20014542830176368,0.004123142918719618,0.004144934695167942,0.058904087508338684,0.0026778073799914614,0.00915759950449931,0.013451009326526295,0.025424355204796058,0.00017119005928257298,0.02264752409284143,0.0005499028891357327,0.00016153302096591704,0.16242874954369116,355.4364450518538,0.0,1.5282774856242487,4247.644436615567,0.0,29.5129554205923,49.86871310392806,29.02038085177888,39.163018460411,44.80293070539586,0.09460922268479048,0.2281013174980576,2.3203647287305977,5.5933125979692875,4.81451875168393,-0.6803409748447182,0.0,0.0,0.0,0.0,0.0,0.0,0.0,0.0,0.09444848980620243,0.5459567728097683,0.22821122143259298,0.0028406729532549895,0.2209726466779518,0.010052804637013638,3.300928325746873,4.033093585113818,3.300928325746873,0.02846391075796766,0.0,3.3030914419840722,4.0350854399630585,10
sample_a7e2e9e580bac9060226,122615e49b1413c708f4a8d525d7cda22ac5731f25f839cdb85be93cc668b8bd,map_022,map_022,final,1,five_axis,explicit,5,RECOVERED_LOCAL_local,v3_exact_match,c55daff1b698d1f4,pathguard_preexec_v2.0.0,npz_pre_execution_arrays_only,,1344.7376956598873,6734,0.19972340645475825,0.1999999999999318,0.20004304934850553,-0.0008980841277320832,0.002582208504819935,0.02117193459994155,0.0010764654181746251,0.006508132258454825,0.008574908519494977,0.019523370161726377,0.00012037555026306421,0.014389321670352742,0.0005029964753419668,0.0,0.0,0.0,0.0,0.0,0.0,0.0,32.802867001543156,48.26155809329438,32.60178314491813,43.43870561904071,44.94905128598974,0.062312399979973315,0.1778580228574645,1.6559446125004729,5.468190060847277,4.703362831644781,-0.6117988221779451,0.01581603653452226,0.1312248095408543,0.006534908404177723,0.03976992345735869,0.05252133564745249,0.0007286235550769719,0.08908572558052792,0.003074474389612847,0.06130562918356768,0.34104732123605597,0.18042472630106787,0.0028605791876113655,0.23340798453037542,0.013496606082788841,2.5659917217651325,3.0150886339267657,2.5659917217651325,0.02000438759322287,0.021714211916375355,2.58179712666746,3.0230564537794136,10
sample_a8056c4485bc40c90857,09a24c251fb4eee6fe80b3bbbbea2a6ee861b78b077def3c7a1aad891c82892a,map_012,map_012,final,1,unknown,unknown,,RECOVERED_LOCAL_local,v3_exact_match,derived-1c6f954ff7dc8568,pathguard_preexec_v2.0.0,npz_pre_execution_arrays_only,,469.6369862250566,2350,0.1999306029055158,0.19999999999998863,0.20000000000004547,0.003489193341188195,0.006304483843944567,0.023558211991860346,0.0056951287993363044,0.013223411822289026,0.01864495623609646,0.023045678925982725,0.00032305467272659733,0.0024726817577352053,0.0010961183759876662,0.03886630809570011,0.06620991117693036,0.34925075458204446,0.09800424171535553,0.00320319551013231,2.2243971042016355,0.002506069098723516,23.207452965317948,34.277823470727284,23.87159522710574,29.773581831172297,32.065717106440864,0.13357259427506482,0.33009879712550005,2.9379283126592832,6.18032073625441,5.76477888036363,-0.4356441791802285,0.0,0.0,0.0,0.0,0.0,0.0,0.0,0.0,0.1334158416875026,0.38087232373340657,0.33009879712550005,0.005649916358173493,0.039734867231394966,0.015469908426867652,4.846181599434795,4.845866190130645,4.845866190130645,0.02287466759358615,0.0,4.846884404784278,4.846618696231198,12
sample_a896db42376e4598d5e9,7c129279dac30e890d91d14f9f9949b2edd3e3e691d19c9d27f160ecbf1e9110,map_002,map_002,final,1,six_axis,explicit,6,RECOVERED_LOCAL_local,v3_exact_match,d46c9e86aea3de5c,pathguard_preexec_v2.0.0,npz_pre_execution_arrays_only,,215.24718946308448,1078,0.19985811463610445,0.20000000000000284,0.20000000000001705,-3.388961311121146e-05,0.014211269868459586,0.0850514553387196,0.009687019213671669,0.034483490289534756,0.06140753056612967,0.08304995367050105,0.00168698290131785,0.01196328807419686,0.008984892707393055,-6.838479483776474e-17,0.027582839981266146,0.704617138205204,0.06670931485966472,0.020409300162942658,1.3063907493351086,0.048642208751840124,15.367700481803995,26.71651481540253,18.86519885871001,24.17436558691534,26.307795928036725,0.15761550979976177,0.36844518339677806,2.346047221179538,6.03755518638007,5.898394175779597,-0.46486369028479163,0.13263531153927904,0.8897700838922014,0.0855393865323398,0.3436196201088747,0.5504579447332946,0.027956374957065867,0.5219180019319734,0.16455063081147037,0.1725390158415458,0.740211762025771,0.3443166644833626,0.030822362035556394,0.383919737197141,0.16098680374264374,2.5109482862687296,2.6176908253164766,2.5109482862687296,0.07300681686977618,0.18359345056454385,2.5134859031890615,2.8501183110683552,12
sample_aac475ad09ef27cf790d,1943a50fd3753a5f8d0e675bc10f2d73d39a5b5549a23536e3b487739af21342,map_023,map_023,final,0,unknown,unknown,,RECOVERED_LOCAL_local,v3_exact_match,derived-1c6f954ff7dc8568,pathguard_preexec_v2.0.0,npz_pre_execution_arrays_only,,245.30488462385864,1228,0.19992248135603802,0.20000000000000107,0.20000000000001705,0.012791501032531693,0.01309276139734424,0.18507027037037282,3.398910693244688e-14,0.008714254235033254,0.17523277891285743,0.18235484243355737,0.0017595663868015304,0.038117719492128666,0.01317690503993074,0.0,0.0,0.0,0.0,0.0,0.0,0.0,19.15165295342977,36.85631450585138,20.395157266233767,33.94944489847378,36.33585614649373,0.038419767152886176,0.4745059044111624,0.11656044573812432,2.26496149758766,1.2730682905380788,-0.4598566489853125,0.08661773085733031,0.984,3.547649100818716e-13,0.27929480215756775,0.9764496925711724,0.00802301884437251,0.2651788369481234,0.0754390438203768,0.037927236625083405,0.576304564468528,0.37326336716570707,0.0048224508626581505,0.10971061982446906,0.0292899003292542,2.4,2.4,2.4,0.17716936339773262,0.09452777119624269,2.3999999999999773,2.3999999999999773,12
sample_aacd72dcf6d87c0f3381,2578005ef25d93354e6869e191206727bcf5a01eacf7c20ed1e9e08c6bd98bb8,map_010,map_010,final,0,five_axis,explicit,5,RECOVERED_LOCAL_local,v3_exact_match,c55daff1b698d1f4,pathguard_preexec_v2.0.0,npz_pre_execution_arrays_only,,295.58950692695856,1460,0.20259733168400176,0.20000000000000284,0.21237114862358056,0.0048078218639458995,0.006853510478533393,0.1831944543529085,2.6867397195928788e-14,0.013980049102136355,0.030333872192372196,0.14566064404496315,0.0019178568938595728,0.03869100542565845,0.010567375219598139,0.0,0.0,0.0,0.0,0.0,0.0,0.0,14.810574196997809,30.445229661927755,15.697928516530748,25.78860084591989,28.219886513286617,0.022105002401950576,0.10669635447589886,0.09913038030618035,2.5663430843970336,0.4471744972912669,-0.4102418794831491,0.04751368915921776,0.5,2.153761613499327e-13,0.16077421611438056,0.2929458219188642,0.007835519241560196,0.23884531996762726,0.04844701587163169,0.01868079881974555,0.38891538831354877,0.0738110344644588,0.005589541511021034,0.17032752168426374,0.028360472534207863,2.2568282746883965,4.410369707349106,2.2568282746883965,0.11971517545246912,0.23884531996762726,2.4386559914689294,4.462397223478881,10
sample_ab1b18858b6aad92ee06,23cdb2655c227f50efb95ff7766eece12dcee5c09b55ab59788fb22b068a22be,map_019,map_019,final,0,unknown,unknown,,RECOVERED_LOCAL_local,v3_exact_match,derived-1c6f954ff7dc8568,pathguard_preexec_v2.0.0,npz_pre_execution_arrays_only,,858.5395056654886,4294,0.19998590861064258,0.19999999999998863,0.20000000000004547,0.0006542596166921238,0.0017908193559349932,0.02068456256374713,0.00014274366642163584,0.005769096156794384,0.010708424432489382,0.02052427303319153,9.61065230200225e-05,0.0010508662953313853,0.0006237009167648666,0.0,0.0,0.0,0.0,0.0,0.0,0.0,37.35298772075902,50.0,39.64643057304831,50.0,50.0,0.038987428385475906,0.24283379174005468,0.9209311125067083,6.20000009346562,5.228601004032168,-0.5457863096924855,0.0,0.0,0.0,0.0,0.0,0.0,0.0,0.0,0.03898922559851746,0.35811211764740414,0.24283379174005468,0.0021563869791860896,0.01899696307153781,0.012354309644056202,3.3932729600368767,2.7231060611914257,2.7231060611914257,0.020615300622909845,0.0,3.4382337531342095,2.728362705186228,12
sample_ab1ff671882e21989104,0c30f9be708ab3d8edd391ef2e506e9a424ce343b4021670780ed09e073911cc,map_008,map_008,final,1,five_axis,explicit,5,RECOVERED_LOCAL_local,v3_exact_match,ee1b968983f0d0d8,pathguard_preexec_v2.0.0,npz_pre_execution_arrays_only,,345.7662207598589,1730,0.19998046313467838,0.19999999999999574,0.20000000000004547,0.004539878608742787,0.004692432221215368,0.10973420681241194,7.091885333924697e-215,4.7921976455670835e-17,0.02917304965885421,0.105544453859605,0.0007758876821595624,0.022487447755444007,0.004022233492074326,0.0,0.0,0.0,0.0,0.0,0.0,0.0,23.238016961863664,40.0,24.19789391939171,38.00576937562175,40.0,0.024769505915387725,0.16773930996708536,0.1311324921356104,3.077480234816472,0.9644794682179485,-0.4038588865983675,0.02862591140320294,0.659891968451751,4.299313645985169e-214,2.905173978672133e-16,0.1817979025075135,0.004549019420531622,0.1408328964277331,0.024080607525429242,0.024769505915387725,0.5642302846951459,0.16773930996708536,0.004106573900137366,0.15958630242909388,0.029254766233371504,2.4,2.4,2.4,0.10431465004122518,0.07642867108151134,2.399999999999886,2.399999999999886,10
sample_ad9ae178c7337eaf36ed,cae496e66385506cdf16c787baefda67926da650cb59d310de9be18c5ad40351,map_012,map_012,final,0,unknown,unknown,,RECOVERED_LOCAL_local,v3_exact_match,derived-1c6f954ff7dc8568,pathguard_preexec_v2.0.0,npz_pre_execution_arrays_only,,469.533717697142,2349,0.19997177073983902,0.19999999999998863,0.20000000000004547,0.003491455037974383,0.006141666923938574,0.023269458899903995,0.0054077454253636525,0.013081050790497612,0.018412603512910374,0.022765998853244096,0.00021200961320306418,0.0006336341348763957,0.0004539193465718166,0.0386828596114203,0.06603878312975366,0.10799852195795268,0.09805299987158093,0.0013354429451706772,0.16224227058642327,0.002351491670928837,25.10014749927156,36.39891506199042,25.764133832155135,32.14693456163575,34.272552216776,0.13888928717187554,0.3401288345244298,3.2588394925268864,7.000000073225911,6.292199787330261,-0.5043012215347866,0.0,0.0,0.0,0.0,0.0,0.0,0.0,0.0,0.13892674743534492,0.4033152200201074,0.3401288345244298,0.004174526798301336,0.010899840313299894,0.008935547878311533,4.999032208101178,4.999167215088641,4.999032208101178,0.022601579633055105,0.0,4.999478686162574,4.999446816541824,12
sample_adb3f20fca5b53f5fa8b,e00adacfdaf52506d591a13939ebefc60120c97ef6b4ab9c71ce02ddb45689b5,map_017,map_017,final,0,unknown,unknown,,RECOVERED_LOCAL_local,v3_exact_match,derived-1c6f954ff7dc8568,pathguard_preexec_v2.0.0,npz_pre_execution_arrays_only,,2054.5911313276874,10274,0.1999991367008359,0.20000000000004547,0.20000000000004547,-0.0013110901943069418,0.004740247894705674,0.04787284466469123,0.001778497616199502,0.012312341619209844,0.013616046161521999,0.04720589154842028,0.0001908098910735573,0.0044506319202625155,0.0008141187377995097,0.003619532229643758,0.010403079792892105,0.042303735017045874,0.04165377764917633,0.00016340906048509585,0.009399320180702032,0.0010942282990435328,28.31619688668653,50.0,27.315292470876845,39.460541312211284,45.42297127536592,0.09676389906688775,0.28220735694159577,2.16235167099578,7.029998291162931,6.178437630347211,-0.5553787259164789,0.0,0.0,0.0,0.0,0.0,0.0,0.0,0.0,0.09651505993346306,0.5578292542592059,0.2821393204315288,0.0037924201038553747,0.06039454330544536,0.017373681205475455,3.9876886049214124,3.990430058543483,3.9876886049214124,0.0474469605086793,0.0,3.9940759546074083,3.9941462218889416,12
sample_add12056a7335206c34a,b8fb665cce079b4be288cb3f69b1f3e80678b7aec61b3d3d8de10725783f4c7e,map_014,map_014,final,0,five_axis,explicit,5,RECOVERED_LOCAL_local,v3_exact_match,6e898ff7ac46a278,pathguard_preexec_v2.0.0,npz_pre_execution_arrays_only,,1083.530896404707,5424,0.19980285753359892,0.19994455547009693,0.20006947659851448,-0.004180923296275599,0.006157851170942098,0.031626747211942,0.0033442736765011472,0.016660288978524763,0.018714518418411024,0.02985221595030877,0.00022488248132181648,0.0033221967073962496,0.0011511400771632018,-0.0467650918369683,0.21611552639167117,466.9988417051766,0.0,1.4187661593182181,2543.804238462322,0.0,23.64641273369444,45.25515654760213,20.612908736971193,39.19262940898437,41.967304592447036,0.10082859602083535,0.297416038080409,1.8344979284087557,5.515136032065737,4.881281231364671,-0.6620221686354167,0.0,0.0,0.0,0.0,0.0,0.0,0.0,0.0,0.10082859602083535,0.41067673214944206,0.297416038080409,0.0034889182072071474,0.0821342187481791,0.015738179203370336,4.726559644358524,4.434850585763018,4.434850585763018,0.03041991306010845,0.0,4.726741221196208,4.438152842103163,10
sample_ae58db13da72b0e160e4,77fe46f8949569936cb0037f45b619abc16cd4f04b079de009fba720e3dcf8ad,map_023,map_023,final,0,unknown,unknown,,RECOVERED_LOCAL_local,v3_exact_match,derived-1c6f954ff7dc8568,pathguard_preexec_v2.0.0,npz_pre_execution_arrays_only,,245.30488462385864,1228,0.19992248135603802,0.20000000000000107,0.20000000000001705,0.012791501032531693,0.01309276139734424,0.18507027037037282,3.398910693244688e-14,0.008714254235033254,0.17523277891285743,0.18235484243355737,0.0017595663868015304,0.038117719492128666,0.01317690503993074,0.0,0.0,0.0,0.0,0.0,0.0,0.0,19.28744139052057,36.85631450585138,20.395157266233767,33.94944489847378,36.33585614649373,0.04482306167796403,0.5535902218130228,0.15865171779031628,3.082864260605426,1.7327873954546071,-0.45817240237027135,0.08661773085733031,0.984,3.547649100818716e-13,0.27929480215756775,0.9764496925711724,0.00802301884437251,0.2651788369481234,0.0754390438203768,0.04424844272887284,0.6723553252132827,0.43547392835999155,0.005626192671625654,0.12799572312854723,0.03417155038412992,2.4,2.4,2.4,0.17716936339773262,0.09452777119624269,2.3999999999999773,2.3999999999999773,12
sample_ae83f66ad89e13417b8d,48acb78304ac7c38dd3f9b650a7eb6242c8f8be7d6f05803f189efcbfc10c71c,map_017,map_017,final,0,unknown,unknown,,RECOVERED_LOCAL_local,v3_exact_match,derived-1c6f954ff7dc8568,pathguard_preexec_v2.0.0,npz_pre_execution_arrays_only,,2052.681185628014,10265,0.19998842416484938,0.20000000000004547,0.20000000000004547,-0.0013123040369055236,0.004747469189147122,0.04904862078172032,0.0018643947050009458,0.012273408134582508,0.013616053713747652,0.04691837525458732,0.00019272271068080323,0.004444210352300151,0.0008037558637883093,0.0036184460038857376,0.010416438842134931,0.04274032965005148,0.041743618008045755,0.00018579789167316022,0.1423328845212956,0.0010873551178904584,27.13048615817301,50.0,26.20075282724593,37.97968303474712,43.53693089793664,0.09211539444928324,0.2798337131501832,2.01617626740166,6.02343802202272,5.815530518106709,-0.5637686791036579,0.0,0.0,0.0,0.0,0.0,0.0,0.0,0.0,0.09483916803920113,0.5193913693285983,0.28079867840381306,0.0037083105713938322,0.06891683559114631,0.017307769633151306,3.9977656224702587,2.8886954517622483,2.8886954517622483,0.04801928233621861,0.0,3.9988802370640126,2.910887590654074,12
sample_aec92a809f9653b0bd7d,7ab42aba6c628b1b9a33be3890dd4e56938650e875459913da02d0feea50c9a6,map_005,map_005,final,0,five_axis,explicit,5,RECOVERED_LOCAL_local,v3_exact_match,ee1b968983f0d0d8,pathguard_preexec_v2.0.0,npz_pre_execution_arrays_only,,229.97978492755286,1152,0.19980867500221794,0.1999076920101004,0.19999999995090434,0.004472883220698876,0.006185151644100526,0.021877941108225274,0.005082775055147981,0.01092898582104519,0.016568038267254455,0.020512136969751862,0.0005451357832023696,0.01570723871839763,0.003152308964942922,0.0,0.0,0.0,0.0,0.0,0.0,0.0,22.80837779112007,30.12004134735482,24.149604598769216,29.376139620973426,29.726519241089132,0.12561162236671627,0.17733775617862774,2.9445354949636613,5.482502108161842,4.48236852883238,-0.6413145723243325,0.037944380089597045,0.13654454251493417,0.031130644696140006,0.06702326316937897,0.10268907652183493,0.0032864144677638932,0.061115094790864355,0.019101578914295245,0.12561162236671627,0.31162543885632804,0.17733775617862774,0.009015401918054531,0.24331989918946295,0.04680074519508757,4.030647034392957,4.6984637439708905,4.030647034392957,0.021877941108225274,0.020304147914839615,4.203752257832826,4.98600438057722,10
sample_b02ac86c362efc9e2fe0,88642898769aa47322ae0c46af4841677dc2df15149df4a1a386578d1d19d956,map_005,map_005,final,0,five_axis,explicit,5,RECOVERED_LOCAL_local,v3_exact_match,ee1b968983f0d0d8,pathguard_preexec_v2.0.0,npz_pre_execution_arrays_only,,230.3301210424611,1152,0.200113050427855,0.19999999999474483,0.20073652756937577,0.0036828642409814354,0.00567471047958194,0.021877941108225274,0.005097458638334107,0.0071117090857729885,0.01552729222553888,0.020512136969751862,0.00032987104078472773,0.005640333783657563,0.0018263860169094957,0.0,0.0,0.0,0.0,0.0,0.0,0.0,23.31976558452686,29.83462760231322,25.01595378593337,29.244559725367864,29.486270927526963,0.11958560416356365,0.15215139594176588,2.9171254039299357,4.500513567213891,4.402710785598264,-0.5659481518885348,0.037944380089597045,0.13654454251493417,0.031130644696140006,0.06702326316937897,0.10268907652183493,0.0032810497931043754,0.06093587610691359,0.019100826907474253,0.11958560416356365,0.22171582073469534,0.15215139594176588,0.005443416733119193,0.20185821020656283,0.022930178510978186,4.030647034392957,4.6984637439708905,4.030647034392957,0.021877941108225274,0.020303709142059083,4.203752257832826,4.988921808461746,10
sample_b0af96415d8ed39c688d,f38b21e1c91d792aa1b3ef9173dcea5874fc5c9f7abf3847abbb8bdfcdcb56e1,map_019,map_019,final,0,unknown,unknown,,RECOVERED_LOCAL_local,v3_exact_match,derived-1c6f954ff7dc8568,pathguard_preexec_v2.0.0,npz_pre_execution_arrays_only,,858.5066507903998,4294,0.19997825548343812,0.19999999999998863,0.20000000000004547,0.0006543082824599417,0.0017787698946707933,0.021114079611904046,0.00014264590200549796,0.0056955043622426635,0.010697269016224496,0.02084372799982409,9.671325218656709e-05,0.0010057792601342527,0.0006182394125093396,0.0,0.0,0.0,0.0,0.0,0.0,0.0,37.27492063565253,50.0,39.64411691243528,50.0,50.0,0.03779626405998389,0.2391306564402956,0.8825013461728293,6.200000018964623,4.882216377140967,-0.5532032478693603,0.0,0.0,0.0,0.0,0.0,0.0,0.0,0.0,0.038837910541423486,0.3618111300332357,0.2417312250821273,0.0021594630789200826,0.017940096164247576,0.012342051792038221,3.292267335999274,2.7230852863880184,2.7230852863880184,0.02099083886270763,0.0,3.3406151630260865,2.7283809849705447,12
sample_b0ca7dd0dd8619c1b52d,4c57762c39eee6ac1760ac36666d8cb7bde9815d51f1cb5b2d155e973070bdca,map_005,map_005,final,0,five_axis,explicit,5,RECOVERED_LOCAL_local,v3_exact_match,ee1b968983f0d0d8,pathguard_preexec_v2.0.0,npz_pre_execution_arrays_only,,229.27000694759067,1152,0.19919201298661224,0.1992241320611754,0.2000000002961415,0.004489064573691744,0.006127087917468833,0.021877941108225274,0.004852809045897466,0.010850298338652167,0.01695641093853528,0.020512136969751862,0.0006336860963566248,0.021159057297190097,0.003502122215255243,0.0,0.0,0.0,0.0,0.0,0.0,0.0,22.985854556301867,30.65638423052703,24.100090581937806,30.51321448245514,30.559865772825123,0.12442709144208644,0.18270533081210502,2.9254076311917196,5.4872168650549025,4.474296897059608,-0.6562137442856324,0.037944380089597045,0.13654454251493417,0.031130644696140006,0.06702326316937897,0.10268907652183493,0.0032894523180087587,0.061115094790864355,0.019106458018295785,0.12442709144208644,0.31391972567748005,0.18270533081210502,0.010282037641967385,0.3217650722194965,0.051213277515883636,4.030647034392957,4.6984637439708905,4.030647034392957,0.021877941108225274,0.02030674909115917,4.199170760942981,4.98600438057722,10
sample_b102ca40cd0efd971165,86f4153ad566e50294f0b88953c97ab9064ea1dfbbafc8a2cc24b76b0d1f5837,map_018,map_018,final,0,six_axis,explicit,6,RECOVERED_LOCAL_local,v3_exact_match,62e09ce1c354da04,pathguard_preexec_v2.0.0,npz_pre_execution_arrays_only,,2614.9843573250737,13076,0.1999988036195085,0.20000000000004547,0.20000000000027285,-0.0013532028103597873,0.0029531870742809407,0.3477064345076873,6.644760605124811e-05,0.008494667200828282,0.010433200448648377,0.021321954604353065,0.00043083005850172787,0.9432137896409032,0.0005697232756600736,-0.004004105378171912,0.010112480069773137,0.045677887182395516,0.039581891676320424,0.00016692215006861315,0.006002711501702496,0.0011156854651406239,32.01066597859025,50.0,31.910503241850375,46.33052966612476,48.753642201867876,0.05867473467381062,0.19753442999225937,1.3886612445995605,5.661501713721143,4.467026144139361,-0.46922883330831217,0.019043938679857878,0.16655999649982156,1.067586149133648e-06,0.06494976654787105,0.07125693875174338,0.0006217833872307112,0.11329524073365177,0.0028683329649613863,0.05867473467381062,0.32975217588501493,0.19753442999225937,0.002412021182486814,0.5238586158211724,0.01113223052530963,2.4,2.4,2.4,0.07655522940135356,0.014582749885961704,2.399999999999636,2.399999999999636,12
sample_b1f510a51bf41dcee183,545a51651fda7d4de88de4a45ec4c3eb02963c8f71212ca0723f9473460b7f9e,map_004,map_004,final,1,unknown,unknown,,RECOVERED_LOCAL_local,v3_exact_match,derived-1c6f954ff7dc8568,pathguard_preexec_v2.0.0,npz_pre_execution_arrays_only,,578.5036824313657,2894,0.19996670668211744,0.19999999999998863,0.20000000000004547,0.006371696025879897,0.006371696025879897,0.006749808516235682,0.006372350782829249,0.006372351972028267,0.0063723529696366596,0.006410292356141801,3.924761201673841e-06,0.0006883387455498755,8.07039181519376e-08,0.0,0.0,0.0,0.0,0.0,0.0,0.0,26.97204165352539,28.328354557081145,28.31488388408126,28.314889335696247,28.314894263484675,0.17187411192337826,0.18043245086564158,4.737727750781986,5.140470095757729,5.1089257334388885,0.11334960900175312,0.0,0.0,0.0,0.0,0.0,0.0,0.0,0.0,0.17129450842960597,0.1804326996512414,0.18043244706016387,0.00038028080147878914,0.05773654653476928,0.0018644391226468125,4.999854185344884,4.997817524811881,4.997817524811881,0.006446011093309556,0.0,4.999854185344884,4.998628542902542,12
sample_b283b3167b21b3ccd08a,4578c1b337c332d53e887dd6196aba7f3069f769e4fe9987c58b54cabe333a1a,map_021,map_021,final,0,six_axis,explicit,6,RECOVERED_LOCAL_local,v3_exact_match,2e3182561ba5e89c,pathguard_preexec_v2.0.0,npz_pre_execution_arrays_only,,1187.147594985416,5937,0.1999911716619636,0.20000000000000284,0.20000000000004547,-0.002237969817412563,0.0022733271011187764,0.025982087712419052,0.0004487695918378129,0.0061686771612076835,0.007997604286393751,0.009128827851434554,0.00011139545406723318,0.004270446054364448,0.0005004176502094729,0.0,0.0,0.0,0.0,0.0,0.0,0.0,29.88747817980458,42.63096592962688,30.48353221538663,38.7132803588626,40.023709674032965,0.058802517733011206,0.17574463996929807,1.5909235508176598,5.371100420199938,4.912394866703928,-0.41856517576935237,0.017340010258740532,0.2008730777997453,0.0034001436533073154,0.047053313279606886,0.06111948935208999,0.0008481605264040544,0.033140632500903905,0.0037996033373194978,0.058802517733011206,0.3731343902982073,0.17574463996929807,0.0025012594109067783,0.06748801227603118,0.011994754883623041,3.9911122219373736,3.991506786334857,3.9911122219373736,0.020551442508201984,0.022272497858259795,3.9970051742877297,3.9949372961866674,12
sample_b3e8509a8bb92d7f252f,a533addfbd59055d412adf1f3a44d8b05a0fb9d1caa7efea50139111f7d96f83,map_010,map_010,final,0,five_axis,explicit,5,RECOVERED_LOCAL_local,v3_exact_match,c55daff1b698d1f4,pathguard_preexec_v2.0.0,npz_pre_execution_arrays_only,,279.50881227359815,1399,0.19993477272789567,0.19999999999999973,0.20000000000001705,0.005570378948462137,0.007695816952747131,0.016798232173728368,0.007316142620005211,0.013319394154335801,0.015167934063177149,0.016028628364032665,0.00038816095799347326,0.0034274472266459808,0.0019169732613490387,2.38074987410684e-19,0.0011389584642791748,0.061562456620944284,0.0011802420084232985,0.0008987555932260617,0.037371242986464395,0.0007277604618058638,17.84352275790621,22.0,18.40472433865605,22.0,22.0,0.1371525615807927,0.22983257562327944,2.494760300682277,3.500000000000001,3.5000000000000004,-0.00948386023570272,0.0,0.0,0.0,0.0,0.0,0.0,0.0,0.0,0.12292527215755546,0.26832482490908816,0.23861051954743892,0.004636620284566023,0.026741615767304466,0.01654656566513163,2.317440383714867,2.4045980169700685,2.317440383714867,0.015452632124790724,0.0,2.324791424621984,2.4239165757195678,10
sample_b5709b7910d952c3a8ff,d99e39746a974a0faed392717506eed390aabcda7b2e00a22c58b9adb8175295,map_002,map_002,final,0,six_axis,explicit,6,RECOVERED_LOCAL_local,v3_exact_match,d46c9e86aea3de5c,pathguard_preexec_v2.0.0,npz_pre_execution_arrays_only,,215.24718946308448,1078,0.19985811463610445,0.20000000000000284,0.20000000000001705,-3.388961311121146e-05,0.014211269868459586,0.0850514553387196,0.009687019213671669,0.034483490289534756,0.06140753056612967,0.08304995367050105,0.0017544930182913007,0.02497177694553846,0.009094565539673333,-5.767392335715099e-18,0.024687663844728307,0.19985391712226286,0.05915101579666835,0.005157056524030229,0.12357953204147065,0.02631653462626685,15.543019945662019,26.716507237904576,18.831446522413437,24.174598454303577,26.432761205652444,0.16260941591873668,0.41480786897420596,2.401780253327381,6.03755518638007,5.898394175779597,-0.46004991275180696,0.13263531153927904,0.8897700838922014,0.0855393865323398,0.3436196201088747,0.5504579447332946,0.027956374957065867,0.5219180019319734,0.16455063081147037,0.15890052999633503,0.7371108970246901,0.31106005828942385,0.0280343995173635,0.36193016101863784,0.13978049116758923,2.5109482862687296,2.6176908253164766,2.5109482862687296,0.07300681686977618,0.18359345056454385,2.5134859031890615,2.8501183110683552,12
sample_b5d8f094a67e6e12eb90,67597f0fa0d213b64b4eb0303842c8b6f2d84b679316bcc7c72e7e0c8263e81e,map_011,map_011,final,0,unknown,unknown,,RECOVERED_LOCAL_local,v3_exact_match,derived-1c6f954ff7dc8568,pathguard_preexec_v2.0.0,npz_pre_execution_arrays_only,,926.2583156347113,4633,0.19996941183823647,0.19999999999999574,0.20000000000004547,0.005566359071390479,0.010051332650566068,0.04680857628405814,0.006402473420624094,0.027352190232367783,0.033676272179754274,0.04094840091860663,0.0007027211265201562,0.0063479816158817925,0.002276214206570759,0.05102829418389986,0.05514083270208343,0.08677068379163444,0.07693388812368908,0.0006467825794071419,0.3098042374022202,0.002076046865895042,18.679444260738556,32.171635895550125,18.009123342434403,27.31817883421825,29.35466668659592,0.15015784534922477,0.40143267105781755,2.3550089684155284,6.300000160582557,5.661929535193797,-0.6261158365782545,0.0,0.0,0.0,0.0,0.0,0.0,0.0,0.0,0.15828795688497388,0.5073925127197575,0.4473117936847872,0.010070070654951465,0.08008805605633307,0.032156555207728775,2.9159313214054547,3.1447003545081027,2.9159313214054547,0.04428698582738113,0.0,2.996698058426238,3.155345277857159,12
sample_b829bc7f761635eb3bf0,9e55262883d467c730fe4b603772e60b64b33a751cc0db67bc65e5161c706dc8,map_005,map_005,final,0,five_axis,explicit,5,RECOVERED_LOCAL_local,v3_exact_match,ee1b968983f0d0d8,pathguard_preexec_v2.0.0,npz_pre_execution_arrays_only,,230.91606516501153,1152,0.2006221243831551,0.2008285005927064,0.20131590355994433,0.004449933736585606,0.006262986182635041,0.024279722524427227,0.005324135873919222,0.010847304926351069,0.01644461337412073,0.020766862067594465,0.0006384152783565356,0.021411736739597325,0.0036255798272865707,0.0,0.0,0.0,0.0,0.0,0.0,0.0,22.52322466546669,28.434880949514707,24.210244075420604,28.25410998423987,28.362444298001815,0.12668226519302359,0.1763572252700314,2.943998220342168,5.473204985497364,4.310358181373228,-0.6122319527514994,0.037944380089597045,0.13654454251493417,0.031130644696140006,0.06702326316937897,0.10268907652183493,0.0032820310358686066,0.061115094790864355,0.019093195323738394,0.12668226519302359,0.3086861912598081,0.1763572252700314,0.010188775152877642,0.37151582037276065,0.05073491978927931,4.030647034392957,4.6984637439708905,4.030647034392957,0.021877941108225274,0.020539745960992527,4.199170760942981,4.988921808461746,10
sample_b850910e34d3d959117e,f389ecbb323be3a352f5e054ace883b6e69a0a852ed2617dd6913ec8170ba8d0,map_005,map_005,final,0,five_axis,explicit,5,RECOVERED_LOCAL_local,v3_exact_match,ee1b968983f0d0d8,pathguard_preexec_v2.0.0,npz_pre_execution_arrays_only,,229.4853104823534,1152,0.1993790707926615,0.19945023586765842,0.19999999996116458,0.0044862201443947826,0.005802726372665833,0.017872854368316204,0.00491747211729443,0.010668526253331305,0.012176523770018289,0.01634022302834795,0.0006134270719461216,0.049164743626324066,0.002464293224546175,0.0,0.0,0.0,0.0,0.0,0.0,0.0,23.064745518951465,30.528369556767146,23.87373310516418,30.376570636111328,30.448935691480536,0.1264225540194847,0.22219595618136573,3.0166149332502936,5.48354358300494,4.5271834335351,-0.40066374745515254,0.035484158110747246,0.11047632434515091,0.029993993921469043,0.06549162163636799,0.07486485063483041,0.0037691543857894497,0.3006328516475952,0.015261801828804237,0.1264225540194847,0.31306001961502866,0.22219595618136573,0.010939909982549175,1.0296962190851757,0.040044127810770026,4.030647034392957,4.6984637439708905,4.030647034392957,0.012511201361954511,0.02384337646753563,4.203752257832826,4.98600438057722,10
sample_b8f1e3dcdc9b422eb768,24fda5aec8e86713c6b3eba8a96608917c0356284565e601139cf9ca358cddc8,map_011,map_011,final,0,unknown,unknown,,RECOVERED_LOCAL_local,v3_exact_match,derived-1c6f954ff7dc8568,pathguard_preexec_v2.0.0,npz_pre_execution_arrays_only,,926.0161088059396,4632,0.1999602912558712,0.19999999999999574,0.20000000000004547,0.005568049874665394,0.009384099886973453,0.05007983790014439,0.0049374101190486725,0.025908028885022326,0.03857613194008183,0.04348293067982093,0.0005831813147391373,0.008875932185491507,0.0022891121926522026,0.050978113023676684,0.055213675653038995,0.20906136775965933,0.0773915283220239,0.0012913512383927672,1.70464852802691,0.0019727132451894587,18.407935867357857,34.500740947164005,16.805007249705966,29.146654506584717,31.437155429040438,0.12483216099895193,0.3880630849229516,1.7600841563899168,4.55175015173242,4.334108434722711,-0.6260839557015447,0.0,0.0,0.0,0.0,0.0,0.0,0.0,0.0,0.1461365331519848,0.5248229068493623,0.4565448057917077,0.008202658664900353,0.09003387600465806,0.02759057620297971,2.4,2.4,2.4,0.04642678749291186,0.0,2.399999999999636,2.399999999999636,12
sample_b99075c8878e78909ba0,d07baeaae3ca01c4da7d3dc0dee2978a5cfd95747ce0b35d70f982f82b0b2ebe,map_007,map_007,final,1,unknown,unknown,,RECOVERED_LOCAL_local,v3_exact_match,derived-1c6f954ff7dc8568,pathguard_preexec_v2.0.0,npz_pre_execution_arrays_only,,341.6039856400731,1710,0.1998853046460346,0.19999999999999574,0.2000000000000341,-0.00306133175054166,0.0033785874218874635,0.049399915447927795,0.00014066572127925106,0.009207137196230323,0.03133050574656074,0.04670848666418797,0.00047854720081374206,0.012692973658864092,0.0033320815985176297,0.0,0.0,0.0,0.0,0.0,0.0,0.0,23.99854121673082,40.237987290787146,24.64638733842404,36.01304481597042,38.99061300460861,0.04178150325634589,0.37086188308759044,0.5497087083119435,5.754580044302586,4.251260726084012,-0.457734829056435,0.0,0.0,0.0,0.0,0.0,0.0,0.0,0.0,0.041782018644097044,0.5211811447857752,0.37086188308759044,0.006089782407698585,0.13384089534847332,0.036657503889406445,4.166111505818585,3.3743104837322733,3.3743104837322733,0.04439393428932476,0.0,4.189550517777778,3.6144824428394053,12
sample_ba2e9280fc38ed97aefa,1c8703eee0ef9dc70a7890fcbcaae6e0ba8ec37edfbf3e5a602a0592f7fc008e,map_011,map_011,final,1,unknown,unknown,,RECOVERED_LOCAL_local,v3_exact_match,derived-1c6f954ff7dc8568,pathguard_preexec_v2.0.0,npz_pre_execution_arrays_only,,924.4217346987028,4624,0.1999614394762498,0.19999999999999574,0.20000000000004547,0.005560828546719265,0.009754117668021034,0.034145496891941345,0.005368451721360042,0.024566473720954676,0.03143055935319249,0.033472899545934624,0.000337504496974083,0.0021638763135294753,0.0012231592825385936,0.05108833015122695,0.05528737217267674,0.15757237859861561,0.07711795640609277,0.0010478810424871265,1.2007408650858808,0.0020847073361193757,20.27290454894769,29.284006763361187,20.45169719119481,25.44573715597413,26.223996970058767,0.17000358637671467,0.44429435366837755,3.0660447821172307,6.300000218872151,6.300000143088826,-0.7095362495482277,0.0,0.0,0.0,0.0,0.0,0.0,0.0,0.0,0.17000421895186615,0.46380667879661674,0.44429435366837755,0.0054579975752938,0.029182847309980886,0.018007290641038266,3.5865477630445586,3.3870242229807936,3.3870242229807936,0.03388642205970823,0.0,3.731061746917797,3.5370708130938544,12
sample_bb469ca386b1562c65d6,44a1bc6821a5a511433133bb92434a44ae299f64ebd7909ac0479155496f7743,map_009,map_009,final,1,five_axis,explicit,5,RECOVERED_LOCAL_local,v3_exact_match,6e898ff7ac46a278,pathguard_preexec_v2.0.0,npz_pre_execution_arrays_only,,383.38642826376514,1946,0.19711384486568903,0.20081307089417066,0.2092674839494407,-0.003794416222609646,0.0046874284061685,0.06541163711825249,7.105427357601002e-14,0.010784932024503105,0.03551269530254547,0.06355872019745723,0.0004927455281383338,0.013093658612091844,0.0031455587637631392,0.0,0.0,0.0,0.0,0.0,0.0,0.0,24.80894948162806,43.756931943733846,24.169430050107827,38.57533030814875,41.47855884950324,0.05789013943757893,0.3812313353156944,0.8186981671235946,5.087545513084214,4.384783085184905,-0.517229471257651,0.02913081292296943,0.4089632116234206,4.307523226998853e-13,0.0662142654600853,0.22198894699435753,0.003034199023381408,0.08110114768333603,0.01985027906907215,0.05789013943757893,0.5762765230118044,0.3812313353156944,0.0064933922203032814,0.299839577516456,0.02626029991666711,3.180225920195502,4.451219178340059,3.180225920195502,0.0622663400695815,0.025673738250177505,3.1992478933512536,4.818651785740337,10
sample_bb957d95760bdf5aa347,49b86ca25f9b5a00cb66c5d584252ba5f6335f574f4399fe2a5363a528431c32,map_020,map_020,final,1,unknown,unknown,,RECOVERED_LOCAL_local,v3_exact_match,derived-1c6f954ff7dc8568,pathguard_preexec_v2.0.0,npz_pre_execution_arrays_only,,1168.9633942597081,5846,0.19999373725572422,0.20000000000000284,0.20000000000004547,0.0015807083625751135,0.0036918591183379827,0.020634075995713614,0.0024485624300490047,0.012654908370193226,0.01682992938539081,0.019132672757712667,0.00022724391630112487,0.02657959117434026,0.0012346890620604446,0.0,0.0,0.0,0.0,0.0,0.0,0.0,25.858477245852605,39.08146124219227,25.621659895600025,36.57944913027801,37.63274386039984,0.07792709304912171,0.2732093721357742,1.808410124788114,7.193027165883019,4.908955613193896,-0.4691703156203153,0.0,0.0,0.0,0.0,0.0,0.0,0.0,0.0,0.07638013462564101,0.33528911080486923,0.27298609163653853,0.004270540240985112,0.12468710815023913,0.02011756758357111,3.9278395346019326,3.5467028913262184,3.5467028913262184,0.01948840243497859,0.0,3.9294768897540835,3.7582421599305484,12
sample_bbbdc66848d9feacc680,8e1cbb48ccfbfbd190d1ab8354cf4de0d4bea5c3819c51b304fbcf2caf76c855,map_009,map_009,final,1,six_axis,explicit,6,RECOVERED_LOCAL_local,v3_exact_match,2e3182561ba5e89c,pathguard_preexec_v2.0.0,npz_pre_execution_arrays_only,,381.0385664815187,1907,0.1999153024562008,0.19999999999999574,0.20000000000004547,-0.004180426827986185,0.005259440435376463,0.05900740472452557,0.0015862576003685329,0.021467075165720256,0.026063266350720853,0.05745277807855448,0.0004742382176091857,0.013459464098865587,0.002664850765145373,0.0,0.0,0.0,0.0,0.0,0.0,0.0,22.048484602084038,39.13787793401152,22.19230373503145,33.77515231157499,37.43364837141028,0.07154690264436353,0.3217295292315482,1.075652370058092,6.996972411930553,4.162881359891858,-0.5269074087160965,0.04038241641831378,0.45071614293876416,0.012035699045167282,0.1656866353410198,0.20150527295918005,0.0035991552832086915,0.10426394616672108,0.020679042806019763,0.07154690264436353,0.6395515614506115,0.3217295292315482,0.006863407969814024,0.12078272690334801,0.03409279409019531,3.9336634919457167,2.3164648701346198,2.3164648701346198,0.05473322258424102,0.029154642383162673,4.003265610340688,2.9635099166574874,12
sample_bc344258cc5903520ed2,56381b8060b658c5d89bcd40c5b8d33c625db629f9de6a6204f81d6566e69617,map_002,map_002,final,0,six_axis,explicit,6,RECOVERED_LOCAL_local,v3_exact_match,d46c9e86aea3de5c,pathguard_preexec_v2.0.0,npz_pre_execution_arrays_only,,215.24718946308448,1078,0.19985811463610445,0.20000000000000284,0.20000000000001705,-3.388961311121146e-05,0.014211269868459586,0.0850514553387196,0.009687019213671669,0.034483490289534756,0.06140753056612967,0.08304995367050105,0.00168698290131785,0.01196328807419686,0.008984892707393055,-6.838479483776474e-17,0.027582839981266146,0.704617138205204,0.06670931485966472,0.020409300162942658,1.3063907493351086,0.048642208751840124,16.097407192842972,26.71651481540253,19.21703263026506,24.174598454303577,26.432761205652444,0.1719766302308881,0.4411215944529194,2.6206474356248055,6.03755518638007,5.898394175779597,-0.4631151863004678,0.13263531153927904,0.8897700838922014,0.0855393865323398,0.3436196201088747,0.5504579447332946,0.027956374957065867,0.5219180019319734,0.16455063081147037,0.1725390158415458,0.740211762025771,0.3443166644833626,0.030822362035556394,0.383919737197141,0.16098680374264374,2.5109482862687296,2.6176908253164766,2.5109482862687296,0.07300681686977618,0.18359345056454385,2.5134859031890615,2.8501183110683552,12
sample_bf196227bae1cf65d6be,80f3a93e01edb568e878caad4c81863f89a82d9ab01ff45f79adf3a1c0cff333,map_014,map_014,final,1,six_axis,explicit,6,RECOVERED_LOCAL_local,v3_exact_match,2e3182561ba5e89c,pathguard_preexec_v2.0.0,npz_pre_execution_arrays_only,,1083.2610079908802,5418,0.19997434151576154,0.1999999999999993,0.20000000000004547,-0.0043629954535555834,0.006251127805971635,0.023674534057731206,0.0030831703180078775,0.017268064160317072,0.020398659529595485,0.022593583331235366,0.00040167509210341945,0.013271820938483291,0.0015298411345279117,-0.060410226002826514,0.06400829904895522,0.10682359517335271,0.10509580542998194,0.0009370910198965249,0.41304572807664,0.0020549620723559325,24.52533941007398,43.65115208201965,23.545865613939377,37.89326137008117,40.800170169296734,0.12429677688215711,0.35346903891963266,2.657792376232209,7.000000106954963,6.221778255537531,-0.5422985571804282,0.04795128152320515,0.18289388890900887,0.023436042676734027,0.1329706671189553,0.15735857427292557,0.0030174052165850285,0.1017103078563594,0.011693839787513906,0.12429677688215711,0.40601309932362023,0.35346903891963266,0.006410286921051353,0.23448911877685225,0.023045022383017286,3.940728233643868,4.033868996091632,3.940728233643868,0.023271854242017193,0.03821960497343056,3.9974675376098614,4.161334459201659,12
sample_bfd3109a9254e2cf4c1a,327effea03ed7296868057937ec4e385dfa02904c459c876070352e7b2b92781,map_008,map_008,final,0,unknown,unknown,,RECOVERED_LOCAL_local,v3_exact_match,derived-1c6f954ff7dc8568,pathguard_preexec_v2.0.0,npz_pre_execution_arrays_only,,345.1800422804893,1727,0.19998843701071223,0.19999999999999574,0.20000000000004547,0.004547970318918619,0.004704751680704695,0.10153962843103125,9.690746325780051e-05,0.002813342399604695,0.031360145402499644,0.10028830218398131,0.0007017062611405168,0.019913734650076537,0.003101239593371581,0.0,0.0,0.0,0.0,0.0,0.0,0.0,24.850910711301676,43.71684064304591,25.433452841642467,39.73232189469579,42.506271068937636,0.03610437742788929,0.2058636789547252,0.32055468120979375,5.15814160526073,1.390861658661543,-0.4186854725755037,0.0,0.0,0.0,0.0,0.0,0.0,0.0,0.0,0.0360986976904976,0.7219151644113194,0.2058636789547252,0.0058638104482120115,0.16363949254173393,0.021711810383522802,4.878895285744105,4.821136076960766,4.821136076960766,0.09789233299332582,0.0,4.9799143303478415,4.830273497337012,12
sample_bfdc26a3023709d469fd,c96d9a2f7b48fa9a97328cbb5da77c77d8dd62dc4668feaf61fb4dfbb40c0f8b,map_012,map_012,final,1,unknown,unknown,,RECOVERED_LOCAL_local,v3_exact_match,derived-1c6f954ff7dc8568,pathguard_preexec_v2.0.0,npz_pre_execution_arrays_only,,469.5335412914201,2349,0.19997169560963377,0.19999999999998863,0.20000000000004547,0.0034914493567972348,0.006142150509989481,0.023209073179349053,0.0054113043214739824,0.013081093654751474,0.018412433929863605,0.022755785916787216,0.00021157287579789247,0.0006477719846481522,0.00045427258366412536,0.038682963747210995,0.06603888726554433,0.10799852195795268,0.09805299987158093,0.001336210181087397,0.16317639063160483,0.002351491670928837,25.113508877925383,36.42574209333107,25.779202614974192,32.15403644045338,34.29059968967629,0.13899558750104465,0.34024382728676356,3.2637579170716564,7.00000006861112,6.290697407375129,-0.5035679692529191,0.0,0.0,0.0,0.0,0.0,0.0,0.0,0.0,0.13903221354762008,0.40302834579401997,0.34024382728676356,0.0041746551627447484,0.010805012671148861,0.008916794610070998,4.998604469613328,4.998719468112468,4.998604469613328,0.022590821562707822,0.0,4.999190239919922,4.999140832900973,12
sample_c03b9c32528e2a377427,d2b2843744d1b4fb3f687e89db8a0158d5b79c067888901907cd197a0cb730e9,map_003,map_003,final,0,unknown,unknown,,RECOVERED_LOCAL_local,v3_exact_match,derived-1c6f954ff7dc8568,pathguard_preexec_v2.0.0,npz_pre_execution_arrays_only,,135.00554363496988,677,0.1997123426552809,0.20000000000000284,0.20000000000000284,0.0005444318745132762,0.0025673827762665163,0.0059514037538571886,0.0026759515546682304,0.004749879043973926,0.005311697787617144,0.005828702460681827,0.0005667740640008947,0.002146133116367537,0.001412873227414412,0.0005822098939808532,0.0005822098939808532,0.002299100931452358,0.0006240016444785113,9.398727220916438e-05,0.021206352012065277,5.001495692269469e-05,16.60090303801097,20.089524216564268,17.399495488483243,19.310054845816047,19.630563139155022,0.04564850443654818,0.0966684354066361,0.8178966027500119,1.9741323185705089,1.768233569480134,0.546185211734898,0.0,0.0,0.0,0.0,0.0,0.0,0.0,0.0,0.045613418411385546,0.10702227310325778,0.0966684354066361,0.009662255073527812,0.03643553378434297,0.025314944752761363,4.815224256041208,4.801658675560543,4.801658675560543,0.00548088018314038,0.0,4.892526230771378,4.813166578675526,12
sample_c1381d01f286df2ee7d9,93f2c0a7451d8347048851b86fe8a3b03cef51f5255a7cec1508f4fee0ba03cb,map_024,map_024,final,0,five_axis,explicit,5,RECOVERED_LOCAL_local,v3_exact_match,c55daff1b698d1f4,pathguard_preexec_v2.0.0,npz_pre_execution_arrays_only,,370.69820983688857,1769,0.20967093316566096,0.19967954466551419,0.2962215673813105,0.008612682434645521,0.017490350459274436,0.1851412930339669,0.010358332209109424,0.015877997240439957,0.08860694511984728,0.17682741315677603,0.0016178184953726986,0.039194850350859047,0.005078915804871923,0.0,0.0,0.0,0.0,0.0,0.0,0.0,16.8411771002546,24.240384544052823,19.160519366894025,21.660151604247485,21.660363136683472,0.198621064087617,0.360278194816881,3.26646529715807,5.510600586776552,4.932819140450796,-0.49984919446629417,0.10658508475782924,0.984,0.06356726973037213,0.09734981909000452,0.5950111596787258,0.009126483840347841,0.30897058945164857,0.028322717730054656,0.19893064413394676,0.7951955811911479,0.3674429731266799,0.013295190599444477,0.18506335246400263,0.051290027762548374,2.855478541714491,1.251324033858801,1.251324033858801,0.17241211693002043,0.10417746160075023,2.8665421627140826,1.25245603854423,10
sample_c1a5a6af32331015e72d,10099913465a687fa18b1aba8e43f4864f248dab8a06db1327f00b7d12491e62,map_011,map_011,final,0,unknown,unknown,,RECOVERED_LOCAL_local,v3_exact_match,derived-1c6f954ff7dc8568,pathguard_preexec_v2.0.0,npz_pre_execution_arrays_only,,925.0562165108711,4627,0.19996891839837247,0.19999999999999574,0.20000000000004547,0.005572618021590731,0.009483271704171048,0.041911335521935246,0.005647396170269377,0.023709516430410513,0.0348464973377794,0.03911289722146719,0.00046802008905901026,0.006728555215090519,0.0017438577467383855,0.05109358753861691,0.055213217195981275,0.08630850571543647,0.07702759341528242,0.0006341183704627753,0.3289030475459771,0.0020499466086877994,21.055480592748847,34.60428412806697,20.297384000556647,29.90275824923178,31.75265888509432,0.1563467887470409,0.4490460461260241,2.6955385786650212,6.279074792299927,6.134972780100582,-0.7067463252336829,0.0,0.0,0.0,0.0,0.0,0.0,0.0,0.0,0.15629905013173878,0.49863349637300364,0.4490460461260241,0.007147939591358589,0.07475386487809943,0.02518628204376397,4.114216673391239,3.9599007968748974,3.9599007968748974,0.04000736567089278,0.0,4.134586926961906,3.9977897620720957,12
sample_c20bb28b1aae590953be,d0f4f44f862e2a7a0a000f4d517a639050f1b2ec0e648c3af1047c2a9c9264ff,map_024,map_024,final,0,six_axis,explicit,6,RECOVERED_LOCAL_local,v3_exact_match,d46c9e86aea3de5c,pathguard_preexec_v2.0.0,npz_pre_execution_arrays_only,,373.5801759478122,1869,0.199989387552362,0.19999999999999574,0.20000000000004547,0.008406706903236921,0.01801737088111813,0.18176986166676024,0.010334932113248154,0.011732965172673904,0.07130137951953829,0.1780535976395243,0.0014054675512047577,0.03872349543708192,0.005661443434572818,0.0,0.0,0.0,0.0,0.0,0.0,0.0,17.15734161548624,24.752977645400094,18.798430300368466,23.855197096663222,24.68954392270747,0.22535349414050304,0.41283498741812663,3.826910239519607,6.361173896631434,6.326069101818905,-0.3932414362850104,0.1378413870834274,0.9839997254056633,0.07916301928266482,0.09157661145023095,0.9026810848339926,0.009642047670993869,1.0584110440726517,0.021227804961744232,0.2240727574254862,0.8830423446705109,0.6785499046697189,0.016341982668816427,0.9424500365284126,0.05140092007156003,3.426977704866483,2.3007052458473543,2.3007052458473543,0.17745750366727148,0.14616188632410038,3.4565565889101264,2.3017734222675985,12
sample_c2b3e31dad37e6240b6e,af9c20361f5297b9a37c199de9ba9e844357ec5bd810c7dd9f09311192983a3d,map_014,map_014,final,0,five_axis,explicit,5,RECOVERED_LOCAL_local,v3_exact_match,6e898ff7ac46a278,pathguard_preexec_v2.0.0,npz_pre_execution_arrays_only,,1083.530896404707,5424,0.19980285753359892,0.19994455547009693,0.20006947659851448,-0.004180923296275599,0.006157851170942098,0.031626747211942,0.0033442736765011472,0.016660288978524763,0.018714518418411024,0.02985221595030877,0.00022488248132181648,0.0033221967073962496,0.0011511400771632018,-0.0467650918369683,0.21611552639167117,466.9988417051766,0.0,1.4187661593182181,2543.804238462322,0.0,23.93546307185258,45.257981448390794,21.092503288512155,39.26914538030998,41.96778330830538,0.10301437731830855,0.29880144848863144,1.9026026633190807,5.523161037978415,4.881282594907503,-0.6698967784941611,0.0,0.0,0.0,0.0,0.0,0.0,0.0,0.0,0.10301437731830855,0.4109812137148061,0.29880144848863144,0.0035070062809932846,0.0821342187481791,0.015851693110066244,4.726559644358524,4.434850585763018,4.434850585763018,0.03041991306010845,0.0,4.726741221196208,4.438152842103163,10
sample_c2f160f9430b9b7cf027,06ef510d63ba25e9f54f04c07b563a6adee2de4756e1fe69bdb1436816dc27be,map_009,map_009,final,1,five_axis,explicit,5,RECOVERED_LOCAL_local,v3_exact_match,6e898ff7ac46a278,pathguard_preexec_v2.0.0,npz_pre_execution_arrays_only,,381.32408838817895,3817,0.09992769611849553,0.0999999999999801,0.10000000004758647,-0.004174568504001472,0.004359914116837041,0.10792835258196654,0.0,0.0029647626911222303,0.038403125296099704,0.09614261932808288,0.0006075269244457439,0.0161108001700479,0.006055344056601349,0.0,0.0,0.0,0.0,0.0,0.0,0.0,25.08144092353596,43.493828326953455,24.931103665311593,37.90499742463517,40.792810157910765,0.033903225691906624,0.36473049066317,0.2782661551581468,4.441021800357485,3.3120112268690334,-0.4985474420677106,0.0,0.0,0.0,0.0,0.0,0.0,0.0,0.0,0.033903225691906624,0.6357691747220764,0.36473049066317,0.004021909454498391,0.1157949936672964,0.0361494937069824,5.384962244620848,3.851621792882087,3.851621792882087,0.09051717055452826,0.0,5.384999999998399,3.930221854005493,10
sample_c32b62625787ed8548f4,d4c8838889ce4c97aeb0f49fe10101fae279354eeb96386c9b9b2949b423658c,map_023,map_023,final,1,unknown,unknown,,RECOVERED_LOCAL_local,v3_exact_match,derived-1c6f954ff7dc8568,pathguard_preexec_v2.0.0,npz_pre_execution_arrays_only,,245.30488462385864,1228,0.19992248135603802,0.20000000000000107,0.20000000000001705,0.012791501032531693,0.01309276139734424,0.18507027037037282,3.398910693244688e-14,0.008714254235033254,0.17523277891285743,0.18235484243355737,0.0017524664844034313,0.03804326045121212,0.01313486417753658,0.0,0.0,0.0,0.0,0.0,0.0,0.0,19.290130324303536,35.904088556240666,20.177421190690005,33.08686762518465,35.40648674270736,0.0597997202242446,0.7218095020609945,0.282298184643626,5.159394147243182,2.960957174955516,-0.4567464719245699,0.08661773085733031,0.984,3.547649100818716e-13,0.27929480215756775,0.9764496925711724,0.00802301884437251,0.2651788369481234,0.0754390438203768,0.05903569952114222,0.9124822270751695,0.5671982941780365,0.007548736410493585,0.1453359025706228,0.045886830927859217,2.4,2.4,2.4,0.17716936339773262,0.09452777119624269,2.3999999999999773,2.3999999999999773,12
sample_c42ce4cba0d6a375347c,30ad97898b042f695f255614b60f9fe4aef0b9cb94ee5bc51703a77b7a50c546,map_023,map_023,final,0,unknown,unknown,,RECOVERED_LOCAL_local,v3_exact_match,derived-1c6f954ff7dc8568,pathguard_preexec_v2.0.0,npz_pre_execution_arrays_only,,245.30488462385864,1228,0.19992248135603802,0.20000000000000107,0.20000000000001705,0.012791501031672772,0.012799993945077269,0.17595943705344297,4.6850969346009084e-14,0.024679743146889022,0.14239627114324924,0.1756867002960062,0.0017595663868015304,0.038117719492128666,0.01317690503993074,0.0,0.0,0.0,0.0,0.0,0.0,0.0,19.833120246374367,36.28312385986713,20.614049999250994,33.4836016126225,35.78093986008929,0.07508007859276342,0.8919181915238086,0.44302473544762366,6.1012309848930215,5.3083986112525015,-0.4644093144093686,0.1016442017483451,0.984,3.547649100818716e-13,0.3766028433790824,0.9539226917644313,0.009508237774465467,0.3054387125743243,0.08432168395658322,0.07579785635747077,0.9592692089714717,0.8309868852655092,0.008104736747944343,0.15880215292983024,0.06594617795390004,2.4,2.4,2.4,0.17173696239984884,0.07897503020915819,2.3999999999999773,2.3999999999999773,12
sample_c44ac4e30745f7ab64a7,1cfa1c2ea70382a9130886510d2137bbde59df5b7e89e9626b1ca9a35473917e,map_019,map_019,final,1,unknown,unknown,,RECOVERED_LOCAL_local,v3_exact_match,derived-1c6f954ff7dc8568,pathguard_preexec_v2.0.0,npz_pre_execution_arrays_only,,858.5574828056159,4294,0.19999009615784205,0.19999999999998863,0.20000000000004547,0.0006649439449895687,0.0018694118624141666,0.022019130172429926,0.0003396190796645026,0.006135354477469031,0.010927418965308858,0.020381365481325114,0.0001820446705981134,0.003256970970381176,0.0008658418491495069,0.0,0.0,0.0,0.0,0.0,0.0,0.0,31.05729140151067,46.25219357450093,32.908046642264814,42.13786239403221,43.30643061017148,0.03649450197109916,0.2189501012082236,0.7772731178778478,6.071260469865784,4.287969129688194,-0.523772597496592,0.0,0.0,0.0,0.0,0.0,0.0,0.0,0.0,0.03649548453809271,0.3647036699487845,0.2189501012082236,0.003968307359915477,0.04760729274172121,0.015694320825996245,3.342583151244532,2.9700562752825763,2.9700562752825763,0.021125403646457035,0.0,3.4321235407920074,2.972772143563575,12
sample_c5cc39642ee5cb8e70ea,ca954998cda46422333f4489e147ae2852068d03a3d8b61337a9b5a446f57655,map_005,map_005,final,0,five_axis,explicit,5,RECOVERED_LOCAL_local,v3_exact_match,ee1b968983f0d0d8,pathguard_preexec_v2.0.0,npz_pre_execution_arrays_only,,229.85425351315035,1152,0.19969961208788042,0.19978570708207144,0.19999999995090434,0.004475827325050464,0.006175039387435313,0.021877941108225274,0.005040500677553905,0.010959425710731274,0.016639725043823196,0.020512136969751862,0.0005540087677679414,0.01570723871839763,0.0033422294132559043,0.0,0.0,0.0,0.0,0.0,0.0,0.0,22.927428002489496,30.276302890695252,24.141814939707373,30.063763528300207,30.183479029299757,0.1258590679735287,0.17783250975531018,2.9679377151179986,5.48449809579917,4.551744101126341,-0.6395460380865547,0.037944380089597045,0.13654454251493417,0.031130644696140006,0.06702326316937897,0.10268907652183493,0.0032869708529683086,0.061115094790864355,0.019102540133404552,0.1258590679735287,0.3120555609347168,0.17783250975531018,0.009192275865151712,0.24309333122823285,0.04812589089866879,4.030647034392957,4.6984637439708905,4.030647034392957,0.021877941108225274,0.020304697254413258,4.203752257832826,4.98600438057722,10
sample_c5f55daae0abfa47383d,7df3bd48cd8589ea742247649b801794ea107b98c6e7887ff0d893cdcaecb630,map_013,map_013,final,1,five_axis,explicit,5,RECOVERED_LOCAL_local,v3_exact_match,6e898ff7ac46a278,pathguard_preexec_v2.0.0,npz_pre_execution_arrays_only,steer_ff_rad:used_beta_ref_rad;yaw_rate_ref_radps:derived_from_yaw_per_m_and_speed,1588.301982222156,7955,0.1996859419439472,0.19990559538780417,0.20014542830176368,0.004123142918719618,0.004144934695167942,0.058904087508338684,0.0026778073799914614,0.00915759950449931,0.013451009326526295,0.025424355204796058,0.00017119005928257298,0.02264752409284143,0.0005499028891357327,0.00016153302096591704,0.16242874954369116,355.4364450518538,0.0,1.5282774856242487,4247.644436615567,0.0,28.676464307557485,48.84208302647479,27.8444780782756,38.14947988823789,43.65978254451105,0.09397410359646109,0.2280061705759718,2.282025744459196,5.59288969048366,4.814449163117444,-0.6472347686068296,0.0018921601231130056,0.022382751345376543,5.473100261911693e-07,0.00691714739582487,0.011225388537424521,8.66076453318678e-05,0.000747455650792983,0.0004738676468842249,0.09444848980620243,0.5459567728097683,0.22821122143259298,0.0028406729532549895,0.2209726466779518,0.010052804637013638,3.300928325746873,4.033093585113818,3.300928325746873,0.02846391075796766,0.0007282322495519022,3.3030914419840722,4.0350854399630585,1
sample_c61ee1012cb7f6db05fe,7085c8418ca666e4e45578382182ceaf1f16730e4b784e6051058698b3cea6b8,map_013,map_013,final,1,five_axis,explicit,5,RECOVERED_LOCAL_local,v3_exact_match,6e898ff7ac46a278,pathguard_preexec_v2.0.0,npz_pre_execution_arrays_only,,1588.301982222156,7955,0.1996859419439472,0.19990559538780417,0.20014542830176368,0.004123142918719618,0.004144934695167942,0.058904087508338684,0.0026778073799914614,0.00915759950449931,0.013451009326526295,0.025424355204796058,0.00017119005928257298,0.02264752409284143,0.0005499028891357327,0.00016153302096591704,0.16242874954369116,355.4364450518538,0.0,1.5282774856242487,4247.644436615567,0.0,28.855520820389426,47.95304207957827,28.307120675566168,38.07230029032258,42.75926374414472,0.09524819015485884,0.23068453625481114,2.345238518607883,6.582663091162318,4.821687847763772,-0.6430786407646915,0.0,0.0,0.0,0.0,0.0,0.0,0.0,0.0,0.09576356394402427,0.550869089470545,0.23082004082647248,0.0028952165643569994,0.2222117246044384,0.010390604610042674,3.300928325746873,4.033093585113818,3.300928325746873,0.02846391075796766,0.0,3.3030914419840722,4.0350854399630585,10
sample_c86879825e1c9e832ec5,1df7f8b09b1494d59e099a46af1f102a162e9b7f162bfce604f4e542938a5c82,map_011,map_011,final,0,unknown,unknown,,RECOVERED_LOCAL_local,v3_exact_match,derived-1c6f954ff7dc8568,pathguard_preexec_v2.0.0,npz_pre_execution_arrays_only,,924.4498991955882,4624,0.19996753173168683,0.19999999999999574,0.20000000000004547,0.005576762962896542,0.010025293941387311,0.04233019683594962,0.007333011995310988,0.025052774342413767,0.03251500050439829,0.03797540125573424,0.0005459861312027572,0.006881672339158148,0.0018093324768789735,0.05112366375049733,0.05525227391968395,0.08737090149752902,0.07713462883241763,0.0006751157324834641,0.39661024117067933,0.001996125920253527,20.09832698874018,34.32497384630908,19.148542,28.987503773385527,30.923269212884488,0.16901491447644262,0.4600604951219699,2.9280740398466873,7.000000215670275,6.523017252890374,-0.5945845936912912,0.0,0.0,0.0,0.0,0.0,0.0,0.0,0.0,0.16954724516163963,0.535208010074238,0.46761044715251704,0.008481534028836307,0.09302409030989443,0.02605417240887269,2.9732499680432705,3.576893833907041,2.9732499680432705,0.04056880420110618,0.0,3.084862339717231,3.6267983310700918,12
sample_c90f392bb99bcce3e16a,330efee520bd65acfcf39806ff304cafe293aca3ddec26084c01c298306414fd,map_003,map_003,final,1,unknown,unknown,,RECOVERED_LOCAL_local,v3_exact_match,derived-1c6f954ff7dc8568,pathguard_preexec_v2.0.0,npz_pre_execution_arrays_only,,135.00091762374558,677,0.19970549944341062,0.20000000000000284,0.20000000000000284,0.0004909836085930228,0.0026643001797879025,0.004271586764100652,0.002548130295712315,0.004134393574613803,0.0042404655142349,0.004265911535798967,0.00021102481114972755,0.005670241160795099,0.0007017259376548293,0.0008952305299532171,0.0008952305299532171,0.10721093181427932,0.0006240016444785113,0.003536838949729175,1.05962088427394,5.001495692269508e-05,20.352423421572798,28.617115589331398,20.847765044350698,27.9863655117147,28.617115589331398,0.05738239660757196,0.10577550219604735,1.297404811718176,3.398661190987421,2.7589589202500084,0.5519792094811573,0.0,0.0,0.0,0.0,0.0,0.0,0.0,0.0,0.05139179416811041,0.10187203170538399,0.09807436837165612,0.003656127455500524,0.0810007573312697,0.00974159956449232,4.7687432011894275,4.726379672603042,4.726379672603042,0.004242163348975405,0.0,4.787708859959794,4.87397664846565,12
sample_ca4d330a4b30f3b746a6,af0beee50fec0f7285cad9a12ab66b8435e179b4c9e49d6abc646f41ba3ae139,map_006,map_006,final,1,six_axis,explicit,6,RECOVERED_LOCAL_local,v3_exact_match,2e3182561ba5e89c,pathguard_preexec_v2.0.0,npz_pre_execution_arrays_only,,273.68707410567004,1370,0.1999175121297809,0.19999999999999996,0.20000000000001705,0.0002023370379528745,0.0024754380618696075,0.012499204530716984,0.001999999048239164,0.007534270515600069,0.008787642041195158,0.012256435807315618,0.00016768268309400868,0.0017541073552688954,0.0007034806340698401,0.0,0.0,0.0,0.0,0.0,0.0,0.0,28.823079945941462,35.667875426579435,31.342362026896943,34.54055810750718,34.878810426115734,0.05590971711917677,0.17519448079064623,1.4772714775241662,5.038135970599227,3.5262090323546147,-0.7174134160597884,0.018873769834895818,0.09591457428239317,0.015182704119719623,0.05755169428952613,0.06720935899857354,0.001267776819197233,0.013352521330444525,0.00542205021626438,0.05590971711917677,0.2506584413006912,0.17519448079064623,0.0040152924502623545,0.0678887000535825,0.015264287040423454,4.997446816710681,4.996648793458013,4.996648793458013,0.011628776445124141,0.008894828832769488,4.998397558909473,4.99863544861228,12
sample_ca846e16d32ca37c0291,5cb302118309db5e4bfed669e01b359c93cf2a8f82704364a457294eb75631ea,map_011,map_011,final,0,unknown,unknown,,RECOVERED_LOCAL_local,v3_exact_match,derived-1c6f954ff7dc8568,pathguard_preexec_v2.0.0,npz_pre_execution_arrays_only,,926.1137195221171,4632,0.19998136893157353,0.19999999999999574,0.20000000000004547,0.005567603381091633,0.009629919701572651,0.0473708170194811,0.005813644116331871,0.02511271077571563,0.036981382055750175,0.04139348735713249,0.0006106504528103774,0.00708225423121446,0.0022407118096072665,0.051051690803464826,0.055140356878478625,0.08458704093395397,0.07708693285181258,0.0005144387106826558,0.08050651481588128,0.0020004488604429015,20.258639375084986,35.245711649448985,19.148542,29.91628571410173,31.832218633802896,0.156330733885568,0.48072455159747873,2.6247855232268993,7.000000460449689,6.615050222025381,-0.5927519882411075,0.0,0.0,0.0,0.0,0.0,0.0,0.0,0.0,0.15631365777968234,0.55489665472155,0.48072455159747873,0.009042562597621132,0.08999908582145112,0.03199536353451124,4.12578034641923,4.204924284970086,4.12578034641923,0.044626490004889635,0.0,4.1494963229111,4.213005969358253,12
sample_caa076f9d9312f562cc9,a66856b4e5c737bd35f6863d29725040552f202921255e5701acf55ec6aea908,map_009,map_009,final,1,five_axis,explicit,5,RECOVERED_LOCAL_local,v3_exact_match,6e898ff7ac46a278,pathguard_preexec_v2.0.0,npz_pre_execution_arrays_only,,381.32408838817895,3817,0.09992769611849553,0.0999999999999801,0.10000000004758647,-0.004174568504001472,0.004359914116837041,0.10792835258196654,0.0,0.0029647626911222303,0.038403125296099704,0.09614261932808288,0.0006075269244457439,0.0161108001700479,0.006055344056601349,0.0,0.0,0.0,0.0,0.0,0.0,0.0,27.981549228776483,47.8432111596488,29.492868378212076,41.695497167098694,44.87209117370184,0.03395670894474651,0.36473049066317,0.2798193046374449,4.441021800357485,3.3120112268690334,-0.47819605227646295,0.0,0.0,0.0,0.0,0.0,0.0,0.0,0.0,0.03395670894474651,0.6357691747220765,0.36473049066317,0.004034714224831806,0.1157949936672964,0.036149493706982755,5.384962244620848,3.851621792882087,3.851621792882087,0.09051717055452826,0.0,5.384999999998399,3.930221854005493,10
sample_caf0c31d08373f6d21d3,7e70a2f64ce1e91c9bf2b67689560d8f59daf9bf4b301c6af45f5da1ddb06d6c,map_023,map_023,final,0,unknown,unknown,,RECOVERED_LOCAL_local,v3_exact_match,derived-1c6f954ff7dc8568,pathguard_preexec_v2.0.0,npz_pre_execution_arrays_only,,258.25464421326933,1293,0.1998874955211063,0.20000000000000018,0.20000000000001705,0.012145977691802846,0.018755519916600426,0.10871651305290495,0.00027081385510948773,0.09996449658245997,0.10478451341490937,0.10852271559873151,0.0018278317821326922,0.01959789482840154,0.013463439742318966,0.0,0.0,0.0,0.0,0.0,0.0,0.0,17.891136875630284,34.42286283582414,18.117704670956293,31.064237604220406,33.75295617098844,0.13327390593531427,0.6366967423726602,1.0540195814848137,6.707289070747212,4.630255651277804,-0.6433858668448371,0.09069411977798268,0.984,0.0,0.3471875301855938,0.9518646111501506,0.007970931489357846,0.20791582418039978,0.06869691349860244,0.09997179385316027,0.959059782036177,0.7741164067761522,0.01650668074948814,1.2894949602664991,0.06927722845684321,2.9307810453780876,2.4395742322743845,2.4395742322743845,0.10747030584060396,0.08655211603915657,2.9580677518967837,2.447966308335601,12
sample_cb0bf8ea0ec69b423f65,e8e8bed80d684ca64e0352dbc90cd6b214f421a6a1e7724b3a01ffd0e8fa8cf3,map_023,map_023,final,0,unknown,unknown,,RECOVERED_LOCAL_local,v3_exact_match,derived-1c6f954ff7dc8568,pathguard_preexec_v2.0.0,npz_pre_execution_arrays_only,,245.30488462385864,1228,0.19992248135603802,0.20000000000000107,0.20000000000001705,0.012791501032531693,0.01309276139734424,0.18507027037037282,3.398910693244688e-14,0.008714254235033254,0.17523277891285743,0.18235484243355737,0.0017524664844034313,0.03804326045121212,0.01313486417753658,0.0,0.0,0.0,0.0,0.0,0.0,0.0,19.088868664747743,35.904088556240666,20.177421190690005,33.08686762518465,35.40648674270736,0.05035765913658085,0.6078395806829427,0.20018929438869867,3.65873933987328,2.099736944012776,-0.4598572033043882,0.08661773085733031,0.984,3.547649100818716e-13,0.27929480215756775,0.9764496925711724,0.00802301884437251,0.2651788369481234,0.0754390438203768,0.04971427328133673,0.7684060859580374,0.4776406687815044,0.006356830662868175,0.12238812848052438,0.03864154183398667,2.4,2.4,2.4,0.17716936339773262,0.09452777119624269,2.3999999999999773,2.3999999999999773,12
sample_cd03c50385ae025cc103,c31856d0bd88f30c1d3e39eb457267913b23ee202971f81f276d37bbf7e75a0f,map_015,map_015,final,1,unknown,unknown,,RECOVERED_LOCAL_local,v3_exact_match,derived-1c6f954ff7dc8568,pathguard_preexec_v2.0.0,npz_pre_execution_arrays_only,,49.85466355569337,251,0.1994186542227735,0.1999999999999993,0.20000000000000284,0.001099127614833242,0.002131910317058041,0.004586897820542986,0.001885102404084914,0.00380685142719009,0.00419451484065355,0.004508212049793621,0.0005850332255977149,0.009152845781120869,0.0014123594994815537,0.0,0.0,0.0,0.0,0.0,0.0,0.0,13.823468319200126,17.497763733645396,15.379900636400446,17.497763733645396,17.497763733645396,0.029972013510010397,0.062424300508475875,0.44279877348763613,1.2275989616044427,0.927037366986116,0.10658380723348343,0.0,0.0,0.0,0.0,0.0,0.0,0.0,0.0,0.028951819112995984,0.06654972856960037,0.061945236665918016,0.008445450216156733,0.1164182893484136,0.02182078776205283,2.3005315546438045,2.300882138992697,2.3005315546438045,0.003764913632599579,0.0,2.3024587890244663,2.3096163812038912,12
sample_cd963f5a9d35253edf5f,86d5df5f51d4b677a84270e77a94daa89d92611422c255ddb57320044f1221fe,map_012,map_012,final,1,unknown,unknown,,RECOVERED_LOCAL_local,v3_exact_match,derived-1c6f954ff7dc8568,pathguard_preexec_v2.0.0,npz_pre_execution_arrays_only,,469.9566452965701,2351,0.19998155119002983,0.19999999999998863,0.20000000000004547,0.0035256639680671174,0.009708069488023436,0.03393565102151041,0.006234764055964874,0.020715087487734252,0.02475778251072433,0.03201582473046327,0.0009682234405824341,0.009083143416331534,0.004080511929750976,0.03863734922909584,0.0659689076020622,0.10816843967519674,0.0999273026264973,0.0012391437876747395,0.06417610248727612,0.002719038392200515,17.98386060311191,28.473344233095137,17.318881706007037,25.44594188521671,26.67591987874934,0.1489646656709637,0.3041423616557966,2.4947357221722877,6.169984428174213,4.764763032086113,-0.6267671716371974,0.0,0.0,0.0,0.0,0.0,0.0,0.0,0.0,0.16721982694872886,0.4549047547572997,0.35957147245321364,0.014509208846026226,0.1647009051607381,0.051156558048453676,2.38944301781742,2.3161871320750014,2.3161871320750014,0.02876437287429943,0.0,2.5079025657026732,2.440280476654723,12
sample_d269ba74d330cb07c659,69d9fdccdce59a4cba03e52208f37e2e68fa78ff5bc2e533fc151e3986d9b0a5,map_003,map_003,final,1,unknown,unknown,,RECOVERED_LOCAL_local,v3_exact_match,derived-1c6f954ff7dc8568,pathguard_preexec_v2.0.0,npz_pre_execution_arrays_only,,135.01434748708945,677,0.19972536610516192,0.20000000000000284,0.20000000000000284,0.0006245106867646461,0.0022498771441465644,0.007724769195925569,0.0010782755987156624,0.0066929152436529665,0.0072459241491912504,0.007694386696837988,0.00025914738202961686,0.0008199758946978008,0.0007571178110591607,0.0006008674549444408,0.0006008674549444408,0.0075621045526190755,0.0006240016444776231,0.00022691625272964534,0.06339049288445153,5.0014956922694864e-05,22.384315692099342,28.82260858037189,24.831106992124568,27.96531457130951,28.08684759650646,0.05259675391605136,0.17387476423527867,1.2484884654869708,4.646882789023743,4.279691561890237,0.14045913193317108,0.0,0.0,0.0,0.0,0.0,0.0,0.0,0.0,0.05260965351552084,0.18935779266913857,0.17387476423527867,0.005831545371783572,0.016084837032687843,0.014860627661515247,4.999024387904565,4.998009172743315,4.998009172743315,0.007276757043786053,0.0,4.999260833858381,4.998907783876518,12
sample_d2f237df725878414383,e8fa358c963cf03232f901a9ee9420170a77cfc3afcedec49010472d129bc1a9,map_002,map_002,final,0,six_axis,explicit,6,RECOVERED_LOCAL_local,v3_exact_match,d46c9e86aea3de5c,pathguard_preexec_v2.0.0,npz_pre_execution_arrays_only,,215.24718946308448,1078,0.19985811463610445,0.20000000000000284,0.20000000000001705,-3.388961311121146e-05,0.014211269868459586,0.0850514553387196,0.009687019213671669,0.034483490289534756,0.06140753056612967,0.08304995367050105,0.0017544930182913007,0.02497177694553846,0.009094565539673333,-5.767392335715099e-18,0.024687663844728307,0.19985391712226286,0.05915101579666835,0.005157056524030229,0.12357953204147065,0.02631653462626685,15.141031111765091,26.716507237904576,18.831446522413437,24.174598454303577,26.432761205652444,0.1489498566487196,0.3112196423987407,2.253917907235754,6.03755518638007,5.898394175779597,-0.48637874890642063,0.13263531153927904,0.8897700838922014,0.0855393865323398,0.3436196201088747,0.5504579447332946,0.027956374957065867,0.5219180019319734,0.16455063081147037,0.1443033954237463,0.4364831366541466,0.29936885273010033,0.021746597304527566,0.2572230699214211,0.0866608931727351,2.5109482862687296,2.6176908253164766,2.5109482862687296,0.07300681686977618,0.18359345056454385,2.5134859031890615,2.8501183110683552,12
sample_d3224bda812d7b5295e4,bc56b4605db87979ec915af8ec89d844b5ecaefa9216d80b9b2e17972c75317c,map_025,map_025,final,0,six_axis,explicit,6,RECOVERED_LOCAL_local,v3_exact_match,derived-9527f9061c36bcaf,pathguard_preexec_v2.0.0,npz_pre_execution_arrays_only,,351.88217565839005,1761,0.199933054351358,0.19999903684730924,0.19999999979396002,0.0011241801468034,0.030255031950751892,0.44178719678092504,0.012473832486188632,0.08952768122671273,0.14344012502811054,0.18139433602642382,0.004747692565089883,0.06466540642526483,0.02092845772173522,1.8651916633693877e-09,0.0008810545130118702,0.3809771896434876,0.0,0.0034619318644385426,0.9524745627453384,0.0,9.1062898611098,15.0,9.0,13.912928063466685,15.0,0.22698318020881136,1.0455085172534302,1.9346979395843638,16.548399398264063,9.072339185894277,-0.29930868951815714,0.21282735098148192,0.984,0.09851650061463756,0.6424075731365656,0.75105668151826,0.06055072445216073,1.4845490195638569,0.24402146019910323,0.21226253100907747,1.4117485913822485,0.9169512882390412,0.06260519473750402,1.5259044294859052,0.23253649071045115,2.310450594327653,2.3080931279796983,2.3080931279796983,0.1663915443262708,0.3697000743459558,2.3214520150141458,2.316749881307456,12
sample_d3740d2e7b66daaafcc7,a082d02e671ab4f4df96fa2fff80e7d7493ad0b99ac350432542ab687550cd61,map_011,map_011,final,1,unknown,unknown,,RECOVERED_LOCAL_local,v3_exact_match,derived-1c6f954ff7dc8568,pathguard_preexec_v2.0.0,npz_pre_execution_arrays_only,,924.5177826905112,4624,0.19998221559388085,0.19999999999999574,0.20000000000004547,0.005576269862421279,0.009618008431523072,0.042190579257330996,0.006168297720451008,0.024588307421518938,0.034308142695739875,0.0386150556757337,0.00044520628284857325,0.003987237422838907,0.0014690920200583946,0.05114045817348677,0.05523531723892356,0.08765274461926253,0.07709163694713934,0.0005173552999820475,0.07211955561961703,0.0020417500394312366,19.836783451029973,34.41322175685164,19.167439438119008,29.09678151297554,31.006521493715812,0.15094023115753832,0.39867863274908966,2.4940299465811866,6.199078675069147,5.829824075481487,-0.6589464629298387,0.0,0.0,0.0,0.0,0.0,0.0,0.0,0.0,0.1626273593800229,0.49864102027150436,0.4578422176248403,0.0067715682376154685,0.04858735771293332,0.02051459465412401,3.583232905808104,3.6886573184986213,3.583232905808104,0.04040388284351367,0.0,3.663924821324626,3.8249007992313886,12
sample_d3ab28d7c43183f0c7d8,6405378b4c9b9caa6d2436f1badceccae582ed58d8bd7cf4e10ca664ea024240,map_023,map_023,final,0,unknown,unknown,,RECOVERED_LOCAL_local,v3_exact_match,derived-1c6f954ff7dc8568,pathguard_preexec_v2.0.0,npz_pre_execution_arrays_only,,245.30488462385864,1228,0.19992248135603802,0.20000000000000107,0.20000000000001705,0.012790864611415206,0.013096166428223779,0.1853086655636826,3.976054972796479e-14,0.008924800034419669,0.17522049819663316,0.18244658038240272,0.0017595663868015304,0.038117719492128666,0.01317690503993074,0.0,0.0,0.0,0.0,0.0,0.0,0.0,18.27358856299234,35.90285487629606,19.765163407567,33.08554654363899,35.40524070329157,0.05798432392575097,0.6763301084638031,0.27094629471924175,5.3661019800830285,2.6214969917237747,-0.3973783376867154,0.10030481031802736,0.984,3.7025371900989045e-13,0.5036793878629062,0.896528568737643,0.03696651540186517,1.2865753722544602,0.15902064360466225,0.059822141825297215,0.7650883571116713,0.6027249759973073,0.019224519888732614,0.611667602138699,0.14522589987443169,2.4,2.4,2.4,0.17717080545882297,0.3949959556154075,2.3999999999999773,2.3999999999999773,12
sample_d4a9022cffe78fed5a86,fa8dcc99b7f343d5285d5b2b5826551fa69b849af9603d94fa1d6cfe385f849d,map_008,map_008,final,1,unknown,unknown,,RECOVERED_LOCAL_local,v3_exact_match,derived-1c6f954ff7dc8568,pathguard_preexec_v2.0.0,npz_pre_execution_arrays_only,,341.49105542170827,1709,0.19993621511809617,0.1999999999999975,0.20000000000003554,0.0045952862098156315,0.0052573535267326455,0.061737753765261964,0.0006096858095260838,0.015210384527583975,0.032404451623851464,0.060090047618949004,0.00043152845325076703,0.008850844772422387,0.002217012348475628,0.0,0.0,0.0,0.0,0.0,0.0,0.0,22.972614767950738,39.67420632281022,22.476794512256152,35.418529589681704,38.40988825663177,0.0688623762332072,0.35248738496727666,1.0071455170328463,5.49999993121032,3.84979865234865,-0.5375908182908509,0.0,0.0,0.0,0.0,0.0,0.0,0.0,0.0,0.06886263556964453,0.580313020543751,0.35248738496727666,0.005093403303771031,0.0861264841796846,0.018284412303275044,2.427513731042691,3.2760389948389537,2.427513731042691,0.05720133981050355,0.0,2.5167382137375776,3.338935162358033,12
sample_d4af17d31abac9e4ec8b,4d5ee882d6ebb62e9cf79e8402015d22c05c1121311316d51d1c0802f2da9a73,map_022,map_022,final,1,five_axis,explicit,5,RECOVERED_LOCAL_local,v3_exact_match,ee1b968983f0d0d8,pathguard_preexec_v2.0.0,npz_pre_execution_arrays_only,,1344.7376956598873,6734,0.19972340645475825,0.1999999999999318,0.20004304934850553,-0.0008980841277320832,0.002582208504819935,0.02117193459994155,0.0010764654181746251,0.006508132258454825,0.008574908519494977,0.019523370161726377,0.00012037555026306421,0.014389321670352742,0.0005029964753419668,0.0,0.0,0.0,0.0,0.0,0.0,0.0,32.57136146181368,48.26155809329438,32.223190747557474,43.43870561904071,44.94905128598974,0.06172950099059024,0.17736475173606125,1.6358076149234242,5.5257090730719645,4.703362831644781,-0.5950488316237895,0.01581603653452226,0.1312248095408543,0.006534908404177723,0.03976992345735869,0.05252133564745249,0.0007286235550769719,0.08908572558052792,0.003074474389612847,0.06172950099059024,0.3402109843010467,0.17736475173606125,0.0028146721721264657,0.23565027031814123,0.01345241291289993,2.5659917217651325,3.0150886339267657,2.5659917217651325,0.02000438759322287,0.021714211916375355,2.58179712666746,3.0230564537794136,10
sample_d535bbad25302d2eb993,0c316251216a1180c824a58d70377ff5fc9c07ecaef0b40d6d77faeb32c8f80d,map_009,map_009,final,1,five_axis,explicit,5,RECOVERED_LOCAL_local,v3_exact_match,6e898ff7ac46a278,pathguard_preexec_v2.0.0,npz_pre_execution_arrays_only,,383.36422528688286,1946,0.19710242945341022,0.20081307089418488,0.2092674839494407,-0.003793782866843044,0.004944653387245537,0.06541163711825249,1.056932319443149e-13,0.010784932024503105,0.03551269530254547,0.06355872019745723,0.0004970410300895311,0.013463652490225804,0.00317765672835401,0.0,0.0,0.0,0.0,0.0,0.0,0.0,24.767945517364605,43.75585855511364,24.143421456766426,38.57411387827764,41.47742649911951,0.06429370917950832,0.3812313353156944,0.9820172596490812,5.087545513084214,4.384783085184905,-0.517734551696832,0.030702634219830587,0.4089632116234206,6.407440800161082e-13,0.0662142654600853,0.22198894699435753,0.0030320797603967035,0.08110114768333603,0.01985027906907215,0.06429370917950832,0.5762765230118044,0.3812313353156944,0.006641139366151997,0.32201215491440505,0.02665569045063937,3.180225920195502,4.451219178340059,3.180225920195502,0.0622663400695815,0.025673738250177526,3.1992478933512536,4.818651785740337,10
sample_d55adfa7faaaa56d0c38,b8b85182b0e21ba89e5fe10d7d9aec1ea6f7139fb8c94e6a43bd8279ff68f0df,map_012,map_012,final,1,unknown,unknown,,RECOVERED_LOCAL_local,v3_exact_match,derived-1c6f954ff7dc8568,pathguard_preexec_v2.0.0,npz_pre_execution_arrays_only,,469.53389015620377,2349,0.1999718441891839,0.19999999999998863,0.20000000000004547,0.003491459675159949,0.006141121019713916,0.023331850417184753,0.005408307725997679,0.013081060304070344,0.01841250923407938,0.022790303065136394,0.00021237900485567384,0.0005266484416073663,0.00045409804100978514,0.0386827580706875,0.06603868158902089,0.10799852195795268,0.09805299987158093,0.0013354874134398065,0.16133199878649318,0.002351491670928837,22.1925230640809,35.30506606403573,21.549305324681736,31.134828191477954,33.19158063215693,0.11602448245348414,0.27822579181694174,2.2783132239284876,4.468281018401788,4.184268806921009,-0.6576260952399983,0.0,0.0,0.0,0.0,0.0,0.0,0.0,0.0,0.1337466559266052,0.3793166547276855,0.32732446096110784,0.003963748487784756,0.011900688587525049,0.009004607814596154,2.4,2.4,2.4,0.022607764121902123,0.0,2.399999999999636,2.399999999999636,12
sample_d5c4a8e91b3d75427770,47337a4cbe4c489ac0bab62fa5231fb33339394684af4b0050934f925d17193f,map_021,map_021,final,1,five_axis,explicit,5,RECOVERED_LOCAL_local,v3_exact_match,caa95ee3926759a8,pathguard_preexec_v2.0.0,npz_pre_execution_arrays_only,,1187.2101565541088,5938,0.19996802367426458,0.20000000000000284,0.20000000000004547,-0.0023323163680485305,0.0024009063782705776,0.016624077895973456,0.000582759490409039,0.006187606970387805,0.00865108071250055,0.011543402473798332,0.0001084207415414682,0.0024969550655821703,0.0005074177655983983,0.0,0.0,0.0,0.0,0.0,0.0,0.0,23.827952190394456,37.33387102392198,23.152970098312515,33.610541571570685,34.866622220365414,0.04590864805855931,0.13357971870907362,0.9809585618656875,3.9244140653022463,3.916728034156427,-0.5164493944689631,0.014659011508767179,0.10264423966503325,0.0035355266149474027,0.03779730212700251,0.05299231830476252,0.0006609231629690197,0.015495046847893434,0.0030648566762168537,0.04590864805855931,0.17569298632976693,0.13357971870907362,0.0017975015476830983,0.12972962241411284,0.006675839210862794,3.708220774709627,3.415562456644131,3.415562456644131,0.013821564066352576,0.009515958235639848,3.7864159779758255,3.415562456644131,10
sample_d84f949a98d094178cf7,5a4fe3eadde57a8c79f40e99a41fe2afe099ce7f132cc284c22ad21f33d475df,map_013,map_013,final,1,six_axis,explicit,6,RECOVERED_LOCAL_local,v3_exact_match,2e3182561ba5e89c,pathguard_preexec_v2.0.0,npz_pre_execution_arrays_only,,1589.5057005465721,7949,0.1999881354487383,0.20000000000004547,0.20000000000004547,0.003960068266570028,0.00402478812191088,0.024951794214230272,0.0024802060311332834,0.009069448505035807,0.010541579428218532,0.02214045549104146,0.0001505871227881131,0.0026487852210466643,0.0005280475922119087,0.013600527475070522,0.020152531741439782,0.06808773781919797,0.05237518293782273,0.010013948924078248,0.16114332925570674,0.026187591468983903,30.62907853074187,50.0,29.617770708258785,42.60814807780935,47.51484328731442,0.09883586230358661,0.23191406756496347,2.56416855473515,6.200000030442494,5.574902873066513,-0.6344207572591087,0.0,0.0,0.0,0.0,0.0,0.0,0.0,0.0,0.09883586230358661,0.38969027531271244,0.23191406756496347,0.003262867891776283,0.047079491367513326,0.011435556323211013,3.853616303416832,3.973252055140067,3.853616303416832,0.024370114932698965,0.0,4.033774771303333,4.340396145943825,12
sample_d8520e5402f0bac0d54e,4baaf378c49665bcf54527a68fedcd55c9a4ee3625a59327110902c0d8af1efa,map_009,map_009,final,0,five_axis,explicit,5,RECOVERED_LOCAL_local,v3_exact_match,caa95ee3926759a8,pathguard_preexec_v2.0.0,npz_pre_execution_arrays_only,,389.7448116116583,1950,0.19997168374123053,0.19999999999998863,0.20000000000004547,-0.004029628647556825,0.0076451330421365565,0.08551813872695141,0.0008219123980526288,0.024835868128853862,0.0451115303155131,0.0840348631396425,0.0012760515007819255,0.02143260763584389,0.006565726056924617,0.0,0.0,0.0,0.0,0.0,0.0,0.0,13.994487956233854,32.09971220184778,11.016639033043269,29.05909960720121,30.364969502747496,0.049336772357060396,0.28207832439519775,0.3399598916719038,4.032837792417468,1.929539522745201,-0.3732398600032882,0.04739909235349712,0.528036281952076,0.00498796779481816,0.1543483322281955,0.2827341725193448,0.0077942708282783095,0.13209878295675423,0.040882185555322484,0.049336772357060396,0.5591445519745071,0.28207832439519775,0.008716477567721748,0.12219477664939028,0.04270638101032875,2.452332168077631,2.999538321860105,2.452332168077631,0.08202488012503921,0.06821110381134274,2.8129736166377497,2.999538321860105,10
sample_d89ab1f4227815237d8b,a02e20065e96312ce82a9907df17d3db71abae5b3ae02d6b7349cd3c0c6f27c3,map_022,map_022,final,0,six_axis,explicit,6,RECOVERED_LOCAL_local,v3_exact_match,2e3182561ba5e89c,pathguard_preexec_v2.0.0,npz_pre_execution_arrays_only,,1345.984781938301,6731,0.19999773877240729,0.20000000000000284,0.20000000000004547,-0.0009087966975854509,0.0027823201569047544,0.02216790659324991,0.0016064654940525541,0.006365000031995634,0.010012779202497796,0.021539650166254237,0.0001514591218658143,0.0015266955865553672,0.0006170028859750791,2.0347280045601065e-05,0.0010563629556860344,0.4127748140382732,0.0019021880831255333,0.005083994000213592,1.1127800286297873,0.004755470207815425,29.778892888726926,47.89615159031849,29.09804260728629,39.0,43.2520806104623,0.06983038401175497,0.220720353364454,1.8488457273514831,6.199999956003151,5.162788198400003,-0.4745655325697117,0.0,0.0,0.0,0.0,0.0,0.0,0.0,0.0,0.06983038401175497,0.37073038624982996,0.220720353364454,0.003935081913008149,0.04542772252432489,0.013006063217618026,3.442942156879608,3.6173653037026527,3.442942156879608,0.022066748401415745,0.0,3.5289441066685385,3.6376111504048856,12
sample_d89ce3d20d66e543c278,c1d145e5148bc28ef52ab4b0b6831ff1e750212f7b03b889f0b29382124a0658,map_003,map_003,final,0,unknown,unknown,,RECOVERED_LOCAL_local,v3_exact_match,derived-1c6f954ff7dc8568,pathguard_preexec_v2.0.0,npz_pre_execution_arrays_only,,134.99373687114758,676,0.199990721290589,0.20000000000000284,0.20000000000000284,0.0002668671503568593,0.0025370727566612983,0.005635216835298927,0.002300833110707293,0.003790061071622681,0.004515896432998495,0.005571281255895207,0.00025112475445899856,0.004310521143783604,0.0006731167321479383,0.0005816022957959531,0.0005816022957959531,0.0006243642410526107,0.0006240016444785113,2.2292319093161873e-05,0.00028899558829120764,5.0014956918253484e-05,18.854534064714155,23.484148695946995,19.95354399835084,22.35981313113019,22.771129400296942,0.04885315531472937,0.0930136054231022,0.9813763930943743,2.33553535934511,1.9262367026127964,0.2529473543222725,0.0,0.0,0.0,0.0,0.0,0.0,0.0,0.0,0.04688094257967555,0.11467115898643393,0.09198415466041059,0.004680157505070493,0.05678507311680234,0.01231705223061766,4.771387749673637,4.547353795644368,4.547353795644368,0.004890739179613392,0.0,4.879345795535763,4.83968188777035,12
sample_daf2f24b4f63e55b22f5,d4bfd07fa51f9f2faebef4f51b360e383132d854d92bcde4f3294a6f439c1edc,map_023,map_023,final,0,unknown,unknown,,RECOVERED_LOCAL_local,v3_exact_match,derived-1c6f954ff7dc8568,pathguard_preexec_v2.0.0,npz_pre_execution_arrays_only,,245.30488462385864,1228,0.19992248135603802,0.20000000000000107,0.20000000000001705,0.012792978632849037,0.01324372329864957,0.17964137663029867,4.6850969346009084e-14,0.024918955678904717,0.14687831368287443,0.17934490459973057,0.0017595663868015304,0.038117719492128666,0.01317690503993074,0.0,0.0,0.0,0.0,0.0,0.0,0.0,19.499080441330747,35.94286337493061,20.13712902901569,33.11876465359026,35.43657360107604,0.07708699987824512,0.860361780014165,0.4527475907162664,6.284701833588646,5.061166851583884,-0.4668070810631072,0.09163602268472996,0.984,3.547649100818716e-13,0.35929145178301397,0.9475981062484284,0.008391555464005548,0.20499667932417842,0.07249866792828745,0.0772702980586708,0.9598222248117162,0.7676669170700865,0.008575582747842812,0.15755041924780055,0.062108266676180544,2.4,2.4,2.4,0.17565207581039868,0.08649087102320184,2.3999999999999773,2.3999999999999773,12
sample_dc354ceafd0a8399de62,aaae096b83438dc385e4b41edff046d507ccf7378e5e2ac65fbedc5b8cd4bb52,map_019,map_019,final,1,unknown,unknown,,RECOVERED_LOCAL_local,v3_exact_match,derived-1c6f954ff7dc8568,pathguard_preexec_v2.0.0,npz_pre_execution_arrays_only,,858.3136931573858,4293,0.19997989122958665,0.19999999999998863,0.20000000000004547,0.0006888425570018455,0.0027853823196325577,0.02016559872117123,0.0018364984516301142,0.005261057300841559,0.010313017530316243,0.02004485503788467,0.0003466585751446251,0.0035984524766644907,0.0010804026481925375,0.0,0.0,0.0,0.0,0.0,0.0,0.0,20.790813496830847,33.018294608530844,19.87403778426782,28.00856455782024,30.797276372418157,0.05322726861182282,0.2227089547101201,1.0448024975641952,6.200000096917301,4.572798651162331,-0.25495163209035354,0.0,0.0,0.0,0.0,0.0,0.0,0.0,0.0,0.053203474338716444,0.35359116755864256,0.2227089547101201,0.006367511657527219,0.046511697095846766,0.017962797129521115,2.416408625977103,2.877741710012109,2.416408625977103,0.020106813310638294,0.0,2.5790798736958167,2.8900409549275503,12
sample_dc7599336b8a8af9dbb2,fd9b67822f37613ed4011703906ac8740dcee1bfe6fb5a87b7e6d766d6ce3b18,map_006,map_006,final,1,six_axis,explicit,6,RECOVERED_LOCAL_local,v3_exact_match,2e3182561ba5e89c,pathguard_preexec_v2.0.0,npz_pre_execution_arrays_only,,273.68707410567004,1370,0.1999175121297809,0.19999999999999996,0.20000000000001705,0.0002023370379528745,0.0024754380618696075,0.012499204530716984,0.001999999048239164,0.007534270515600069,0.008787642041195158,0.012256435807315618,0.00016768268309400868,0.0017541073552688954,0.0007034806340698401,0.0,0.0,0.0,0.0,0.0,0.0,0.0,27.57430885571931,34.968505320175915,29.81861298071793,33.72950369939168,34.24916466905295,0.05403826506524428,0.17519448079064623,1.3634592967179093,5.038135970599227,3.5262090323546147,-0.6924067905674266,0.018873769834895818,0.09591457428239317,0.015182704119719623,0.05755169428952613,0.06720935899857354,0.001267776819197233,0.013352521330444525,0.00542205021626438,0.05403826506524428,0.2506584413006912,0.17519448079064623,0.003918002506168097,0.0678887000535825,0.014640091941458034,4.997446816710681,4.996648793458013,4.996648793458013,0.011628776445124141,0.008894828832769488,4.998397558909473,4.99863544861228,12
sample_dd7088faa8ca54a5d5ec,916207c67287e8b618d7b0a07b1053a9675ca9a07cb99869c1094e8406a50635,map_011,map_011,final,0,unknown,unknown,,RECOVERED_LOCAL_local,v3_exact_match,derived-1c6f954ff7dc8568,pathguard_preexec_v2.0.0,npz_pre_execution_arrays_only,,924.6602465593775,4625,0.19996977650505568,0.19999999999999574,0.20000000000004547,0.005575723920918038,0.00942899285565465,0.04488986866977838,0.00557864353225428,0.024807706866759427,0.035551448785282436,0.03997133267146767,0.00046722682381193035,0.005067266295968383,0.0018060376511210101,0.05111730907183055,0.055235461709307244,0.08666421128337731,0.0770504319022777,0.0006094513563256494,0.2934748327483434,0.0020626066720339903,21.54870488212646,35.48057406397018,20.421691151227975,30.187224536851012,32.09333825652509,0.15939999215636075,0.4825047065370465,2.800433436255127,7.000000470379233,6.8705671313388725,-0.6888087642911446,0.0,0.0,0.0,0.0,0.0,0.0,0.0,0.0,0.1594002436645825,0.5406278877091484,0.4825047065370465,0.007134638359804193,0.062195837132672405,0.024401938702411675,3.8482253605233274,4.0157524923212184,3.8482253605233274,0.04258938794045356,0.0,3.8999804508172624,4.068780217145764,12
sample_dd70b069f15e3e706044,f73f4480938fa4842419aa075aeb031988b7b848f1c487cad25ccefe9b3b8ff8,map_017,map_017,final,1,unknown,unknown,,RECOVERED_LOCAL_local,v3_exact_match,derived-1c6f954ff7dc8568,pathguard_preexec_v2.0.0,npz_pre_execution_arrays_only,,2054.599583094765,10274,0.19999995941738197,0.20000000000004547,0.20000000000004547,-0.0013110612826244625,0.00473207638146531,0.04772776568752433,0.0017999184121036274,0.012226381194608907,0.013616044657582248,0.04720489534200314,0.00019002909063866905,0.005079739217905353,0.0008008141328274235,0.003619828555025892,0.010402840861991891,0.0423732515600177,0.041643082437451365,0.0001643987214395043,0.010439746664681004,0.0010931099039947793,27.138821739219846,50.0,26.18515831917741,37.697983895115705,43.083219213923726,0.09352145885825326,0.2805910380669344,2.0357889192613525,6.300000207840456,5.904077549217676,-0.547383090862637,0.0,0.0,0.0,0.0,0.0,0.0,0.0,0.0,0.09350088200305055,0.512350172070272,0.2805910380669344,0.003651524973395726,0.07754698035840202,0.017398320981002895,2.4,2.4,2.4,0.04731459294968803,0.0,2.399999999999636,2.399999999999636,12
sample_de1aca264daf23b5454a,3b4532d13b947aee15a15d3f0a1e03b1f6b2c53d4a5dce6f68296645041d665f,map_023,map_023,final,0,six_axis,explicit,6,RECOVERED_LOCAL_local,v3_exact_match,2e3182561ba5e89c,pathguard_preexec_v2.0.0,npz_pre_execution_arrays_only,,274.6656011571941,1375,0.19990218424832176,0.19999999999999996,0.20000000000001705,0.01142536407057033,0.01678208278344821,0.1077428215355035,0.0019339684826057994,0.07187618719221282,0.08699185120266284,0.10233624377046724,0.0014165529153516677,0.01111603195951899,0.006601540091335809,0.0,0.0,0.0,0.0,0.0,0.0,0.0,17.454172154228445,32.28712769958851,16.789729059832073,28.354649161614553,31.40759654161359,0.1746902520729224,0.7540406783587497,1.9514097993831303,6.999999999963661,6.730683217378814,-0.6124046809617666,0.1252748602545933,0.7590976617121249,0.014680252614798458,0.5406805076373492,0.6388203614515315,0.010030274375914692,0.07014417954419128,0.04717901388289852,0.1746902520729224,0.8440900705176915,0.7540406783587497,0.015110085362417943,0.09944688620497301,0.0632951414087014,3.056795164797987,2.305544825547027,2.305544825547027,0.09357060346147957,0.048210129798731134,3.0809995214113814,2.3115476591427995,12
sample_e0aaece052a13a61e707,2628fb85cf98f50c5b255f093df9298dfe2b5704933074afc204f796c34d9504,map_023,map_023,final,0,unknown,unknown,,RECOVERED_LOCAL_local,v3_exact_match,derived-1c6f954ff7dc8568,pathguard_preexec_v2.0.0,npz_pre_execution_arrays_only,,258.88716774686895,1296,0.19991287084700304,0.20000000000000018,0.20000000000001705,0.01211777847144851,0.018501109374382544,0.10523129343998208,0.0002454745238931155,0.10218927967911207,0.10427630380957795,0.10513590492966422,0.0017113588768732026,0.01788791829023055,0.013106150677586048,0.0,0.0,0.0,0.0,0.0,0.0,0.0,17.249810904883006,33.80517872442901,18.13142248671965,30.556132355675302,33.15053536577399,0.10032352057556838,0.48477864924779296,0.6956411113720768,4.439264579625459,3.1201836643173895,-0.6688409312648896,0.10075190152940029,0.984,0.0,0.5025189063830642,0.8974672592340451,0.03507479545052907,1.2865753722544466,0.15674346186537147,0.07157516554011986,0.7650883571116713,0.6020001701065434,0.02159310492234641,0.7135539775001418,0.14717305750571902,3.0064253929276488,2.447619693747842,2.447619693747842,0.10468495629730282,0.3860334575852789,3.0308852920918037,2.454824394866324,12
sample_e0fcfef453ab2ea97675,666850acac70489a2d44eb118cd575c1be7e1f133cb657899034b398347bc729,map_012,map_012,final,1,five_axis,explicit,5,RECOVERED_LOCAL_local,v3_exact_match,ee1b968983f0d0d8,pathguard_preexec_v2.0.0,npz_pre_execution_arrays_only,,469.5335412914201,2349,0.19997169560963377,0.19999999999998863,0.20000000000004547,0.0034914493567972348,0.006142150509989481,0.023209073179349053,0.0054113043214739824,0.013081093654751474,0.018412433929863605,0.022755785916787216,0.00021157287579789247,0.0006477719846481522,0.00045427258366412536,0.038682963747210995,0.06603888726554433,0.10799852195795268,0.09805299987158093,0.001336210181087397,0.16317639063160483,0.002351491670928837,17.67268044762256,25.927804968745363,18.128103146511673,22.183385768514395,23.3004729084329,0.10631530686550142,0.25903937072784966,1.9203897688490905,4.476398841780549,4.084016964744012,-0.10681311541024996,0.037696585715479534,0.14407243904602524,0.03302534608171257,0.08049906947327125,0.1138643625269127,0.0013038548072515637,0.003943923846806696,0.002844399930992203,0.10631530686550142,0.30612250415635944,0.25903937072784966,0.0033173346807575913,0.011178890425541321,0.008023990587500028,4.998604469613328,4.998719468112468,4.998604469613328,0.022590821562707822,0.0029369935229682374,4.999190239919922,4.999140832900973,10
sample_e108f8af20e648c261cf,082133098d6e24647289f56c6e937b90c71c855ce9d303ff18777eeb0e8cf38d,map_022,map_022,final,0,six_axis,explicit,6,RECOVERED_LOCAL_local,v3_exact_match,2e3182561ba5e89c,pathguard_preexec_v2.0.0,npz_pre_execution_arrays_only,,1346.0019030964897,6732,0.19997056946909667,0.20000000000000284,0.20000000000004547,-0.0009084714798990795,0.002808871688331005,0.0221189237030578,0.0016860460278202288,0.006326229542907463,0.010026732177365893,0.021286969207626964,0.00018169768404798417,0.0026493560168021433,0.0007219364789396182,2.0344208973138812e-05,0.000781917681671773,0.06250821935432746,0.00030076496157429856,0.0006212012424809969,0.03896319772986301,0.0001916738452589757,26.03744585902077,45.26590517463619,25.573095085346957,34.82267332989717,40.300369429322586,0.06506607419966642,0.220291158415055,1.5816586365176486,6.200000095877463,5.114306155159171,-0.31068314746678855,0.02144645363258281,0.17076801820302412,0.01279442466449977,0.04826319641831616,0.07677593807525965,0.0013643916623045703,0.020109175357425405,0.005333869448224267,0.06506607419966642,0.37032057120525824,0.220291158415055,0.003791275264138315,0.03678213265668022,0.013362048200523544,3.462818825066896,3.6255448447316865,3.462818825066896,0.0220182282760378,0.008859381438647132,3.491353459082365,3.6456054173409655,12
sample_e163819e95ebffa9b8d7,8d4664a4e178bbaadadb9ccb33e3feb03dfbf7b0d3c671460d032330798a85dc,map_019,map_019,final,1,unknown,unknown,,RECOVERED_LOCAL_local,v3_exact_match,derived-1c6f954ff7dc8568,pathguard_preexec_v2.0.0,npz_pre_execution_arrays_only,,859.2496081926707,4298,0.19996500074299994,0.19999999999998863,0.20000000000004547,0.0006654605179786101,0.005912977345350025,0.030520790816944626,0.0021625598528394385,0.01780780276725174,0.022047785406210135,0.02949696097056376,0.0011641812302906726,0.008279404409972602,0.005077924192595986,0.0,0.0,0.0,0.0,0.0,0.0,0.0,18.15069516495237,29.824221256825084,18.090019080219655,24.29988393423092,26.214361512757375,0.08831413820718068,0.3150056400874625,1.382186407235963,5.942961068009085,4.3519776381538575,-0.5679382949117533,0.0,0.0,0.0,0.0,0.0,0.0,0.0,0.0,0.09338128432405053,0.3915449769532821,0.3292320581917611,0.017001549699398745,0.10713807223804245,0.06366331600360746,2.5146117257803136,2.3001370459326904,2.3001370459326904,0.022228499860786313,0.0,2.7961819428417978,2.3001958159342575,12
sample_e17c8cc27d322864efd2,4b56563f48a53ad9d736af4aaa8122bfedb0b36e1f6ee0dd3197c00a6f678770,map_005,map_005,final,0,five_axis,explicit,5,RECOVERED_LOCAL_local,v3_exact_match,ee1b968983f0d0d8,pathguard_preexec_v2.0.0,npz_pre_execution_arrays_only,,229.91690939633799,1152,0.19975404812887748,0.1998465433642025,0.19999999995090434,0.004474362059598714,0.006180102314043544,0.021877941108225274,0.005061887417928568,0.010952958329296837,0.01660386723648891,0.020512136969751862,0.0005484383413646755,0.01570723871839763,0.003302575365365556,0.0,0.0,0.0,0.0,0.0,0.0,0.0,22.879158005037098,30.210091624283137,24.145707255244478,29.821855748269922,30.07552058677399,0.12579344929958364,0.1775335770169413,2.9596138050991003,5.483504418127625,4.550696087002445,-0.6398128853083599,0.037944380089597045,0.13654454251493417,0.031130644696140006,0.06702326316937897,0.10268907652183493,0.003286694131288556,0.061115094790864355,0.01910206544786575,0.12579344929958364,0.3118404876099738,0.1775335770169413,0.009097057403828167,0.2427315202633853,0.04746350868218151,4.030647034392957,4.6984637439708905,4.030647034392957,0.021877941108225274,0.02030442768424442,4.203752257832826,4.98600438057722,10
sample_e2b6fe926251034a44d3,84e8b569e32c956f5b695e48e38025fd1bc80a0cde533385d336621274bb25a5,map_009,map_009,final,1,five_axis,explicit,5,RECOVERED_LOCAL_local,v3_exact_match,6e898ff7ac46a278,pathguard_preexec_v2.0.0,npz_pre_execution_arrays_only,,383.9628677347831,1946,0.1974102147736674,0.20081307089417066,0.21223588154423395,-0.003723358160076661,0.004725114694585728,0.06582714560943681,3.597122599785507e-14,0.01062455787018192,0.03533806477516141,0.06395453219873888,0.0004678780637814069,0.013093658612091844,0.0031558272157145607,0.0,0.0,0.0,0.0,0.0,0.0,0.0,25.39831963692561,43.756762213576664,25.04374054816416,38.57513796007983,41.47837979619202,0.0593385592943372,0.38361052703631165,0.86205364661213,5.086621205308134,4.709374870853874,-0.539056349256509,0.0,0.0,0.0,0.0,0.0,0.0,0.0,0.0,0.0593385592943372,0.5779623384508553,0.38361052703631165,0.006032174844534728,0.33707272307149816,0.027191677220388663,3.180225920195502,4.451219178340059,3.180225920195502,0.06277607461958569,0.0,3.1992478933512536,4.803127504564893,10
sample_e2cc273d03bd96d27541,52a1daf93d989e61e643cff75516ddb43de147f826b71c8c532e27fb91c3fc8c,map_003,map_003,final,1,five_axis,explicit,5,RECOVERED_LOCAL_local,v3_exact_match,ee1b968983f0d0d8,pathguard_preexec_v2.0.0,npz_pre_execution_arrays_only,,135.01434748708945,677,0.19972536610516192,0.20000000000000284,0.20000000000000284,0.0006245106867646461,0.0022498771441465644,0.007724769195925569,0.0010782755987156624,0.0066929152436529665,0.0072459241491912504,0.007694386696837988,0.00025914738202961686,0.0008199758946978008,0.0007571178110591607,0.0006008674549444408,0.0006008674549444408,0.0075621045526190755,0.0006240016444776231,0.00022691625272964534,0.06339049288445153,5.0014956922694864e-05,12.592136245354597,17.725297612317657,12.604548326086697,16.014000837692645,16.721339817593805,0.031131137671773838,0.11783294661406044,0.44547819940586025,2.2654291829457107,1.9629963913539767,0.3974406136786575,0.01372647546682105,0.047269675399203306,0.006545912583497179,0.04090775482169256,0.044315646663212596,0.0015763287073864863,0.005021564147615301,0.004624839248465158,0.031131137671773838,0.13096986549980472,0.11783294661406044,0.003781051936296567,0.011181759703963762,0.010078738976594373,4.999024387904565,4.998009172743315,4.998009172743315,0.007276757043786053,0.004024695091847175,4.999260833858381,4.998907783876518,10
sample_e2f5b2a56b242195b4a4,1b2dc8282436e8a197430a3398a0736047923efbaa21f412fc8dcbc62efc46ab,map_012,map_012,final,0,unknown,unknown,,RECOVERED_LOCAL_local,v3_exact_match,derived-1c6f954ff7dc8568,pathguard_preexec_v2.0.0,npz_pre_execution_arrays_only,,469.53389015620377,2349,0.1999718441891839,0.19999999999998863,0.20000000000004547,0.003491459675159949,0.006141121019713916,0.023331850417184753,0.005408307725997679,0.013081060304070344,0.01841250923407938,0.022790303065136394,0.00021237900485567384,0.0005266484416073663,0.00045409804100978514,0.0386827580706875,0.06603868158902089,0.10799852195795268,0.09805299987158093,0.0013354874134398065,0.16133199878649318,0.002351491670928837,24.2663999980307,35.30506606403573,24.506263899064304,31.173563652319547,33.19158063215693,0.13369056709884172,0.32732446096110784,3.012244610286401,6.1844719977879405,5.791375511309355,-0.5313365158065707,0.0,0.0,0.0,0.0,0.0,0.0,0.0,0.0,0.1337466559266052,0.3793166547276855,0.32732446096110784,0.003963748487784756,0.011900688587525049,0.009004607814596154,2.4,2.4,2.4,0.022607764121902123,0.0,2.399999999999636,2.399999999999636,12
sample_e34a0e3c6ab759be5857,ad407f967244550119c7215e89c6cf63e7cbae488f8018a8021853d7c263bdea,map_002,map_002,final,0,five_axis,explicit,5,RECOVERED_LOCAL_local,v3_exact_match,4ec13c407273a370,pathguard_preexec_v2.0.0,npz_pre_execution_arrays_only,steer_ff_rad:used_beta_ref_rad;yaw_rate_ref_radps:derived_from_yaw_per_m_and_speed,214.8210067384432,1040,0.2067574655807923,0.19999999999136264,0.28733722980863435,0.0004849880800183783,0.013850579173893408,0.13274531671883963,0.010326794368211245,0.02417698367289611,0.03911878155767772,0.08198272039077714,0.004923451432525622,1.202258520671077,0.00859832863876319,-0.0015098304331444307,0.02343281772943476,0.09906566452694476,0.06540229487042695,0.0027468904419152913,0.07896649342571002,0.015349173319641661,13.315872587131746,17.33086622858576,17.204600474243144,17.33086622858576,17.33086622858576,0.14742439954912853,0.32786124337117356,2.089948848822156,5.492381384103476,5.47586883816894,-0.43299067757606646,0.027965558162196896,0.41620899502948205,0.0,0.03894950025243719,0.35277072178521646,0.0038250041393173423,0.09296872328247918,0.02799340970342779,0.15079638803806236,1.3492260446193178,0.3459995214028984,0.060957837872165736,5.200780371061185,0.07688188259766567,3.233847415312808,2.9365196079990175,2.9365196079990175,0.06869478620445563,0.04928644081307869,3.56357015884222,3.0307530022853504,1
sample_e4fd1ebcb30891e56d99,0bb4fa05e0a68ab9b2ab9faf133c7a23520e342890b0c3fb6e0689b5597017ca,map_023,map_023,final,0,unknown,unknown,,RECOVERED_LOCAL_local,v3_exact_match,derived-1c6f954ff7dc8568,pathguard_preexec_v2.0.0,npz_pre_execution_arrays_only,,245.30488462385864,1228,0.19992248135603802,0.20000000000000107,0.20000000000001705,0.012790864611415206,0.013096166428223779,0.1853086655636826,3.976054972796479e-14,0.008924800034419669,0.17522049819663316,0.18244658038240272,0.0017595663868015304,0.038117719492128666,0.01317690503993074,0.0,0.0,0.0,0.0,0.0,0.0,0.0,18.19507929878005,35.90285487629606,19.37940068088878,33.08554654363899,35.40524070329157,0.05798433417312727,0.6763301084638031,0.2709463526482678,5.3661019800830285,2.6214969917237747,-0.39589029171677476,0.10030481031802736,0.984,3.7025371900989045e-13,0.5036793878629062,0.896528568737643,0.03696651540186517,1.2865753722544602,0.15902064360466225,0.059822141825297215,0.7650883571116713,0.6027249759973073,0.019224519888732614,0.611667602138699,0.14522589987443169,2.4,2.4,2.4,0.17717080545882297,0.3949959556154075,2.3999999999999773,2.3999999999999773,12
sample_e66a7ff52fffa0801296,905c666012ed2148d86170025659973ad9d19b93cdd4352f936aa5c37928bc53,map_022,map_022,final,0,six_axis,explicit,6,RECOVERED_LOCAL_local,v3_exact_match,2e3182561ba5e89c,pathguard_preexec_v2.0.0,npz_pre_execution_arrays_only,,1345.173760777447,6727,0.199996098836968,0.20000000000000284,0.20000000000004547,-0.0009093375801182221,0.0028122159134935003,0.022619567427212064,0.0016449554384566226,0.0064043366933685475,0.009975183242593836,0.022003971094189636,0.00016235665082043986,0.0015188712693333835,0.0006390948314912838,2.0359378918505557e-05,0.0009698981901472322,0.4108726259551183,0.0019021880831255333,0.004590757176981089,1.1270464392513198,0.004755470207815425,29.731775860898296,48.02020411062811,29.04027227469177,39.0,43.39722098412577,0.07029641958325158,0.21975136423783706,1.8542014976248231,6.200000016815511,5.247705733229615,-0.475282575355914,0.0,0.0,0.0,0.0,0.0,0.0,0.0,0.0,0.07029641958325158,0.3743436030042213,0.21975136423783706,0.004129751612571998,0.03733658753221507,0.013477465938935567,2.4015343379378624,3.7842594440317368,2.4015343379378624,0.022506226626897625,0.0,2.4872656057258626,3.8369118496855252,12
sample_e67813b3016e109ee396,aafdaf2788224af75a428bcc9caaa98eb91c6f46cbf827be6d74712a44f990cc,map_003,map_003,final,0,unknown,unknown,,RECOVERED_LOCAL_local,v3_exact_match,derived-1c6f954ff7dc8568,pathguard_preexec_v2.0.0,npz_pre_execution_arrays_only,,135.01447857396928,677,0.19972556002066463,0.20000000000000284,0.20000000000000284,0.0006277942121404021,0.002239606123328958,0.007851252217492432,0.0010390931339613128,0.006663968512277896,0.0073988569613261815,0.007813176114914227,0.000271417302785645,0.0008304210165019938,0.0007533480333741314,0.0006006769598330058,0.0006006769598330058,0.007497017611456158,0.0006240016444776231,0.000224793268087051,0.06274767798172548,5.0014956922694864e-05,20.300071071611615,29.3281670298024,20.62063876946295,27.804192806683965,28.58711179438094,0.045039059670857806,0.13946759355106758,0.917612068327867,2.8974028565465595,2.596071861471178,-0.027170029601792624,0.0,0.0,0.0,0.0,0.0,0.0,0.0,0.0,0.05364750209977877,0.19746253977661704,0.177744546856523,0.006234408528884672,0.017412326817472012,0.01500176350134541,2.4,2.4,2.4,0.0072989063319948535,0.0,2.3999999999999773,2.3999999999999773,12
sample_e700e7996f8ac55c73a7,8b00c3cec7f9d6a9dfaa1a4f10cc4ba93e97f8b923b730f15e4faf73e59b1e81,map_023,map_023,final,0,unknown,unknown,,RECOVERED_LOCAL_local,v3_exact_match,derived-1c6f954ff7dc8568,pathguard_preexec_v2.0.0,npz_pre_execution_arrays_only,,245.30488462385864,1228,0.19992248135603802,0.20000000000000107,0.20000000000001705,0.012790864611415206,0.013096166428223779,0.1853086655636826,3.976054972796479e-14,0.008924800034419669,0.17522049819663316,0.18244658038240272,0.0017595663868015304,0.038117719492128666,0.01317690503993074,0.0,0.0,0.0,0.0,0.0,0.0,0.0,17.779538128553163,35.89810724121545,18.636772312676847,33.08554654363899,35.40524070329157,0.049286680105811394,0.5748805921942327,0.19575872081915807,3.8770086806099893,1.8940315765204274,-0.39143249543538317,0.1200811765626191,0.984,3.9178092778096764e-13,0.47952928057731825,0.8272918603527337,0.024502766205660224,0.7336536005362271,0.1674864541672733,0.05948566853079951,0.835706859196459,0.45742126457247234,0.016032494242547504,0.3288060794350437,0.09923104978890723,2.4,2.4,2.4,0.17717080545882297,0.2732157250996162,2.3999999999999773,2.3999999999999773,12
sample_e73f6bb7e1a5baa7cfaf,d1e260ddce66610ba7bc4165f8d8ca4c3aaf2c74daed561e8df839e54a50eec4,map_013,map_013,final,1,five_axis,explicit,5,RECOVERED_LOCAL_local,v3_exact_match,6e898ff7ac46a278,pathguard_preexec_v2.0.0,npz_pre_execution_arrays_only,,1588.301982222156,7955,0.1996859419439472,0.19990559538780417,0.20014542830176368,0.004123142918719618,0.004144934695167942,0.058904087508338684,0.0026778073799914614,0.00915759950449931,0.013451009326526295,0.025424355204796058,0.00017119005928257298,0.02264752409284143,0.0005499028891357327,0.00016153302096591704,0.16242874954369116,355.4364450518538,0.0,1.5282774856242487,4247.644436615567,0.0,28.439131634316254,48.84208302647479,27.476964708272096,38.14947988823789,43.65978254451105,0.09190768096795163,0.22048587942082365,2.1982727708292007,5.1474757755995775,4.72272900463988,-0.6600048761692373,0.0,0.0,0.0,0.0,0.0,0.0,0.0,0.0,0.09444848980620243,0.5459567728097683,0.22821122143259298,0.0028406729532549895,0.2209726466779518,0.010052804637013638,3.300928325746873,4.033093585113818,3.300928325746873,0.02846391075796766,0.0,3.3030914419840722,4.0350854399630585,10
sample_e78784bc73a8e73f30d0,6fb4bea2b8dd8dbddba854e2a82f43243be1e978603119c52cc9ae59c1b3fce0,map_013,map_013,final,1,five_axis,explicit,5,RECOVERED_LOCAL_local,v3_exact_match,c55daff1b698d1f4,pathguard_preexec_v2.0.0,npz_pre_execution_arrays_only,,1588.301982222156,7955,0.1996859419439472,0.19990559538780417,0.20014542830176368,0.004123142918719618,0.004144934695167942,0.058904087508338684,0.0026778073799914614,0.00915759950449931,0.013451009326526295,0.025424355204796058,0.00017119005928257298,0.02264752409284143,0.0005499028891357327,0.00016153302096591704,0.16242874954369116,355.4364450518538,0.0,1.5282774856242487,4247.644436615567,0.0,29.18007784247157,49.53027286932336,28.828804487513477,38.70622398496111,44.42065367264238,0.09433526829966211,0.2280895066489466,2.3034682681994507,5.593101142227909,4.814483957336016,-0.6723934145513152,0.0,0.0,0.0,0.0,0.0,0.0,0.0,0.0,0.09444848980620243,0.5459567728097683,0.22821122143259298,0.0028406729532549895,0.2209726466779518,0.010052804637013638,3.300928325746873,4.033093585113818,3.300928325746873,0.02846391075796766,0.0,3.3030914419840722,4.0350854399630585,10
sample_e7fb94a1e71f71c77d27,c6f5ebee8d04a7e0ca35f9c591a8fcdbc7bed1d36198c6b7b3303f2d2b9302a4,map_016,map_016,final,0,six_axis,explicit,6,RECOVERED_LOCAL_local,v3_exact_match,2e3182561ba5e89c,pathguard_preexec_v2.0.0,npz_pre_execution_arrays_only,,229.263481163718,1148,0.1998809774749067,0.20000000000000107,0.20000000000001705,-0.0012540262412447075,0.017658317887093926,0.05974329540323315,0.012048606617826713,0.0465376258359184,0.05258377671377899,0.058511530025674365,0.0014291338844495513,0.008778265485625616,0.004723684588522603,0.0,0.0,0.0,0.0,0.0,0.0,0.0,12.284250158775944,25.134765958163115,10.72424090943245,20.931869133144282,24.257461553737375,0.14371316909085477,0.39523593622646847,1.2488058293758921,4.028078146733354,3.497111498106437,-0.6980264175076012,0.13606434367758094,0.45600434121495875,0.09242218629301496,0.35884467118973473,0.4038939663093876,0.010933523315910776,0.06842164856911664,0.03606520009127623,0.1891734807324915,0.4872421538203962,0.4536307788743571,0.012167981230735479,0.0903253270686537,0.031859810631945595,2.3034392675109165,2.305727861091533,2.3034392675109165,0.05507211850115066,0.03445488537322822,2.305727634747351,2.308178603684681,12
sample_e88a290cb61dec1f0101,f90456e58f4d322e53152aa32c921f5ee21170c22d35e70981ff4ff5e254e35d,map_023,map_023,final,0,unknown,unknown,,RECOVERED_LOCAL_local,v3_exact_match,derived-1c6f954ff7dc8568,pathguard_preexec_v2.0.0,npz_pre_execution_arrays_only,,245.30488462385864,1228,0.19992248135603802,0.20000000000000107,0.20000000000001705,0.012790023430496506,0.01279002343066062,0.17145411414045775,4.6850969346009084e-14,0.02453962806327231,0.1379913612215614,0.17122997421423425,0.0017595663868015304,0.038117719492128666,0.01317690503993074,0.0,0.0,0.0,0.0,0.0,0.0,0.0,19.516766388379683,35.94286022974496,20.137044370392918,33.11876127874505,35.43657041757262,0.07721387319169086,0.8928386622040466,0.4692303495481868,6.057072489448188,5.379196054780169,-0.4664467247661156,0.0892718109731536,0.984,3.547649100818716e-13,0.30230409893647386,0.943038503052036,0.008133333307918449,0.2036076367872488,0.06958434931319463,0.07789701742207333,0.9599381992193159,0.8399019072385449,0.008134605061550044,0.15986952853737546,0.06246974937964529,2.4,2.4,2.4,0.16701419150479954,0.08840776718921234,2.3999999999999773,2.3999999999999773,12
sample_e8c0776dd4f3f879a05e,05ce837e0984f4188a8f6422e21873becc7e2011b60b4b2fd89f4764b9be8b61,map_020,map_020,final,1,unknown,unknown,,RECOVERED_LOCAL_local,v3_exact_match,derived-1c6f954ff7dc8568,pathguard_preexec_v2.0.0,npz_pre_execution_arrays_only,,1169.0806023399764,5847,0.19997957617857962,0.20000000000000284,0.20000000000004547,0.00160172930341966,0.003776256477173059,0.019493435761703124,0.0024981536720028313,0.012977859428635987,0.017251119615662218,0.019210439843550153,0.00019724318483022542,0.0038256845666827573,0.0010609750624900065,0.0,0.0,0.0,0.0,0.0,0.0,0.0,26.140595029016687,39.19440512987679,25.88772767334659,36.88671971381992,37.68490532273673,0.08058455064634547,0.2800882444826595,1.886767012338898,6.179703707939536,5.193512704415865,-0.46964358176717075,0.0,0.0,0.0,0.0,0.0,0.0,0.0,0.0,0.08056226067433382,0.34707121688226866,0.2800882444826595,0.004145860745783946,0.05508157629891358,0.01981657353866028,3.992216701217313,3.553276809616091,3.553276809616091,0.01929776545696943,0.0,3.996905043072355,3.758153312967111,12
sample_ea30772900686bbf0aa5,6881d5f3111be9a2fb110a007de16cf2df24a0cdeb29815ff76bf6b259e4ba90,map_013,map_013,final,1,five_axis,explicit,5,RECOVERED_LOCAL_local,v3_exact_match,c55daff1b698d1f4,pathguard_preexec_v2.0.0,npz_pre_execution_arrays_only,,1588.301982222156,7955,0.1996859419439472,0.19990559538780417,0.20014542830176368,0.004123142918719618,0.004144934695167942,0.058904087508338684,0.0026778073799914614,0.00915759950449931,0.013451009326526295,0.025424355204796058,0.00017119005928257298,0.02264752409284143,0.0005499028891357327,0.00016153302096591704,0.16242874954369116,355.4364450518538,0.0,1.5282774856242487,4247.644436615567,0.0,29.66069342033875,50.62504236729306,29.019976512276116,40.1851904124703,45.645659809052376,0.09486149984312486,0.2280061705759718,2.337544774818423,5.5932672856882135,4.814218769548129,-0.6551463582375047,0.0,0.0,0.0,0.0,0.0,0.0,0.0,0.0,0.09507249897672028,0.550869089470545,0.22815209919525686,0.0028476307522668906,0.2222117246044384,0.010045605711493554,3.300928325746873,4.033093585113818,3.300928325746873,0.02846391075796766,0.0,3.3030914419840722,4.0350854399630585,10
sample_ea4683037e1c1728c57e,3fbf4f703b35fd9a0b4985e67537da5ae3d1c34b0faebd8543c9de732800cdfb,map_011,map_011,final,0,unknown,unknown,,RECOVERED_LOCAL_local,v3_exact_match,derived-1c6f954ff7dc8568,pathguard_preexec_v2.0.0,npz_pre_execution_arrays_only,,924.4250472056355,4624,0.19996215600381473,0.19999999999999574,0.20000000000004547,0.005576509951567276,0.009598622112600185,0.04317351931770187,0.006126666381926346,0.02484895684117331,0.03456921048988538,0.0383759112065237,0.00046589031077998665,0.004525914950837387,0.0015585902878387523,0.051096533155650534,0.05527897793773443,0.13792526632460067,0.0772654275642603,0.0009729657992045983,1.0105623504511794,0.001988521441207595,21.129285058478356,35.197916370553564,20.052210708722285,29.631876424943464,31.555701991298832,0.16360181905106125,0.4802345539607474,2.874654786620238,7.000000432938073,6.737964737888647,-0.6848398493217742,0.0,0.0,0.0,0.0,0.0,0.0,0.0,0.0,0.1636021406405223,0.5371344668080271,0.4802345539607474,0.007329238938331013,0.0583163456604866,0.022434161328888508,3.63525505413317,3.746430750787165,3.63525505413317,0.04116668755700845,0.0,3.7180150726298784,3.793898383500984,12
sample_ea629f0b1eac6c995f7e,5ba74e3277e3ac844b7fc4166ee9c525b0f1568510bc987959acd53c7c2f273f,map_009,map_009,final,1,five_axis,explicit,5,RECOVERED_LOCAL_local,v3_exact_match,6e898ff7ac46a278,pathguard_preexec_v2.0.0,npz_pre_execution_arrays_only,,383.9628677347831,1946,0.1974102147736674,0.20081307089417066,0.21223588154423395,-0.003720730294103458,0.004778381539475419,0.06670981924544006,3.6415315207705135e-14,0.010591478767252221,0.03571813924254219,0.06478645687155153,0.000475048956715471,0.013093658612091844,0.0032275062073613353,0.0,0.0,0.0,0.0,0.0,0.0,0.0,25.384476910551413,43.74312431848751,25.036993127478475,38.55968201204885,41.46399252530146,0.05985861124857477,0.3833563941529215,0.8690613050411904,5.086206933602696,4.709374870853874,-0.5398577187013502,0.0,0.0,0.0,0.0,0.0,0.0,0.0,0.0,0.05985861124857477,0.5817096238202373,0.3833563941529215,0.006104724973691151,0.33707272307149816,0.027575964409783688,3.180225920195502,4.451219178340059,3.180225920195502,0.06358204948960372,0.0,3.1992478933512536,4.803127504564893,10
sample_ea89c1072be520065f53,28e7fd2d424eab8dff0c4734524eae10bc8ee7dd77a1252d1c685806cf9e6d2c,map_022,map_022,final,1,five_axis,explicit,5,RECOVERED_LOCAL_local,v3_exact_match,ee1b968983f0d0d8,pathguard_preexec_v2.0.0,npz_pre_execution_arrays_only,,1344.7376956598873,6734,0.19972340645475825,0.1999999999999318,0.20004304934850553,-0.0008980841277320832,0.002582208504819935,0.02117193459994155,0.0010764654181746251,0.006508132258454825,0.008574908519494977,0.019523370161726377,0.00012037555026306421,0.014389321670352742,0.0005029964753419668,0.0,0.0,0.0,0.0,0.0,0.0,0.0,32.63389006009838,48.26155809329438,32.47479813154794,43.413773574178116,44.91628501923417,0.06175644845846336,0.17736475173606125,1.634165007851821,5.468190060847277,4.703362831644781,-0.6040964325168743,0.01581603653452226,0.1312248095408543,0.006534908404177723,0.03976992345735869,0.05252133564745249,0.0007286235550769719,0.08908572558052792,0.003074474389612847,0.060368363544960744,0.34104732123605597,0.18042472630106787,0.002844818684495886,0.23340798453037542,0.013450867051446973,2.5659917217651325,3.0150886339267657,2.5659917217651325,0.02000438759322287,0.021714211916375355,2.58179712666746,3.0230564537794136,10
sample_ebed1c44803cfdc53b9a,da32f701a7063ede4e5dc8944376728525bfdcae3f8f1bae9efc9b3d0f9ce516,map_011,map_011,final,0,unknown,unknown,,RECOVERED_LOCAL_local,v3_exact_match,derived-1c6f954ff7dc8568,pathguard_preexec_v2.0.0,npz_pre_execution_arrays_only,,924.7188280435934,4625,0.19998244551115774,0.19999999999999574,0.20000000000004547,0.0055755376590243075,0.010121908600446603,0.042297828848932496,0.007525373819295832,0.02536133316239363,0.03165092415810914,0.03799893348941437,0.0005292761953476715,0.003529150092363778,0.001522908401278607,0.05112951067801895,0.05522326426306206,0.08835366257197563,0.07717021812443435,0.000533294650806191,0.07007183804269052,0.0020058181240187743,20.01159978053133,34.32497384630908,19.148542,28.752751191772386,30.708048385582963,0.17092861054398334,0.4558558311594912,2.9680905281333554,6.98153454765077,6.688200974809441,-0.587213070277953,0.0,0.0,0.0,0.0,0.0,0.0,0.0,0.0,0.17507699173440192,0.5351312832132286,0.4678784202606684,0.008429953023105929,0.0494642876104609,0.02195116861383937,2.7661651962280462,3.2769777926326964,2.7661651962280462,0.040553804934843216,0.0,2.8684355027086412,3.37206902077731,12
sample_ecdb521d7583dceffcae,4dded82113b3ccf2799ed9953df00e4411e5429b09ec88b740935a74bfc811dc,map_007,map_007,final,1,five_axis,explicit,5,RECOVERED_LOCAL_local,v3_exact_match,ee1b968983f0d0d8,pathguard_preexec_v2.0.0,npz_pre_execution_arrays_only,,342.0714748567459,1712,0.19992488302556746,0.19999999999999574,0.20000000000003126,-0.003058388424259636,0.003144688189343274,0.07562683159345195,2.06350332541176e-09,9.037403014698788e-07,0.03436353288879809,0.06311196152066516,0.0005116839785052554,0.016752495770859827,0.003591781351082575,0.0,0.0,0.0,0.0,0.0,0.0,0.0,22.36559935450474,39.57172379748229,23.5338834662127,35.37380993886735,38.14135117757454,0.021356246794067096,0.24248395551163568,0.15151740881275969,3.3740172754830953,1.415166415608572,-0.41979073674493694,0.019637163019377655,0.4703942016567961,1.2509576243963215e-08,5.478751267306089e-06,0.21470246242262683,0.0031272354445661607,0.1062126801458923,0.021576657473522887,0.021356246794067096,0.4451361388832603,0.24248395551163568,0.002926451533961977,0.10681435728062869,0.025693191193502957,2.4,2.4,2.4,0.058490136563565484,0.060642804279533315,2.3999999999999773,2.3999999999999773,10
sample_edbd374f18848c034f77,6cd00a0caab5793c09c10a0aa2cad19fa415c95499a2a084d2ccb6e4608ec032,map_003,map_003,final,1,unknown,unknown,,RECOVERED_LOCAL_local,v3_exact_match,derived-1c6f954ff7dc8568,pathguard_preexec_v2.0.0,npz_pre_execution_arrays_only,,135.0062653612138,677,0.19971341029765355,0.20000000000000284,0.20000000000000284,0.000569858516593424,0.0025296693251880193,0.0064988096712260334,0.0020413488299757475,0.00546903247476984,0.005993666817997538,0.006434477482921821,0.00029274208804012583,0.0011747222022552158,0.0007847126639033379,0.0005814472342158713,0.0005814472342158713,0.002040419464265142,0.0006240016444785113,8.542466976597276e-05,0.018626761786590174,5.001495692269469e-05,20.052817638512984,24.975752729490853,21.907352518612015,24.20086135412477,24.56831363583654,0.05522972303789241,0.13699658313106536,1.2281058027351357,3.637174845112376,3.191037787070105,0.4705342659923005,0.0,0.0,0.0,0.0,0.0,0.0,0.0,0.0,0.054072451181402185,0.15200459687740828,0.1327583833445657,0.005977970191782804,0.021544763017440682,0.015797475986978025,4.880439266137323,4.908050672504837,4.880439266137323,0.0059857639410574055,0.0,4.894720712145669,4.915260942636014,12
sample_ee636e67e257db3ef35d,f05ff7a0c3dbddaf276f7cb59ab142189b3d5d34aa0db8dbe24efda5b50d82af,map_012,map_012,final,1,unknown,unknown,,RECOVERED_LOCAL_local,v3_exact_match,derived-1c6f954ff7dc8568,pathguard_preexec_v2.0.0,npz_pre_execution_arrays_only,,469.5335412914201,2349,0.19997169560963377,0.19999999999998863,0.20000000000004547,0.0034914493567972348,0.006142150509989481,0.023209073179349053,0.0054113043214739824,0.013081093654751474,0.018412433929863605,0.022755785916787216,0.00021157287579789247,0.0006477719846481522,0.00045427258366412536,0.038682963747210995,0.06603888726554433,0.10799852195795268,0.09805299987158093,0.001336210181087397,0.16317639063160483,0.002351491670928837,24.30980530570212,35.337677697827054,24.585832564174446,31.203692400850567,33.22421665861133,0.1339533799656759,0.3275184224482356,3.023924581192663,6.194585231580435,5.780006919087193,-0.5313918891479046,0.0,0.0,0.0,0.0,0.0,0.0,0.0,0.0,0.13400682627535407,0.3784679286652459,0.3275184224482356,0.003961062922967149,0.011900911739873288,0.008971756352087933,4.998604469613328,4.998719468112468,4.998604469613328,0.022590821562707822,0.0,4.999190239919922,4.999140832900973,12
sample_ef415458beb27b6e0c24,c6c188f4a04cc0d66869c9c618ff5f2b5a6b2cf28e319121595bdbd5dd48e0bd,map_014,map_014,final,0,five_axis,explicit,5,RECOVERED_LOCAL_local,v3_exact_match,6e898ff7ac46a278,pathguard_preexec_v2.0.0,npz_pre_execution_arrays_only,,1083.530896404707,5424,0.19980285753359892,0.19994455547009693,0.20006947659851448,-0.004180923296275599,0.006157851170942098,0.031626747211942,0.0033442736765011472,0.016660288978524763,0.018714518418411024,0.02985221595030877,0.00022488248132181648,0.0033221967073962496,0.0011511400771632018,-0.0467650918369683,0.21611552639167117,466.9988417051766,0.0,1.4187661593182181,2543.804238462322,0.0,24.217275677530345,45.257981448390794,21.367658355668446,39.33768418091607,41.96820072304138,0.10475965986406167,0.2997955828709372,1.958770710593206,5.530187704100619,4.881287195453251,-0.6774726627534763,0.0,0.0,0.0,0.0,0.0,0.0,0.0,0.0,0.10475965986406167,0.41124763508449963,0.2997955828709372,0.003532245668124325,0.0821342187481791,0.015867930986267452,4.726559644358524,4.434850585763018,4.434850585763018,0.03041991306010845,0.0,4.726741221196208,4.438152842103163,10
sample_efb51249f6c512e19439,211a37163368907416641b3223fdbef42c011f85d7cb7e6f30f52229a723b332,map_008,map_008,final,0,unknown,unknown,,RECOVERED_LOCAL_local,v3_exact_match,derived-1c6f954ff7dc8568,pathguard_preexec_v2.0.0,npz_pre_execution_arrays_only,,344.25682703722987,1723,0.19991685658375719,0.19999999999999574,0.20000000000004547,0.004558709559105483,0.004694433385431389,0.09866239095663525,9.13453496362672e-05,0.00478162639291152,0.03457438251114515,0.09652731549984793,0.0005866350411371663,0.012353393490324605,0.004835795870251066,0.0,0.0,0.0,0.0,0.0,0.0,0.0,25.955061406091534,45.3889890788686,26.19035499528877,41.360698847489886,44.17860255858294,0.04519438052099478,0.34047027127325563,0.47395627260591855,6.9331191926886016,3.43896638729049,-0.4203790929918445,0.0,0.0,0.0,0.0,0.0,0.0,0.0,0.0,0.04519449260385252,0.8270659685526869,0.34047027127325563,0.005198316541656562,0.11498965147151496,0.03713452320018547,4.733068608620514,4.855138928496239,4.733068608620514,0.09165600295901584,0.0,4.951469228629678,4.866394761003208,12
sample_f04ca1a138f6bd87c42f,d64bbd3103466a581dc36ff0dac4dc17ce8cdf62fd7ecc61ba293a45646c83ef,map_006,map_006,final,1,six_axis,explicit,6,RECOVERED_LOCAL_local,v3_exact_match,2e3182561ba5e89c,pathguard_preexec_v2.0.0,npz_pre_execution_arrays_only,,273.76009023191335,1370,0.19997084750322378,0.19999999999999996,0.20000000000001705,0.00018097000758689864,0.002560584888714485,0.012302724358111573,0.001999976222991864,0.008048207416336406,0.010531304726451845,0.012099131158765083,0.00018300318464522063,0.0024583724101527767,0.0007020121668536697,0.0,0.0,0.0,0.0,0.0,0.0,0.0,27.82014305134771,34.96417492451905,30.26352774396682,33.72589207690759,34.2499474329553,0.05610396006149729,0.18136973963080164,1.4379418916824676,5.222844917223329,3.734707513000197,-0.7128927681802044,0.0,0.0,0.0,0.0,0.0,0.0,0.0,0.0,0.05610396006149729,0.2532691399935242,0.18136973963080164,0.003960445688279857,0.09433376592870188,0.01443129400394234,4.997748349777071,4.648260114797131,4.648260114797131,0.011535330639153449,0.0,4.997748349777071,4.649074936714755,12
sample_f1f7ace6f4618f22385c,4536dc3b64a7287ab977ee7216de6460c92c84f00cd9154b8b561823c2d343a4,map_022,map_022,final,0,six_axis,explicit,6,RECOVERED_LOCAL_local,v3_exact_match,2e3182561ba5e89c,pathguard_preexec_v2.0.0,npz_pre_execution_arrays_only,,1345.9948946150007,6731,0.19999924139896,0.20000000000000284,0.20000000000004547,-0.0009087962273671713,0.0027934252049361587,0.02205224780667704,0.0016643834454927542,0.006347139308846685,0.010014076885136575,0.02153116158981796,0.00015398357529647125,0.001521395352602207,0.0006168233121426084,2.0347280045468213e-05,0.0010377112823111764,0.4108726259551183,0.0019021880831255333,0.00495117147769549,1.1127800286297873,0.004755470207815492,29.773757355783633,47.89672206615293,29.086617067948296,39.0,43.25210586759045,0.07009937853919809,0.2212695643093684,1.855805212956479,6.200000095141329,5.167925734802743,-0.475985677060357,0.0,0.0,0.0,0.0,0.0,0.0,0.0,0.0,0.07009937853919809,0.3697619978032572,0.2212695643093684,0.0040097806551611485,0.04542392217345681,0.013154623813972064,3.4534859748776006,3.6229527118578737,3.4534859748776006,0.02197511056362794,0.0,3.485331969900204,3.642113768735298,12
sample_f2b8f1885e4d7e4501e5,6fc1d362c80e5051f5ecdc49f9498f54f40b3c325be3434b042679f7a92fd491,map_007,map_007,final,0,unknown,unknown,,RECOVERED_LOCAL_local,v3_exact_match,derived-1c6f954ff7dc8568,pathguard_preexec_v2.0.0,npz_pre_execution_arrays_only,,342.0714748567459,1712,0.19992488302556746,0.19999999999999574,0.20000000000003126,-0.003058388424259636,0.003144688189343274,0.07562683159345195,2.06350332541176e-09,9.037403014698788e-07,0.03436353288879809,0.06311196152066516,0.0005116839785052554,0.016752495770859827,0.003591781351082575,0.0,0.0,0.0,0.0,0.0,0.0,0.0,24.861146397535727,42.46675088770384,25.499374054349772,38.4250200359323,41.267804705741845,0.031168105730274297,0.40255545946042653,0.3187009219966954,5.564426816731643,4.500578000540771,-0.41159997150145633,0.0,0.0,0.0,0.0,0.0,0.0,0.0,0.0,0.031168107982021503,0.6283361383770327,0.40255545946042653,0.004493275107700307,0.1497990252186725,0.023621287863399176,2.4,2.4,2.4,0.058490136563565484,0.0,2.3999999999999773,2.3999999999999773,12
sample_f4289c3151cfe01ce06f,a3f278e7374afbc051a3202cc2f6eedf5f5a495021a7f4de1e617fe9f10a3327,map_017,map_017,final,1,five_axis,explicit,5,RECOVERED_LOCAL_local,v3_exact_match,ee1b968983f0d0d8,pathguard_preexec_v2.0.0,npz_pre_execution_arrays_only,,2054.5953306917904,10274,0.19999954547763948,0.20000000000004547,0.20000000000004547,-0.001311095435849489,0.004736831597397193,0.04779257801174177,0.001779164333307776,0.012267009869587292,0.013616057838315635,0.04720649212115177,0.00019025584608880602,0.004436580389855942,0.0008046092915608901,0.0036195949205810973,0.010403052548903797,0.0423732515600177,0.04165687035823087,0.0001641766318390742,0.009786438417165137,0.0010941573959534728,18.07126027612993,39.823199170817986,17.19838553908587,28.05103202934504,32.92450117635895,0.06620373872160425,0.24469577400147213,1.0355127572690457,4.540493482338082,4.114541072991308,-0.3452861855447308,0.02920116897681563,0.2996261449592125,0.010810411327696473,0.07542806728645664,0.08383510804685476,0.0011732765003233125,0.02801943074517005,0.004936302960865539,0.06620373872160425,0.45377304632132026,0.24469577400147213,0.0029206875868880407,0.05231353277565298,0.011796860190835125,3.9919462048212853,3.993772734306831,3.9919462048212853,0.047389340224180114,0.02402364753850708,3.9963918010157524,3.996571138222755,10
sample_f4ac342a9ca6adfaecaf,f5d58dde50baca7da797f74e3e2dfb5b555902bb12162b0f7e6d07c750ba2fa4,map_005,map_005,final,0,five_axis,explicit,5,RECOVERED_LOCAL_local,v3_exact_match,ee1b968983f0d0d8,pathguard_preexec_v2.0.0,npz_pre_execution_arrays_only,,230.05800443346624,1152,0.19987663287008361,0.20006605515084175,0.20073834173924077,0.004462875405790552,0.006349095685510321,0.02418645924563645,0.005215319755942138,0.011200314865083124,0.01688066486054155,0.02253795355635597,0.0005622764168980599,0.015767325620542963,0.003167530522002864,0.0,0.0,0.0,0.0,0.0,0.0,0.0,22.640978759487624,30.8308202496692,23.522777626332946,30.413603310655986,30.676124382355226,0.1250311526973395,0.17934174983390624,2.8571691438356623,5.491237888488995,3.8827884572140006,-0.7050855377480122,0.037944380089597045,0.13654454251493417,0.031130644696140006,0.06702326316937897,0.10268907652183493,0.0032800715204063125,0.06109104075255137,0.01908050274323223,0.1250311526973395,0.320001447320599,0.17934174983390624,0.008765115529762174,0.2468902942330633,0.04717047818870006,4.030647034392957,4.6984637439708905,4.030647034392957,0.02418645924563645,0.020535203501112643,4.203752257832826,4.988921808461746,10
sample_f93c6e2d04f17fe7dbf6,bfcc991e8c7381fe4833af74251565e8160be3e745f718938f775bb8829430b8,map_005,map_005,final,0,five_axis,explicit,5,RECOVERED_LOCAL_local,v3_exact_match,ee1b968983f0d0d8,pathguard_preexec_v2.0.0,npz_pre_execution_arrays_only,,229.7606818678081,1152,0.19961831613189235,0.19969503896504648,0.19999999995090434,0.004477999706394495,0.0061674194616220136,0.021877941108225274,0.005007567672652202,0.010944326800500734,0.016693565221540276,0.020512136969751862,0.0005658067976415297,0.01570723871839763,0.00337335988971288,0.0,0.0,0.0,0.0,0.0,0.0,0.0,22.946062923487048,30.353713971514264,24.133643292400365,30.186336506712518,30.283035234462158,0.12568220734603694,0.17841224561295713,2.9642341198749484,5.483427894233374,4.552150206260362,-0.6420506345233711,0.037944380089597045,0.13654454251493417,0.031130644696140006,0.06702326316937897,0.10268907652183493,0.003287380411766103,0.061115094790864355,0.0191032299382579,0.12568220734603694,0.31223512551493987,0.17841224561295713,0.009368823483157117,0.24497862469024811,0.049296852811609,4.030647034392957,4.6984637439708905,4.030647034392957,0.021877941108225274,0.02030508248135429,4.203553648185052,4.98600438057722,10
sample_f956aca09bb069668851,9bf82bdc04524e226cebe10e4eddc3a41b69e6f22f13747cacd970a123d82391,map_023,map_023,final,0,unknown,unknown,,RECOVERED_LOCAL_local,v3_exact_match,derived-1c6f954ff7dc8568,pathguard_preexec_v2.0.0,npz_pre_execution_arrays_only,,258.84340871236475,1296,0.19987908008676813,0.20000000000000018,0.20000000000001705,0.012117575468718578,0.018444483831336657,0.10489165126484186,0.0002414659427848792,0.10314135329530683,0.10448524161168044,0.10484168483769842,0.0016300965585089133,0.01764513408572385,0.012498296647083747,0.0,0.0,0.0,0.0,0.0,0.0,0.0,15.215370743227643,33.80517872442901,15.14574863491917,28.71065584009814,31.444346925914285,0.07659855795213061,0.3862315430641135,0.42489997856898576,3.6363661060254073,1.7838992371674212,-0.6356449913477373,0.10075190152940029,0.984,0.0,0.5025189063830642,0.8974672592340451,0.03507479545052907,1.2865753722544466,0.15674346186537147,0.060948537162320064,0.6950385300122386,0.4638916021854359,0.01700758286329056,0.8020161957813645,0.11316570635816992,3.0069473759408454,2.4480024666655003,2.4480024666655003,0.10471231911500307,0.3860334575852789,3.029335416944092,2.4551829003477335,12
sample_f9ae1cee128676ca8df7,f5e4bf63abbb63dc9c26123f0ad0b6a6ed4a614c79b5323ad34354fbf132b4b5,map_003,map_003,final,1,six_axis,explicit,6,RECOVERED_LOCAL_local,v3_exact_match,62e09ce1c354da04,pathguard_preexec_v2.0.0,npz_pre_execution_arrays_only,,135.01434748708945,677,0.19972536610516192,0.20000000000000284,0.20000000000000284,0.0006245106867646461,0.0022498771441465644,0.007724769195925569,0.0010782755987156624,0.0066929152436529665,0.0072459241491912504,0.007694386696837988,0.00025914738202961686,0.0008199758946978008,0.0007571178110591607,0.0006008674549444408,0.0006008674549444408,0.0075621045526190755,0.0006240016444776231,0.00022691625272964534,0.06339049288445153,5.0014956922694864e-05,6.631607513728323,14.572107959288475,6.423994263844917,11.922914493748507,13.332554568595079,0.020697365087395114,0.09477951526546576,0.22111746939312252,1.6367962008496089,1.259547475037044,0.6241911737732255,0.017141529111709065,0.05901824057458284,0.008176197598288387,0.051080447572527374,0.05533279748490698,0.001968264859373162,0.006270029401281893,0.0057758318475424385,0.020697365087395114,0.11232391397473082,0.09477951526546576,0.0028667407600542166,0.00976747540057503,0.008710649444783312,4.999024387904565,4.998009172743315,4.998009172743315,0.007276757043786053,0.005025344078906079,4.999260833858381,4.998907783876518,12
sample_fa4a7c18dc9e40c2ae71,0f52540203463647be7912a74e14895ac6b54c19fa6789c21ab1c6c427df4ead,map_011,map_011,final,1,unknown,unknown,,RECOVERED_LOCAL_local,v3_exact_match,derived-1c6f954ff7dc8568,pathguard_preexec_v2.0.0,npz_pre_execution_arrays_only,,926.0161088059396,4632,0.1999602912558712,0.19999999999999574,0.20000000000004547,0.005568049874665394,0.009384099886973453,0.05007983790014439,0.0049374101190486725,0.025908028885022326,0.03857613194008183,0.04348293067982093,0.0005831813147391373,0.008875932185491507,0.0022891121926522026,0.0509781130236766,0.05521394788088733,0.20906136775965933,0.07730406354727375,0.0012800554006165204,1.70464852802691,0.001998280016252436,18.78484412277185,34.500740947164005,17.359709150625932,29.705754259005246,31.676410695905567,0.1257158180077725,0.3880630849229516,1.7940559631018438,4.745361476549657,4.380264058942507,-0.6407976073800274,0.0,0.0,0.0,0.0,0.0,0.0,0.0,0.0,0.1461365331519848,0.5248229068493623,0.4565448057917077,0.008202658664900353,0.09003387600465806,0.02759057620297971,2.4,2.4,2.4,0.04642678749291186,0.0,2.399999999999636,2.399999999999636,12
sample_fa9508bc16f9aa0dc302,303c90c7c6c9b183423d07600425fccf002622f7b365a47e9bf7adbf563ed490,map_014,map_014,final,0,five_axis,explicit,5,RECOVERED_LOCAL_local,v3_exact_match,6e898ff7ac46a278,pathguard_preexec_v2.0.0,npz_pre_execution_arrays_only,,1083.530896404707,5424,0.19980285753359892,0.19994455547009693,0.20006947659851448,-0.004180923296275599,0.006157851170942098,0.031626747211942,0.0033442736765011472,0.016660288978524763,0.018714518418411024,0.02985221595030877,0.00022488248132181648,0.0033221967073962496,0.0011511400771632018,-0.0467650918369683,0.21611552639167117,466.9988417051766,0.0,1.4187661593182181,2543.804238462322,0.0,23.677580397018072,44.58339835948168,21.262124585076435,38.90860986574193,41.35821520522311,0.10323169901892026,0.2952389031390317,1.9085530523209293,5.601080418019401,4.858102618498695,-0.6592679297803238,0.0,0.0,0.0,0.0,0.0,0.0,0.0,0.0,0.10323169901892026,0.4138737885857643,0.2952389031390317,0.003541023455285454,0.0821342187481791,0.01587352486777247,4.726559644358524,4.434850585763018,4.434850585763018,0.03041991306010845,0.0,4.726741221196208,4.438152842103163,10
sample_fae4ad25bf5303078036,fbf4f3d2a34363c7484b0452419f542a5e0604b4b990f325825ecdc264ae5c90,map_005,map_005,final,0,five_axis,explicit,5,RECOVERED_LOCAL_local,v3_exact_match,ee1b968983f0d0d8,pathguard_preexec_v2.0.0,npz_pre_execution_arrays_only,,230.39381895995038,1152,0.20016839179839302,0.2003123761728034,0.20050611497251936,0.004462942029229,0.0062176422219795534,0.021877941108225274,0.005186705677409309,0.01084751311551611,0.01661353213431949,0.020512136969751862,0.0005692454671961107,0.01570723871839763,0.0034657722705405576,0.0,0.0,0.0,0.0,0.0,0.0,0.0,22.649943800545607,28.87534226355545,24.175911866040128,28.75196712493705,28.806991133545143,0.12591746164511838,0.17628360655734066,2.935465943315487,5.475780507928191,4.3097631618038275,-0.6309481368432351,0.037944380089597045,0.13654454251493417,0.031130644696140006,0.06702326316937897,0.10268907652183493,0.0032845251978188875,0.061115094790864355,0.01909812792769378,0.12591746164511838,0.3102284572755671,0.17628360655734066,0.00933258142201352,0.24625831084432948,0.048851853906608754,4.030647034392957,4.6984637439708905,4.030647034392957,0.021877941108225274,0.020542804069063735,4.199170760942981,4.988921808461746,10
sample_fc64c65b62c243c5641e,b3e2c27138a322fd2ac66cbec25605c4a47d8563563b39f7ce0cf32840d57d56,map_012,map_012,final,1,unknown,unknown,,RECOVERED_LOCAL_local,v3_exact_match,derived-1c6f954ff7dc8568,pathguard_preexec_v2.0.0,npz_pre_execution_arrays_only,,469.50349334419127,2349,0.19995889835783273,0.19999999999998863,0.20000000000004547,0.0034226117272872824,0.006123811925331754,0.022164150718208583,0.0052076266214514735,0.013357969298757695,0.018716372705123965,0.02185548724267762,0.00023502645304474326,0.0013135180667590615,0.0005472161810581846,0.038699550198394946,0.06605556150466643,0.12922237587190466,0.09802221394855622,0.001503240414326163,0.36176850161241525,0.002427848000905869,24.0307789956123,34.71358298445096,24.423088003284416,30.366081929951704,32.53605287128997,0.132991171552455,0.3311615956945559,2.984000873753824,6.200000078467785,5.7393936641509695,-0.5161471497255712,0.0,0.0,0.0,0.0,0.0,0.0,0.0,0.0,0.1329994556030182,0.3704120565851688,0.3311615956945559,0.004566438879207935,0.019927379355721392,0.010527204206810092,4.895323826329724,4.786091370021826,4.786091370021826,0.02176891138302311,0.0,4.913766724010416,4.869435664094453,12
sample_fd599463453eb91769b8,e58d5edb48a5baf163f950233168662561f3c86825392fc2bbcaa92429fc7735,map_011,map_011,final,0,unknown,unknown,,RECOVERED_LOCAL_local,v3_exact_match,derived-1c6f954ff7dc8568,pathguard_preexec_v2.0.0,npz_pre_execution_arrays_only,,924.4498991955882,4624,0.19996753173168683,0.19999999999999574,0.20000000000004547,0.005576762962896542,0.010025293941387311,0.04233019683594962,0.007333011995310988,0.025052774342413767,0.03251500050439829,0.03797540125573424,0.0005459861312027572,0.006881672339158148,0.0018093324768789735,0.05112366375049733,0.05525227391968395,0.08737090149752902,0.07713462883241763,0.0006751157324834641,0.39661024117067933,0.001996125920253527,20.115647979043416,34.32497384630908,19.148542,28.987503773385527,30.923269212884488,0.16954682176258465,0.46761044715251704,2.943233240770584,7.000000389395585,6.707640729145894,-0.5899991119055656,0.0,0.0,0.0,0.0,0.0,0.0,0.0,0.0,0.16954724516163963,0.535208010074238,0.46761044715251704,0.008481534028836307,0.09302409030989443,0.02605417240887269,2.9732499680432705,3.576893833907041,2.9732499680432705,0.04056880420110618,0.0,3.084862339717231,3.6267983310700918,12
sample_fdf942fe1a1d26d7d1e9,f68e290c27526c75cf69b8cc690cf0d521babe8d407711909d55202c32b7d6a4,map_019,map_019,final,1,unknown,unknown,,RECOVERED_LOCAL_local,v3_exact_match,derived-1c6f954ff7dc8568,pathguard_preexec_v2.0.0,npz_pre_execution_arrays_only,,858.9620436770472,4296,0.19999116267218794,0.19999999999998863,0.20000000000004547,0.000664947522097341,0.0019170249800939928,0.020989897616955803,1.0729022494775325e-06,0.009139439033730639,0.018735260576484357,0.018736842668239245,0.00012438163779042924,0.006144500062700595,0.0004451050030708013,0.0,0.0,0.0,0.0,0.0,0.0,0.0,26.400694747992084,38.94034519175844,27.996457272204513,34.99853751354949,36.617794067447655,0.02972527564684795,0.23251519274451932,0.4961082354455118,4.443012575631485,2.9295266146969974,-0.5898991285360052,0.0,0.0,0.0,0.0,0.0,0.0,0.0,0.0,0.03404098795368372,0.3394494868936202,0.2735472855817874,0.002514110759675084,0.08785493500711478,0.01040661063770779,2.4,2.4,2.4,0.019092104120585054,0.0,2.399999999999636,2.399999999999636,12
